disease,0,1,2,3,4,5,6,7,8,9,10,11,12,13,14,15,16,17,18,19,20,21,22,23,24,25,26,27,28,29,30,31,32,33,34,35,36,37,38,39,40,41,42,43,44,45,46,47,48,49,50,51,52,53,54,55,56,57,58,59,60,61,62,63,64,65,66,67,68,69,70,71,72,73,74,75,76,77,78,79,80,81,82,83,84,85,86,87,88,89,90,91,92,93,94,95,96,97,98,99,100,101,102,103,104,105,106,107,108,109,110,111,112,113,114,115,116,117,118,119,120,121,122,123,124,125,126,127
hepatocellular carcinoma,-0.15210725,-0.08040124,0.27399302,-0.1598795,0.39740524,0.048110496,-0.07390703,0.12347416,0.32866278,-0.048541695,0.39724714,-0.20916508,-0.6557399,-0.05440421,0.4314448,-0.0030714169,0.32244125,-0.13532534,-0.11504352,0.058398172,0.34287265,-0.80134654,0.003496507,0.24247862,0.1650568,-0.37391073,0.5315413,0.0026715342,0.16925266,-0.64529246,-0.0064361817,0.18918023,0.08390098,0.049013022,-0.0226976,0.26682627,-0.00821333,-0.4981722,0.36092305,-0.102035776,-0.36918253,0.3109849,-0.16963562,-0.17586966,0.17548853,0.17464192,-0.20394342,-0.23755978,-0.26388147,-0.18158634,-0.09245224,0.5344632,0.42629594,0.1753348,0.25018418,-0.012647273,0.82390076,-0.6274023,-0.15743059,-0.04948821,0.3726016,0.25100908,0.16089097,0.24831657,0.12659124,-0.050959107,-0.15627241,0.20260985,0.40196407,0.5125775,0.04746349,0.124939546,-0.5812765,-0.33633032,0.29376495,0.10617514,0.3956274,0.11400545,-0.14960377,0.17759766,0.008123825,-0.1607248,-0.4952975,0.3245513,0.05011589,0.033687826,-0.095454834,0.045820124,0.31173167,0.18044543,-0.3513274,-0.3961206,-0.15047978,0.07274899,-0.30317914,-0.18892199,-0.035309352,-0.17670584,0.18311746,0.14278245,0.025714228,-0.35351664,0.11486101,0.056452204,0.11839409,0.10265766,-0.64936674,-0.41994265,0.15502566,0.20366852,0.26766583,0.078456484,0.28247413,-0.5734735,-0.05029456,0.053371903,0.6161322,-0.65633464,0.11635096,0.7507463,0.054371953,-0.2566705,0.34386238,-0.24275817,-0.10700869,-0.235304,-0.114074506,-0.053824954
lung adenocarcinoma cancer,-0.18017118,-0.09523537,0.32454488,-0.18937735,0.47072664,0.056986976,-0.087542824,0.14625525,0.38930127,-0.05749769,0.47053948,-0.24775624,-0.7767238,-0.06444168,0.51104635,-0.0036381423,0.381932,-0.16029288,-0.13626908,0.06917257,0.4061328,-0.94919544,0.0041416422,0.28721616,0.19550993,-0.4428974,0.629611,0.0031644797,0.20047991,-0.7643492,-0.0076236473,0.22408403,0.099380806,0.058056097,-0.026885556,0.316056,-0.009728829,-0.5900855,0.4275136,-0.12086153,-0.4372971,0.368362,-0.2009336,-0.20831782,0.20786624,0.20686358,-0.2415711,-0.2813899,-0.3125677,-0.2150889,-0.10950959,0.6330721,0.5049478,0.20768414,0.29634333,-0.0149806,0.9759109,-0.74315816,-0.18647654,-0.05861879,0.44134673,0.29732057,0.19057548,0.29413104,0.14994739,-0.060361136,-0.18510476,0.23999146,0.47612655,0.6071484,0.056220543,0.14799087,-0.68852234,-0.3983834,0.34796473,0.1257645,0.46862102,0.13503952,-0.17720582,0.2103645,0.009622744,-0.19037849,-0.58667964,0.38443136,0.05936223,0.039903216,-0.11306649,0.05427403,0.36924618,0.21373758,-0.41614753,-0.46920484,-0.17824349,0.08617133,-0.35911575,-0.22377828,-0.041823976,-0.20930819,0.21690278,0.16912588,0.03045858,-0.41874075,0.13605279,0.066867694,0.14023793,0.12159803,-0.7691753,-0.49742237,0.18362783,0.2412456,0.31705037,0.09293175,0.33459082,-0.6792799,-0.05957405,0.06321915,0.72980875,-0.77742916,0.13781787,0.8892594,0.06440365,-0.30402642,0.40730512,-0.28754705,-0.12675181,-0.27871773,-0.13512145,-0.063755825
HER2+ positive cancer,-0.16290905,-0.08611078,0.29345053,-0.17123303,0.42562664,0.051526926,-0.07915532,0.13224252,0.35200238,-0.051988814,0.4254572,-0.2240188,-0.7023066,-0.058267467,0.46208298,-0.0032894392,0.34533894,-0.1449354,-0.12321317,0.06254524,0.36722142,-0.8582534,0.0037447296,0.259698,0.17677793,-0.4004636,0.5692884,0.0028612951,0.18127193,-0.6911174,-0.006893205,0.20261458,0.0898592,0.052493658,-0.024309568,0.2857746,-0.008796547,-0.5335492,0.3865536,-0.109281875,-0.3953996,0.3330693,-0.18168208,-0.18835886,0.18795054,0.18704396,-0.21842626,-0.2544299,-0.28262067,-0.19448137,-0.09901754,0.57241756,0.45656884,0.18778606,0.2679507,-0.013545378,0.8824094,-0.6719566,-0.16861029,-0.05300269,0.39906132,0.2688343,0.17231655,0.26595044,0.13558102,-0.054578047,-0.16736992,0.21699789,0.43050912,0.54897743,0.050834116,0.13381195,-0.6225552,-0.36021447,0.31462628,0.113715,0.4237225,0.12210116,-0.16022779,0.19020954,0.008700764,-0.17213865,-0.5304702,0.34759906,0.053674877,0.036080156,-0.10223365,0.049073976,0.33386886,0.19325943,-0.37627646,-0.4242502,-0.16116592,0.07791512,-0.32470903,-0.20233801,-0.03781685,-0.1892545,0.19612111,0.15292194,0.02754035,-0.37862116,0.12301765,0.060461193,0.12680171,0.1099479,-0.6954807,-0.44976446,0.16603455,0.21813177,0.2866739,0.08402801,0.30253372,-0.61419815,-0.053866223,0.05716216,0.6598858,-0.70294356,0.124613576,0.8040597,0.05823321,-0.27489763,0.36828128,-0.25999725,-0.114607856,-0.25201386,-0.122175485,-0.05764724
lung cancer,-0.07641732,-0.040392872,0.13765164,-0.08032203,0.19965285,0.024170276,-0.03713024,0.062032226,0.16511723,-0.024386926,0.19957341,-0.105082676,-0.32943764,-0.027332174,0.21675393,-0.0015430014,0.16199166,-0.067986295,-0.05779684,0.029338723,0.17225613,-0.40258935,0.0017566284,0.12181915,0.08292305,-0.18784939,0.26704156,0.0013421604,0.085030995,-0.32418913,-0.003233472,0.09504244,0.042151067,0.024623698,-0.011403151,0.13405114,-0.004126326,-0.25027722,0.18132451,-0.051261928,-0.18547402,0.15623608,-0.08522342,-0.08835535,0.08816379,0.08773863,-0.10245938,-0.11934797,-0.13257167,-0.09122727,-0.046447128,0.2685095,0.21416722,0.08808662,0.12569024,-0.0063538747,0.41392037,-0.31520113,-0.07909172,-0.024862422,0.1871917,0.12610482,0.080830246,0.12475202,0.0635983,-0.02560145,-0.07850984,0.10178935,0.20194314,0.2575143,0.023845242,0.062768474,-0.2920282,-0.16896932,0.1475848,0.05334145,0.19875968,0.05727533,-0.07515954,0.08922348,0.0040813736,-0.080746666,-0.24883282,0.16305171,0.02517773,0.016924525,-0.047955602,0.023019629,0.15661111,0.09065413,-0.17650373,-0.19900736,-0.07559969,0.036548465,-0.15231445,-0.0949127,-0.017739065,-0.08877539,0.09199647,0.07173258,0.012918529,-0.17760357,0.057705086,0.028361125,0.05948018,0.05157432,-0.326236,-0.21097542,0.077883445,0.10232129,0.13447298,0.03941584,0.14191243,-0.288108,-0.02526755,0.026813595,0.30953932,-0.3297368,0.058453724,0.3771682,0.027316015,-0.128949,0.17275336,-0.121959455,-0.053760234,-0.11821463,-0.057310045,-0.027041215
liver cancer,-0.082802646,-0.043767992,0.14915356,-0.08703358,0.21633548,0.026189867,-0.04023278,0.067215644,0.17891404,-0.02642466,0.21624942,-0.113863155,-0.35696492,-0.029615996,0.23486552,-0.0016719925,0.17552735,-0.07366704,-0.06262622,0.031790137,0.18664962,-0.43622884,0.0019034109,0.13199809,0.08985184,-0.20354584,0.28935516,0.0014543524,0.092136055,-0.35127783,-0.0035036507,0.102983996,0.045673177,0.026681203,-0.012355972,0.14525232,-0.004471118,-0.27119005,0.19647571,-0.055545323,-0.20097183,0.1692909,-0.09234456,-0.095738225,0.09553061,0.09506988,-0.11102065,-0.12932044,-0.14364901,-0.0988501,-0.05032817,0.29094577,0.23206271,0.09544696,0.13619274,-0.0068846997,0.44850665,-0.3415389,-0.0857004,-0.026939856,0.20283313,0.13664183,0.08758418,0.13517606,0.0689124,-0.027740613,-0.08506997,0.110294595,0.21881704,0.27903163,0.025837645,0.068013325,-0.31642944,-0.1830881,0.15991679,0.057798523,0.21536772,0.062061135,-0.0814398,0.096678816,0.00442237,-0.08749376,-0.26962492,0.17667598,0.027281562,0.018338596,-0.05196275,0.024943115,0.16969731,0.09822896,-0.19125208,-0.215636,-0.081916675,0.039602455,-0.16504157,-0.10284345,-0.019221384,-0.09619336,0.09968362,0.07772641,0.013998095,-0.19244382,0.062526844,0.030730965,0.064450264,0.055883743,-0.3534956,-0.22860411,0.084391296,0.110871136,0.14570923,0.04270937,0.15377049,-0.31218183,-0.027378887,0.029054081,0.33540377,-0.35728893,0.063338034,0.40868378,0.029598456,-0.13972373,0.18718828,-0.1321502,-0.05825233,-0.12809242,-0.06209878,-0.029300673
pancreatic cancer,-0.1404898,-0.07426044,0.2530663,-0.14766847,0.36705273,0.044435978,-0.06826228,0.11404355,0.30356064,-0.044834234,0.3669068,-0.1931898,-0.60565645,-0.05024898,0.3984925,-0.0028368256,0.2978144,-0.12498974,-0.106257,0.053937938,0.31668535,-0.74014246,0.0032294642,0.22395898,0.15245023,-0.34535262,0.49094406,0.0024675059,0.15632571,-0.5960074,-0.0059445696,0.17473124,0.07749285,0.045269515,-0.020964082,0.24644703,-0.0075860713,-0.46012363,0.33335704,-0.094242685,-0.34098566,0.287233,-0.15667954,-0.16243744,0.16208522,0.16130348,-0.18836702,-0.21941595,-0.24372703,-0.16771725,-0.08539092,0.49364278,0.3937371,0.16194332,0.23107605,-0.011681262,0.76097417,-0.57948345,-0.14540659,-0.045708466,0.3441435,0.23183794,0.14860265,0.22935094,0.11692257,-0.047067042,-0.14433683,0.1871352,0.3712634,0.47342864,0.043838475,0.11539707,-0.5368808,-0.31064257,0.27132815,0.098065875,0.3654109,0.105298035,-0.13817759,0.1640333,0.007503396,-0.14844915,-0.4574681,0.29976323,0.046288107,0.031114936,-0.0881644,0.042320542,0.2879226,0.16666354,-0.32449415,-0.36586612,-0.13898653,0.06719265,-0.2800235,-0.17449275,-0.032612592,-0.16320956,0.16913158,0.13187715,0.02375021,-0.32651624,0.106088206,0.05214056,0.10935151,0.09481706,-0.59977007,-0.3878689,0.14318529,0.18811315,0.24722245,0.07246425,0.26089966,-0.5296737,-0.04645325,0.049295664,0.5690741,-0.6062061,0.1074645,0.6934067,0.05021929,-0.23706679,0.31759927,-0.22421698,-0.098835714,-0.21733226,-0.10536191,-0.049714003
renal cell carcinoma cancer,-0.11451455,-0.060530324,0.20627671,-0.12036576,0.29918796,0.03622016,-0.055641204,0.09295799,0.24743491,-0.03654477,0.29906896,-0.15747079,-0.49367607,-0.040958323,0.32481465,-0.002312291,0.24275121,-0.10188024,-0.086610906,0.043965336,0.25813305,-0.6032968,0.0026323104,0.182551,0.124263495,-0.28150013,0.40017277,0.0020112875,0.12742245,-0.48581085,-0.0048454986,0.14242496,0.063165136,0.036899626,-0.017088018,0.20088108,-0.0061834264,-0.37505078,0.27172232,-0.07681808,-0.27794042,0.23412623,-0.12771083,-0.13240409,0.1321172,0.13147993,-0.15353969,-0.17884786,-0.19866411,-0.13670786,-0.0696029,0.40237257,0.3209385,0.13200149,0.1883521,-0.009521458,0.6202769,-0.4723421,-0.11852215,-0.037257418,0.28051445,0.18897322,0.1211274,0.186946,0.095304646,-0.038364746,-0.117650285,0.15253551,0.30261996,0.38589582,0.035733126,0.09406117,-0.43761635,-0.25320753,0.22116205,0.07993436,0.29784966,0.08582935,-0.11262974,0.13370495,0.006116047,-0.1210022,-0.37288624,0.24433969,0.037729863,0.025362039,-0.07186368,0.034495845,0.23468825,0.13584898,-0.26449814,-0.2982207,-0.113289244,0.054769427,-0.22824955,-0.1422306,-0.026582753,-0.13303366,0.1378606,0.107494205,0.019358931,-0.26614648,0.08647351,0.042500265,0.08913344,0.07728617,-0.48887828,-0.3161555,0.116711594,0.1533327,0.20151326,0.059066236,0.21266161,-0.43174174,-0.037864536,0.04018127,0.4638574,-0.4941239,0.0875953,0.5652021,0.04093421,-0.19323535,0.25887808,-0.18276128,-0.08056194,-0.17714944,-0.085881524,-0.040522467
sarcoma,-0.083492644,-0.04413276,0.15039647,-0.08775885,0.2181382,0.026408195,-0.040568024,0.06777572,0.18040504,-0.026644815,0.21805136,-0.11481209,-0.35993955,-0.02986277,0.23682271,-0.0016858819,0.17699009,-0.07428099,-0.06314816,0.032055087,0.18820491,-0.43986413,0.001919307,0.13309804,0.090600766,-0.2052419,0.29176632,0.0014664236,0.09290377,-0.35420516,-0.0035328118,0.103842214,0.046053767,0.026903534,-0.012458901,0.14646266,-0.0045083384,-0.27344984,0.19811298,-0.056008138,-0.2026466,0.17070164,-0.09311409,-0.096536,0.09632663,0.09586212,-0.11194589,-0.1303981,-0.14484619,-0.0996738,-0.050747514,0.29337034,0.23399661,0.09624233,0.13732761,-0.006942171,0.45224428,-0.3443851,-0.08641457,-0.027164403,0.20452332,0.13778046,0.08831412,0.13630253,0.06948676,-0.02797184,-0.085778825,0.111213796,0.22064054,0.28135702,0.026053041,0.06858003,-0.31906635,-0.1846138,0.1612494,0.05828017,0.21716247,0.06257825,-0.08211851,0.09748451,0.0044592544,-0.08822291,-0.27187175,0.17814822,0.027508898,0.018491512,-0.05239577,0.025150975,0.17111139,0.099047564,-0.19284578,-0.2174329,-0.082599305,0.03993241,-0.16641697,-0.1037004,-0.019381573,-0.09699489,0.10051427,0.07837417,0.014114766,-0.1940475,0.06304786,0.030987022,0.06498727,0.056349386,-0.35644138,-0.23050915,0.08509444,0.111794986,0.14692348,0.043065283,0.15505178,-0.31478328,-0.027606998,0.029296253,0.33819866,-0.36026633,0.06386583,0.41208932,0.029845152,-0.14088807,0.1887481,-0.13325146,-0.05873781,-0.12915975,-0.06261627,-0.029544864
squamous cell cancer,-0.1360166,-0.07189598,0.24500863,-0.14296669,0.35536572,0.04302118,-0.06608877,0.11041241,0.2938953,-0.04340672,0.35522437,-0.18703865,-0.5863723,-0.048649013,0.38580433,-0.002746502,0.28833196,-0.12100998,-0.10287363,0.052220542,0.30660203,-0.71657634,0.0031266958,0.21682818,0.14759628,-0.33435655,0.4753122,0.0023889781,0.15134823,-0.5770305,-0.0057552983,0.16916776,0.07502546,0.043828182,-0.020296616,0.23860021,-0.0073445127,-0.4454732,0.32274282,-0.091241986,-0.33012858,0.27808753,-0.15169081,-0.15726534,0.15692441,0.15616757,-0.18236934,-0.2124297,-0.23596682,-0.16237713,-0.082672074,0.47792515,0.3812003,0.15678701,0.2237184,-0.011309351,0.73674494,-0.5610325,-0.14077672,-0.044253152,0.3331859,0.22445616,0.14387122,0.22204848,0.11319985,-0.045568496,-0.13974111,0.18117681,0.3594423,0.45835453,0.042442534,0.11172277,-0.5197862,-0.3007516,0.262689,0.09494338,0.3537761,0.101945415,-0.13377799,0.15881059,0.0072644986,-0.1437225,-0.4429024,0.29021883,0.04481436,0.030124165,-0.08535714,0.04097309,0.2787552,0.16135694,-0.31416228,-0.35421684,-0.13456129,0.0650533,-0.27110735,-0.16893686,-0.031574167,-0.15801309,0.16374628,0.12767819,0.022994043,-0.31611994,0.10271052,0.05048045,0.10587,0.0917981,-0.5806735,-0.37551925,0.13862632,0.18212365,0.23935093,0.070157036,0.25259262,-0.5128088,-0.04497423,0.04772606,0.5509547,-0.5869045,0.1040428,0.6713286,0.048620276,-0.22951858,0.3074868,-0.21707784,-0.09568881,-0.21041238,-0.10200725,-0.048131224
melanoma,-0.0743764,-0.039314013,0.13397521,-0.078176714,0.19432037,0.023524737,-0.03613859,0.060375534,0.16070719,-0.023735551,0.19424307,-0.10227615,-0.32063898,-0.026602136,0.2109648,-0.0015018551,0.15766515,-0.06617049,-0.056253154,0.028555105,0.1676555,-0.39183697,0.0017096965,0.11856557,0.08070826,-0.18283223,0.2599094,0.0013063236,0.082759984,-0.3155307,-0.0031470791,0.09250397,0.04102533,0.023966013,-0.011098543,0.13047087,-0.0040161177,-0.24359277,0.17648166,-0.049892772,-0.18052033,0.15206331,-0.08294726,-0.085995555,0.085809104,0.08539528,-0.099722855,-0.116160385,-0.12903088,-0.08879078,-0.04520656,0.26133808,0.20844729,0.08573397,0.12233328,-0.006184122,0.40286526,-0.3067829,-0.07697929,-0.024198418,0.18219209,0.12273671,0.078671366,0.121420115,0.06189968,-0.024917655,-0.076412946,0.09907073,0.19654958,0.2506365,0.023208383,0.061092027,-0.2842285,-0.16445652,0.14364322,0.051916745,0.19345118,0.055745564,-0.073152214,0.08684048,0.003972305,-0.0785901,-0.24218701,0.15869686,0.024505315,0.016472463,-0.046674818,0.02240479,0.15242833,0.08823291,-0.17178962,-0.19369212,-0.07358058,0.03557235,-0.1482464,-0.09237773,-0.017265338,-0.08640435,0.08953938,0.06981672,0.01257347,-0.1728601,0.056163948,0.027603628,0.05789148,0.05019681,-0.3175228,-0.20534071,0.075803325,0.09958847,0.1308814,0.038363133,0.13812225,-0.28041306,-0.024592746,0.026097417,0.30127195,-0.32093,0.05689252,0.36709476,0.026586477,-0.12550493,0.16813937,-0.118702166,-0.052324425,-0.11505732,-0.055779424,-0.026318979
clear cell renal cell carcinoma cancer,-0.07225909,-0.038194943,0.13016132,-0.07595128,0.18878877,0.02285508,-0.03510976,0.05865683,0.1561324,-0.023059906,0.1887136,-0.09936468,-0.31151143,-0.025844855,0.20495933,-0.0014590613,0.15317693,-0.06428683,-0.054651875,0.027742283,0.16288295,-0.3806824,0.0016610463,0.115190364,0.07841078,-0.17762767,0.25251067,0.0012690915,0.080404036,-0.30654854,-0.003057494,0.08987079,0.039857443,0.023283819,-0.010782638,0.12675677,-0.003901781,-0.2366585,0.17145781,-0.048472483,-0.17538148,0.14773458,-0.08058606,-0.08354755,0.08336638,0.08296433,-0.0968841,-0.11285368,-0.12535778,-0.08626311,-0.043919735,0.2538987,0.20251343,0.08329341,0.11885089,-0.0060080937,0.39139697,-0.29804975,-0.07478791,-0.023509562,0.17700563,0.11924278,0.07643187,0.11796368,0.0601376,-0.024208376,-0.074237786,0.096250534,0.1909545,0.24350178,0.022547737,0.059352968,-0.27613744,-0.15977493,0.13955404,0.05043887,0.18794423,0.0541587,-0.07106982,0.084368445,0.0038592627,-0.07635288,-0.23529273,0.15417932,0.023807721,0.016003525,-0.045346197,0.021767017,0.1480892,0.08572123,-0.16689932,-0.18817832,-0.07148594,0.03455965,-0.14402635,-0.08974805,-0.016773812,-0.08394473,0.086990535,0.06782931,0.012215646,-0.16793936,0.054565083,0.026817854,0.05624357,0.04876786,-0.30848387,-0.19949527,0.07364546,0.09675351,0.1271556,0.03727104,0.13419034,-0.2724307,-0.02389265,0.025354534,0.2926957,-0.31179422,0.055272922,0.35664466,0.025829647,-0.121932216,0.16335307,-0.1153231,-0.050834868,-0.11178202,-0.054191492,-0.02556979
Synovial sarcoma cancer,-0.06922919,-0.036593348,0.12470353,-0.07276655,0.18087268,0.021896712,-0.033637583,0.056197237,0.1495857,-0.02209294,0.18080072,-0.095198184,-0.29844943,-0.02476114,0.19636518,-0.0013978855,0.14675401,-0.061591182,-0.05236027,0.026579024,0.15605307,-0.36472017,0.0015913942,0.110360324,0.07512293,-0.17017962,0.24192256,0.0012159204,0.077032596,-0.2936946,-0.0029293166,0.08610235,0.038186193,0.02230749,-0.010330488,0.12144179,-0.0037381374,-0.22673513,0.16426839,-0.04643999,-0.16802748,0.14153987,-0.077206954,-0.080044284,0.07987069,0.07948557,-0.09282161,-0.108121604,-0.120101415,-0.08264607,-0.042078134,0.24325244,0.19402175,0.07980079,0.11386731,-0.0057561793,0.37498546,-0.2855522,-0.07165202,-0.022523746,0.16958372,0.11424279,0.073227,0.11301729,0.057615925,-0.023193259,-0.07112491,0.09221459,0.18294755,0.23329134,0.021602249,0.05686427,-0.26455873,-0.15307541,0.13370244,0.04832393,0.18006353,0.051887784,-0.06808975,0.080830745,0.0036974577,-0.0731513,-0.22542664,0.14771435,0.022809427,0.015332464,-0.04344479,0.02085432,0.1418797,0.08212683,-0.15990104,-0.18028784,-0.068488516,0.033110563,-0.1379871,-0.08598483,-0.016070444,-0.080424845,0.08334295,0.064985126,0.011703356,-0.16089748,0.052277096,0.025693333,0.05388524,0.046722993,-0.295549,-0.19113022,0.07055741,0.092696525,0.121823855,0.035708226,0.12856354,-0.2610074,-0.02289075,0.024291454,0.28042272,-0.29872027,0.052955285,0.3416902,0.024746561,-0.116819486,0.15650345,-0.11048746,-0.04870333,-0.107094906,-0.05191929,-0.02449763
esophageal cancer,-0.2297594,-0.121446736,0.41386908,-0.24149923,0.6002839,0.07267119,-0.11163693,0.1865088,0.4964479,-0.07332287,0.6000451,-0.3159459,-0.99050045,-0.08217767,0.65170133,-0.0046394374,0.48705053,-0.20441023,-0.17377439,0.08821104,0.5179119,-1.2104415,0.005281297,0.3662661,0.2493197,-0.5647957,0.8028977,0.004035614,0.25565785,-0.9747202,-0.009721907,0.28575844,0.12673298,0.07403448,-0.034285035,0.40304324,-0.012406229,-0.75249356,0.5451775,-0.15412606,-0.55765367,0.46974576,-0.2562364,-0.26565263,0.26507664,0.2637983,-0.30805838,-0.3588365,-0.39859533,-0.27428728,-0.13964994,0.80731124,0.6439236,0.264845,0.37790537,-0.019103672,1.2445096,-0.9476967,-0.23780042,-0.074752435,0.5628174,0.37915173,0.24302758,0.37508443,0.19121745,-0.07697425,-0.23605081,0.3060439,0.6071703,0.7742528,0.07169436,0.1887224,-0.878023,-0.5080296,0.4437344,0.16037829,0.597599,0.17220618,-0.22597767,0.26826257,0.01227114,-0.242776,-0.7481512,0.49023774,0.07570039,0.05088575,-0.1441857,0.06921135,0.47087315,0.2725642,-0.5306833,-0.5983438,-0.22730094,0.109887876,-0.4579549,-0.28536808,-0.05333513,-0.26691595,0.27660063,0.21567416,0.03884151,-0.53399,0.1734986,0.08527129,0.17883572,0.15506561,-0.9808738,-0.6343273,0.23416758,0.3076431,0.40431193,0.11850916,0.42667973,-0.86623687,-0.075970724,0.08061864,0.9306727,-0.9913998,0.17574927,1.1340085,0.082129225,-0.38770312,0.51940715,-0.36668834,-0.16163749,-0.35542884,-0.17231047,-0.08130324
thyroid carcinoma cancer,-0.24297667,-0.12843294,0.43767726,-0.2553919,0.6348159,0.076851726,-0.11805947,0.19723801,0.5250064,-0.07754081,0.6345633,-0.33412093,-1.0474802,-0.086905114,0.6891907,-0.004906278,0.51506853,-0.2161692,-0.18377092,0.093285315,0.54770565,-1.2800729,0.0055854064,0.38733613,0.26366204,-0.5972858,0.8490854,0.004267643,0.27036476,-1.0307921,-0.010280872,0.30219686,0.13402337,0.078293346,-0.036257405,0.42622897,-0.013120147,-0.79578173,0.5765391,-0.16299258,-0.5897332,0.49676824,-0.27097645,-0.2809348,0.28032568,0.27897343,-0.3257798,-0.37947887,-0.42152464,-0.29006624,-0.1476831,0.85375273,0.6809662,0.28008017,0.3996448,-0.020202564,1.316101,-1.0022143,-0.25148004,-0.07905268,0.5951944,0.4009627,0.25700814,0.39666158,0.20221727,-0.08140236,-0.2496297,0.3236494,0.64209825,0.8187921,0.075818405,0.19957858,-0.9285325,-0.5372548,0.46926084,0.16960435,0.6319763,0.18211249,-0.23897757,0.2836949,0.01297705,-0.25674218,-0.79118913,0.5184391,0.08005517,0.053813107,-0.1524799,0.073192954,0.49796063,0.28824383,-0.56121135,-0.6327637,-0.24037659,0.116209544,-0.48429903,-0.30178434,-0.05640315,-0.28227052,0.29251197,0.2280808,0.041075725,-0.56470805,0.18347907,0.09017673,0.1891231,0.1639857,-1.0373002,-0.6708178,0.24763826,0.32534078,0.4275706,0.12532671,0.4512251,-0.9160682,-0.08034073,0.08525622,0.9842111,-1.0484313,0.1858597,1.1992439,0.08685392,-0.41000602,0.5492868,-0.38778245,-0.1709361,-0.37587535,-0.18222277,-0.08598032
colorectal cancer,-0.115383655,-0.0609898,0.2078423,-0.12127935,0.30145875,0.0364951,-0.056063414,0.09366331,0.24931294,-0.036822096,0.30133894,-0.15866588,-0.4974229,-0.04126925,0.32728004,-0.0023297404,0.24459362,-0.10265344,-0.087268434,0.044299003,0.26009214,-0.6078754,0.0026522765,0.18393655,0.12520683,-0.28363657,0.40320998,0.0020265353,0.12838961,-0.4894979,-0.0048822435,0.14350599,0.06364457,0.037179735,-0.017217755,0.20240584,-0.0062304176,-0.37789738,0.27378464,-0.07740109,-0.28005,0.23590323,-0.12868017,-0.13340916,0.13311982,0.13247783,-0.15470497,-0.18020527,-0.20017192,-0.13774537,-0.07013123,0.40542665,0.32337436,0.13300316,0.18978168,-0.00959378,0.6249846,-0.47592708,-0.11942176,-0.037540108,0.28264347,0.19040745,0.122046724,0.18836494,0.09602798,-0.038655996,-0.118543185,0.15369317,0.30491677,0.38882476,0.036004316,0.09477512,-0.44093752,-0.25512928,0.2228405,0.080541015,0.3001101,0.086480826,-0.11348459,0.13471982,0.006162452,-0.12192059,-0.37571654,0.24619421,0.038016226,0.025554497,-0.07240888,0.034757644,0.23646954,0.13687997,-0.2665057,-0.3004841,-0.11414912,0.055185053,-0.22998193,-0.14331008,-0.026784452,-0.13404329,0.13890679,0.10831006,0.019506013,-0.26816636,0.087129764,0.04282283,0.08980995,0.07787281,-0.4925886,-0.318555,0.11759737,0.15449636,0.20304269,0.059514567,0.2142757,-0.43501854,-0.03815182,0.040486265,0.46737793,-0.49787444,0.088260114,0.56949174,0.041244872,-0.19470188,0.26084277,-0.1841484,-0.081173286,-0.17849399,-0.08653323,-0.040829953
uterus cancer,-0.082542054,-0.04363025,0.14868422,-0.08675963,0.21565466,0.026107479,-0.040106114,0.0670041,0.17835113,-0.026341423,0.21556884,-0.113504834,-0.3558416,-0.029522797,0.23412631,-0.0016667258,0.17497504,-0.07343523,-0.06242919,0.031690165,0.1860622,-0.43485612,0.0018973668,0.13158269,0.08956916,-0.20290525,0.28844455,0.0014497674,0.0918461,-0.35017243,-0.003492573,0.10265993,0.045529436,0.026597267,-0.012317058,0.14479503,-0.0044570025,-0.27033657,0.1958574,-0.055370465,-0.20033939,0.16875815,-0.09205395,-0.095436946,0.095229976,0.0947707,-0.110671304,-0.12891355,-0.14319703,-0.09853894,-0.05016973,0.29003,0.2313324,0.09514658,0.13576417,-0.0068631093,0.44709533,-0.3404641,-0.085430786,-0.026855083,0.20219472,0.13621183,0.08730859,0.1347507,0.068695545,-0.027653292,-0.084802225,0.10994759,0.21812855,0.27815357,0.02575647,0.0677993,-0.31543365,-0.18251197,0.15941347,0.057616666,0.2146899,0.06186584,-0.0811835,0.096374564,0.00440843,-0.08721835,-0.26877648,0.17612001,0.027195731,0.018280935,-0.051799234,0.02486461,0.16916338,0.09791988,-0.19065025,-0.21495745,-0.08165883,0.03947777,-0.16452219,-0.10251974,-0.019160833,-0.09589062,0.09936979,0.0774818,0.013953934,-0.19183828,0.06233004,0.030634137,0.064247385,0.055707883,-0.35238323,-0.22788478,0.08412574,0.110522166,0.14525072,0.04257495,0.1532865,-0.3111993,-0.027292702,0.02896271,0.33434823,-0.3561646,0.063138686,0.40739757,0.029505288,-0.13928396,0.1865993,-0.13173437,-0.05806904,-0.12768936,-0.061903365,-0.029208476
ovarian cancer,-0.09017898,-0.047667015,0.16244058,-0.09478687,0.23560736,0.028523069,-0.04381686,0.0732033,0.19485258,-0.028778603,0.23551372,-0.12400654,-0.38876465,-0.032254286,0.25578815,-0.001820941,0.19116403,-0.08022958,-0.06820522,0.03462218,0.20327698,-0.47508988,0.0020729247,0.143757,0.09785622,-0.22167853,0.31513196,0.0015838736,0.10034385,-0.38257098,-0.0038157543,0.11215815,0.049741954,0.029058065,-0.01345661,0.15819187,-0.00486943,-0.2953486,0.21397845,-0.060493425,-0.21887527,0.18437193,-0.100570984,-0.10426691,0.10404088,0.103539005,-0.12091077,-0.14084072,-0.15644592,-0.10765597,-0.054811537,0.3168642,0.2527356,0.10394974,0.1483253,-0.0074981013,0.4884615,-0.37196442,-0.09333496,-0.029339777,0.2209022,0.14881435,0.095386505,0.14721803,0.07505137,-0.03021184,-0.09264843,0.12012019,0.23831023,0.30388895,0.02813938,0.07407219,-0.34461817,-0.19939828,0.1741628,0.06294744,0.23455347,0.067589805,-0.0886947,0.10529128,0.0048163603,-0.09528802,-0.29364416,0.19241506,0.029711863,0.01997231,-0.056591716,0.02716516,0.18481453,0.106979564,-0.20828947,-0.23484565,-0.089214034,0.043130275,-0.1797441,-0.1120051,-0.020933656,-0.104762524,0.108563825,0.08465066,0.015245036,-0.20958753,0.06809697,0.03346855,0.07019162,0.060862046,-0.3849864,-0.2489691,0.09190921,0.12074788,0.15868951,0.046514075,0.16746882,-0.33999205,-0.029817842,0.03164237,0.36528283,-0.38911748,0.06898035,0.4450907,0.032235224,-0.1521708,0.20386365,-0.14392263,-0.063441664,-0.13950334,-0.06763075,-0.03191093
T cell leukemia cancer,-0.21613285,-0.11424388,0.38932344,-0.22717649,0.5646826,0.06836128,-0.1050161,0.17544748,0.46700463,-0.06897407,0.5644578,-0.29720774,-0.93175614,-0.07730405,0.61304975,-0.004364236,0.45816442,-0.19228697,-0.163468,0.08297938,0.48719597,-1.1386526,0.0049679107,0.3445437,0.2345331,-0.5312986,0.7552797,0.0037961705,0.24049507,-0.9169119,-0.009145352,0.26881054,0.11921694,0.0696437,-0.03225176,0.37913978,-0.01167046,-0.70786524,0.5128442,-0.14498521,-0.52458006,0.44188577,-0.24103923,-0.24989738,0.24935554,0.24815279,-0.28978807,-0.33755448,-0.3749554,-0.2580199,-0.13136742,0.7594314,0.60573417,0.24913752,0.35549256,-0.017970834,1.1707004,-0.8914907,-0.22369711,-0.07031908,0.5294382,0.35666513,0.22861408,0.35283893,0.17987669,-0.072409116,-0.22205101,0.28789294,0.5711602,0.7283334,0.06744205,0.17752959,-0.82594955,-0.4778996,0.41741753,0.15086663,0.5621563,0.16199306,-0.21257557,0.25235265,0.011543305,-0.22837755,-0.7037798,0.461163,0.071210794,0.04786788,-0.13563421,0.06510672,0.4429468,0.2563992,-0.4992094,-0.562857,-0.21382016,0.10337072,-0.43079448,-0.26844367,-0.050172005,-0.25108564,0.2601957,0.20288283,0.036537867,-0.5023203,0.1632085,0.08021418,0.16822919,0.14586884,-0.92270035,-0.5967064,0.22027943,0.28939757,0.38033295,0.11148061,0.4013742,-0.814862,-0.07146496,0.07583745,0.8754767,-0.9326016,0.16532598,1.066753,0.07725832,-0.3647092,0.48860216,-0.34494096,-0.1520511,-0.3343491,-0.16209115,-0.07648112
kidney chromophobe cancer,-0.22118542,-0.11691449,0.3984245,-0.23248714,0.577883,0.06995926,-0.10747109,0.1795487,0.47792166,-0.07058673,0.5776531,-0.30415556,-0.9535377,-0.07911114,0.62738127,-0.0044662203,0.46887493,-0.19678213,-0.16728947,0.084919125,0.49858537,-1.1652706,0.00508458,0.35259804,0.2400157,-0.5437188,0.7729356,0.0038848377,0.2461173,-0.93834615,-0.009359005,0.27509472,0.12200376,0.07127157,-0.03300561,0.38800308,-0.011943486,-0.7244124,0.5248327,-0.14837454,-0.5368433,0.45221588,-0.24667427,-0.25573918,0.25518477,0.2539539,-0.29656252,-0.34544528,-0.3837207,-0.26405185,-0.13443844,0.7771846,0.6198942,0.2549614,0.36380294,-0.018391011,1.1980673,-0.9123312,-0.22892614,-0.071962774,0.5418149,0.36500263,0.23395827,0.36108717,0.1840817,-0.07410199,-0.22724196,0.29462296,0.58451205,0.7453595,0.06901883,0.18167959,-0.8452581,-0.48907152,0.42717567,0.1543936,0.5752981,0.16577978,-0.21754499,0.25825205,0.011813456,-0.2337165,-0.7202317,0.4719434,0.07287546,0.04898693,-0.13880478,0.0666288,0.4533015,0.262393,-0.5108795,-0.57601476,-0.21881874,0.10578723,-0.44086498,-0.2747191,-0.05134485,-0.25695515,0.26627856,0.20762546,0.037391998,-0.51406276,0.16702396,0.08208941,0.1721618,0.1492788,-0.94427055,-0.6106558,0.225429,0.29616287,0.38922402,0.11408681,0.41075712,-0.8339112,-0.0731355,0.07761029,0.8959425,-0.9544034,0.16919069,1.0916904,0.07906449,-0.37323496,0.5000241,-0.35300452,-0.15560572,-0.3421652,-0.16588043,-0.07826913
breast cancer,-0.08718154,-0.046082698,0.15704139,-0.0916363,0.22777617,0.027574982,-0.04236043,0.07077029,0.18837586,-0.027822077,0.22768553,-0.11988484,-0.3758426,-0.031182194,0.24728614,-0.001760441,0.18480998,-0.07756296,-0.06593815,0.03347146,0.19652046,-0.45929864,0.0020040893,0.13897866,0.0946037,-0.21430999,0.3046575,0.0015312136,0.097008556,-0.36985493,-0.0036889191,0.10843021,0.048088502,0.028092206,-0.013009347,0.15293372,-0.0047074533,-0.2855317,0.20686612,-0.05848267,-0.21160005,0.17824373,-0.09722814,-0.10080121,0.10058261,0.10009755,-0.11689194,-0.13615954,-0.15124589,-0.104077674,-0.05298976,0.30633214,0.24433509,0.10049465,0.14339516,-0.00724888,0.47222576,-0.359601,-0.09023268,-0.028364666,0.21355972,0.14386803,0.09221608,0.14232476,0.07255689,-0.029207656,-0.08956886,0.11612764,0.23038915,0.29378814,0.027204048,0.07161012,-0.3331636,-0.19277054,0.16837384,0.060855195,0.22675723,0.06534314,-0.085746646,0.10179158,0.0046562823,-0.0921208,-0.2838839,0.18601933,0.02872431,0.019308463,-0.05471087,0.02626223,0.17867161,0.1034238,-0.20136625,-0.2270397,-0.086248815,0.041696716,-0.17376974,-0.10828219,-0.020237863,-0.10128044,0.10495525,0.08183691,0.014738329,-0.20262103,0.06583351,0.032356113,0.067858584,0.058839098,-0.37219006,-0.24069378,0.088854186,0.11673438,0.15341498,0.044967998,0.16190238,-0.32869124,-0.028826796,0.030590568,0.35314125,-0.37618396,0.06668758,0.43029657,0.03116377,-0.14711289,0.19708762,-0.13913885,-0.06133292,-0.13486649,-0.06538281,-0.030850252
kidney renal clear cell carcinoma cancer,-0.1038493,-0.05489292,0.18706535,-0.10915572,0.2713234,0.032846797,-0.050459027,0.08430041,0.22439039,-0.03314124,0.2712154,-0.14280485,-0.44769794,-0.0371437,0.29456332,-0.0020969866,0.22014283,-0.09239179,-0.07854454,0.03987069,0.23409215,-0.5471094,0.0023872226,0.16554928,0.1126903,-0.25528282,0.36290315,0.001823981,0.11555513,-0.4405653,-0.00439418,0.12916043,0.05728237,0.03346303,-0.015496527,0.18217228,-0.005607641,-0.34012094,0.24641567,-0.06966371,-0.25205475,0.21232118,-0.11581666,-0.12007285,0.11981255,0.1192346,-0.13923986,-0.16219108,-0.18016176,-0.12397568,-0.06312054,0.36489815,0.29104823,0.11970763,0.17081,-0.008634684,0.562508,-0.428351,-0.10748365,-0.03378758,0.25438893,0.17137337,0.10984638,0.16953503,0.08642857,-0.03479175,-0.10669304,0.13832924,0.274436,0.34995592,0.032405145,0.08530083,-0.3968592,-0.22962524,0.20056441,0.07248962,0.2701097,0.077835806,-0.102140166,0.1212526,0.00554641,-0.10973283,-0.33815792,0.22158332,0.034215998,0.022999972,-0.06517068,0.031283095,0.21283087,0.123196766,-0.23986444,-0.27044615,-0.10273818,0.049668375,-0.20699175,-0.12898403,-0.024106998,-0.12064359,0.12502106,0.0974829,0.017556058,-0.241359,0.07841996,0.038542096,0.080832146,0.07008832,-0.44334725,-0.2867107,0.105841726,0.13905214,0.18274547,0.05356526,0.1928557,-0.3915319,-0.034338012,0.036439087,0.42065653,-0.44810432,0.079437174,0.5125625,0.037121814,-0.17523842,0.23476768,-0.16574004,-0.073058836,-0.16065085,-0.077883005,-0.03674841
prostate cancer,-0.13309662,-0.07035249,0.23974869,-0.13989742,0.34773663,0.042097494,-0.064670034,0.108042,0.2875858,-0.042474836,0.3475984,-0.18302326,-0.573784,-0.047604606,0.3775218,-0.002687595,0.2821421,-0.11841218,-0.10066526,0.051099457,0.30001977,-0.7011925,0.0030595313,0.21217322,0.14442763,-0.3271786,0.46510822,0.002337699,0.14809908,-0.56464255,-0.0056316764,0.16553608,0.073414825,0.042887297,-0.019860918,0.23347776,-0.0071869767,-0.4359096,0.31581417,-0.089283176,-0.32304135,0.27211756,-0.14843425,-0.15388913,0.15355547,0.15281491,-0.1784543,-0.20786919,-0.23090097,-0.15889123,-0.0808973,0.46766496,0.37301657,0.15342113,0.21891566,-0.011066509,0.72092783,-0.54898816,-0.13775462,-0.04330315,0.32603294,0.21963768,0.14078261,0.21728149,0.11076959,-0.044590242,-0.13674109,0.17728727,0.35172567,0.4485144,0.04153141,0.10932431,-0.50862724,-0.29429498,0.25704965,0.092905104,0.34618115,0.099756815,-0.13090593,0.1554011,0.0071084886,-0.14063694,-0.433394,0.2839883,0.043852225,0.029477526,-0.08352474,0.040093433,0.27277067,0.157893,-0.3074178,-0.3466123,-0.13167255,0.06365674,-0.26528713,-0.16531004,-0.030896256,-0.15462072,0.16023096,0.12493718,0.022500254,-0.30933344,0.10050537,0.049396798,0.103596985,0.08982735,-0.5682075,-0.36745742,0.1356501,0.17821364,0.23421256,0.068650864,0.24716987,-0.5017997,-0.04400865,0.04670141,0.5391266,-0.57430506,0.101809226,0.65691644,0.047576513,-0.22459128,0.30088574,-0.21241763,-0.093634576,-0.20589535,-0.099817246,-0.047098022
bladder cancer,-0.16127676,-0.08524797,0.2905101,-0.16951747,0.4213619,0.05101075,-0.07836232,0.13091733,0.34847555,-0.05146798,0.42119405,-0.22177415,-0.6952695,-0.057683747,0.45745322,-0.0032564946,0.34187886,-0.14348322,-0.12197882,0.06191853,0.363542,-0.84965384,0.0037073435,0.25709602,0.17500672,-0.39645076,0.56358385,0.0028325717,0.1794556,-0.68419236,-0.0068241055,0.20058443,0.08895894,0.051967673,-0.024065891,0.28291133,-0.008708428,-0.5282035,0.38268045,-0.10818677,-0.39143783,0.32973206,-0.17986183,-0.1864715,0.18606731,0.18516998,-0.21623771,-0.25188056,-0.27978876,-0.19253263,-0.09802538,0.5666821,0.45199415,0.18590438,0.26526585,-0.013409688,0.8735676,-0.6652236,-0.16692089,-0.052471526,0.3950629,0.26614076,0.17058986,0.2632857,0.13422246,-0.054031163,-0.16569284,0.21482359,0.4261955,0.5434772,0.050324716,0.13247125,-0.61631745,-0.35660523,0.31147394,0.11257569,0.41947687,0.120877944,-0.15862235,0.1883037,0.008613571,-0.17041367,-0.5251552,0.34411618,0.05313687,0.03571861,-0.101209216,0.048582196,0.33052343,0.19132309,-0.3725063,-0.4199996,-0.15955102,0.07713444,-0.32145548,-0.20031057,-0.037437826,-0.18735804,0.19415608,0.15138969,0.02726431,-0.37482756,0.12178513,0.05985529,0.12553121,0.108846,-0.68851197,-0.445258,0.16437098,0.21594633,0.28380153,0.08318611,0.29950225,-0.6080439,-0.053326476,0.05658936,0.6532742,-0.69590044,0.12336498,0.7960029,0.057649676,-0.27214333,0.36459118,-0.2573922,-0.113459505,-0.24948868,-0.12095125,-0.05706977
small intestinal neuroendocrine tumor,-0.12428681,-0.06569576,0.22387965,-0.13063756,0.32471976,0.039311092,-0.060389426,0.10089069,0.26855028,-0.039663427,0.32459065,-0.17090881,-0.5358048,-0.044453535,0.35253328,-0.0025096948,0.26346678,-0.110574424,-0.09400206,0.047717124,0.28016123,-0.65478015,0.0028570879,0.19812933,0.13486788,-0.30552232,0.43432236,0.0021829146,0.1382964,-0.52726835,-0.0052590286,0.15457909,0.06855547,0.04004849,-0.018546302,0.21802376,-0.0067111375,-0.40705633,0.29491028,-0.08337351,-0.30165896,0.2541058,-0.1386094,-0.1437031,0.14339153,0.1427,-0.1666422,-0.1941102,-0.21561742,-0.148374,-0.075542584,0.43670988,0.3483266,0.14326598,0.20442545,-0.010334055,0.6732095,-0.51265043,-0.12863646,-0.04043685,0.30445263,0.20509954,0.13146411,0.20289949,0.1034377,-0.041638754,-0.12769015,0.16555254,0.32844466,0.41882703,0.0387824,0.10208805,-0.47496086,-0.27481547,0.24003541,0.08675563,0.32326728,0.09315379,-0.122241214,0.14511508,0.0066380277,-0.13132821,-0.4047075,0.2651909,0.040949594,0.027526367,-0.07799617,0.037439656,0.25471577,0.14744174,-0.28706965,-0.32366988,-0.122957006,0.059443157,-0.24772766,-0.15436798,-0.02885132,-0.14438637,0.14962505,0.11666738,0.021011014,-0.2888584,0.09385292,0.046127032,0.09673984,0.08388155,-0.5305973,-0.3431352,0.12667131,0.16641755,0.21870978,0.06410682,0.23080952,-0.46858516,-0.04109583,0.043610238,0.50344133,-0.5362911,0.09507043,0.61343455,0.044427346,-0.20972545,0.28096983,-0.19835758,-0.0874368,-0.19226688,-0.0932103,-0.043980505
lung squamous cell carcinoma cancer,-0.13549736,-0.07162156,0.24407339,-0.14242086,0.35400915,0.042856924,-0.06583642,0.109990835,0.29277328,-0.04324098,0.35386834,-0.18632457,-0.5841337,-0.048463307,0.38433155,-0.0027359792,0.2872312,-0.12054806,-0.102480955,0.052021176,0.30543143,-0.71384054,0.003114733,0.21600032,0.14703275,-0.33308032,0.47349775,0.0023798333,0.15077047,-0.5748272,-0.0057333102,0.16852199,0.07473921,0.04366092,-0.020219082,0.23768924,-0.007316514,-0.44377273,0.32151076,-0.090893604,-0.3288684,0.27702585,-0.1511117,-0.156665,0.15632538,0.15557137,-0.18167315,-0.21161875,-0.2350659,-0.16175719,-0.08235649,0.4761007,0.37974507,0.1561885,0.22286442,-0.011266116,0.73393196,-0.5588907,-0.14023931,-0.0440842,0.3319139,0.22359934,0.14332192,0.22120066,0.11276756,-0.04539452,-0.13920765,0.18048503,0.35807,0.4566047,0.04228058,0.111296386,-0.51780206,-0.29960352,0.26168615,0.09458093,0.35242543,0.10155623,-0.13326725,0.15820414,0.007236688,-0.14317386,-0.44121152,0.28911078,0.044643164,0.03000912,-0.08503134,0.040816635,0.27769098,0.160741,-0.31296298,-0.35286453,-0.13404763,0.06480489,-0.2700723,-0.1682919,-0.031453565,-0.15740973,0.16312124,0.12719074,0.022906262,-0.31491312,0.10231835,0.050287742,0.105465636,0.09144758,-0.5784565,-0.37408558,0.13809691,0.18142825,0.23843715,0.06988919,0.2516284,-0.510851,-0.044802442,0.04754386,0.5488514,-0.584664,0.103645675,0.6687658,0.048434686,-0.22864233,0.30631298,-0.21624917,-0.09532351,-0.20960914,-0.1016178,-0.04794741
Kaposi's sarcoma cancer,-0.12828152,-0.06780729,0.23107536,-0.13483627,0.3351566,0.04057466,-0.062330376,0.10413337,0.27718177,-0.04093823,0.33502334,-0.17640196,-0.5530262,-0.045882363,0.36386424,-0.0025903098,0.2719349,-0.11412833,-0.09702351,0.049250927,0.289166,-0.67582554,0.002948824,0.20449737,0.13920273,-0.3153422,0.44828197,0.002253037,0.14274125,-0.5442153,-0.005427973,0.15954746,0.07075896,0.04133576,-0.019142311,0.22503124,-0.0069268844,-0.4201397,0.3043889,-0.086053215,-0.31135473,0.26227304,-0.14306442,-0.14832182,0.14800023,0.1472865,-0.17199832,-0.20034905,-0.22254764,-0.1531429,-0.077970736,0.4507462,0.35952196,0.14787082,0.21099594,-0.010666189,0.69484663,-0.5291275,-0.13277106,-0.041736577,0.31423807,0.21169169,0.13568942,0.2094208,0.10676231,-0.04297706,-0.13179423,0.17087351,0.3390012,0.4322885,0.040028997,0.105369225,-0.49022684,-0.28364834,0.24775031,0.08954415,0.33365723,0.09614789,-0.12617022,0.14977916,0.006851341,-0.13554917,-0.41771507,0.2737144,0.042265754,0.028411066,-0.08050305,0.038642988,0.26290262,0.1521808,-0.2962963,-0.33407316,-0.12690902,0.061353654,-0.25568983,-0.15932964,-0.029778568,-0.149027,0.15443425,0.12041724,0.021686478,-0.29814255,0.09686943,0.047609586,0.09984913,0.08657759,-0.54765147,-0.35416383,0.13074271,0.17176645,0.22573934,0.06616723,0.23822813,-0.48364606,-0.042416662,0.04501184,0.5196226,-0.55352813,0.09812609,0.63315105,0.04585538,-0.21646626,0.2900005,-0.20473297,-0.09024707,-0.19844644,-0.0962062,-0.0453941
melanoma brain metastasis cancer,-0.07336389,-0.038778864,0.13215142,-0.07711253,0.19167517,0.023204526,-0.03564659,0.059553694,0.15851949,-0.023412513,0.19159894,-0.10088382,-0.31627414,-0.026239986,0.20809293,-0.001481392,0.15551884,-0.06526968,-0.055487446,0.028166372,0.16537324,-0.38650277,0.0016865043,0.11695155,0.079609595,-0.18034342,0.25637126,0.0012885616,0.08163335,-0.31123537,-0.0031042565,0.09124477,0.04046679,0.023639774,-0.010947516,0.1286948,-0.0039614504,-0.24027675,0.17407928,-0.04921363,-0.17806293,0.14999333,-0.08181812,-0.08482493,0.08464101,0.0842328,-0.098365314,-0.114579104,-0.12727436,-0.08758208,-0.044591215,0.25778052,0.20560968,0.084566936,0.12066799,-0.00609998,0.39738113,-0.30260664,-0.07593138,-0.02386899,0.17971194,0.12106592,0.077600434,0.11976725,0.061057046,-0.024578443,-0.0753728,0.09772213,0.19387402,0.24722473,0.022892453,0.06026037,-0.2803593,-0.1622177,0.14168769,0.05121001,0.19081774,0.05498675,-0.072156414,0.085658364,0.0039183167,-0.07752027,-0.23889014,0.1565366,0.024171717,0.016248181,-0.046039533,0.0220998,0.15035336,0.08703178,-0.16945101,-0.19105545,-0.072578885,0.035088103,-0.14622836,-0.09112024,-0.017030254,-0.08522818,0.08832063,0.06886635,0.012402422,-0.17050703,0.05539936,0.027227849,0.05710344,0.049513534,-0.3132004,-0.20254532,0.07477145,0.0982328,0.12909973,0.03784087,0.13624203,-0.27659586,-0.024257952,0.025742149,0.29717076,-0.31656128,0.056118075,0.36209747,0.02622452,-0.12379642,0.16585054,-0.11708624,-0.05161209,-0.11349103,-0.055020057,-0.02596071
glioma cancer,-0.08842403,-0.046739306,0.15927932,-0.092942104,0.23102212,0.02796794,-0.042964123,0.07177875,0.19106038,-0.028218558,0.23093022,-0.12159322,-0.38119876,-0.031626545,0.25081018,-0.0017854809,0.18744369,-0.07866826,-0.06687785,0.033948403,0.19932094,-0.46584392,0.00203262,0.14095926,0.09595177,-0.2173642,0.3089989,0.0015530519,0.09839095,-0.3751256,-0.0037415447,0.10997544,0.048773885,0.028492514,-0.01319473,0.15511318,-0.0047746324,-0.2896007,0.2098141,-0.059316166,-0.21461552,0.18078381,-0.09861368,-0.10223769,0.10201607,0.10152404,-0.118557714,-0.1380998,-0.15340123,-0.10556087,-0.05374483,0.3106975,0.24781707,0.1019267,0.14543863,-0.007352165,0.47895527,-0.3647256,-0.09151855,-0.028768837,0.21660304,0.14591822,0.0935302,0.14435293,0.07359079,-0.029623894,-0.09084532,0.11778241,0.23367226,0.29797482,0.02759183,0.07263063,-0.3379113,-0.19551769,0.17077331,0.061722353,0.22998874,0.06627438,-0.08696863,0.103242196,0.0047226185,-0.093433574,-0.2879294,0.18867022,0.029133642,0.019583603,-0.055490512,0.026636453,0.18121782,0.10489768,-0.20423585,-0.23027526,-0.08747784,0.04229093,-0.17624602,-0.10982529,-0.020526282,-0.10272379,0.10645097,0.08300313,0.01494832,-0.20550865,0.066771664,0.03281715,0.068825595,0.059677582,-0.37749395,-0.24412374,0.090120435,0.11839793,0.15560123,0.04560882,0.16420962,-0.33337528,-0.02923755,0.031026477,0.3581738,-0.38154474,0.067637935,0.4364285,0.031607877,-0.14920934,0.1998962,-0.14112166,-0.06220702,-0.13678847,-0.06631455,-0.031289883
stomach adenocarcinoma cancer,-0.12218619,-0.06458543,0.22009577,-0.12842943,0.31923136,0.038646646,-0.059368722,0.09918545,0.2640114,-0.038993064,0.31910446,-0.16802013,-0.5267488,-0.043702252,0.34657493,-0.002467195,0.25901374,-0.10870541,-0.09241334,0.046910662,0.27542603,-0.6437134,0.0028086505,0.19478068,0.13258822,-0.30035862,0.42698157,0.0021460555,0.13595879,-0.51835686,-0.005170107,0.1519665,0.067396775,0.03937164,-0.0182328,0.21433884,-0.006597745,-0.40017655,0.28992572,-0.081964344,-0.29656056,0.24981095,-0.13626653,-0.1412743,0.14096798,0.14028813,-0.1638256,-0.19082937,-0.2119732,-0.14586641,-0.074265756,0.42932868,0.3424389,0.1408446,0.20097029,-0.010159368,0.66183066,-0.5039856,-0.12646222,-0.03975337,0.29930693,0.20163299,0.12924199,0.19947007,0.10168931,-0.04093497,-0.12553196,0.16275428,0.3228934,0.41174802,0.03812694,0.10036255,-0.4669334,-0.2701706,0.23597826,0.08528939,0.3178034,0.091579296,-0.120175205,0.14266232,0.0065258485,-0.12910844,-0.39786708,0.26070854,0.040257543,0.027061041,-0.076677814,0.036806893,0.25041074,0.14494996,-0.28221765,-0.31819946,-0.120878845,0.058438547,-0.24354072,-0.1517591,-0.028363561,-0.14194593,0.14709625,0.11469559,0.020656055,-0.2839762,0.092266604,0.045347515,0.09510476,0.082463846,-0.5216294,-0.3373356,0.12453042,0.16360492,0.21501319,0.06302328,0.22690856,-0.46066526,-0.04040103,0.042873167,0.49493247,-0.52722675,0.09346361,0.6030668,0.043676462,-0.20618062,0.276221,-0.19500501,-0.08595896,-0.1890172,-0.09163499,-0.043237116
colon cancer stage 2 cancer,-0.07738601,-0.040904853,0.1393965,-0.08134017,0.20218365,0.02447666,-0.037600916,0.06281864,0.16721036,-0.024696045,0.20210327,-0.10641475,-0.33361378,-0.02767865,0.21950157,-0.0015626635,0.16404517,-0.0688481,-0.05852948,0.029710617,0.17443977,-0.40769273,0.0017789424,0.12336334,0.08397425,-0.19023074,0.27042675,0.0013592151,0.08610888,-0.32829875,-0.0032744152,0.09624722,0.042685375,0.024935845,-0.01154766,0.13575041,-0.004178731,-0.25344992,0.18362296,-0.051911682,-0.18782508,0.15821661,-0.08630382,-0.08947541,0.08928139,0.08885077,-0.10375813,-0.12086088,-0.13425219,-0.09238371,-0.04703589,0.27191332,0.21688224,0.089203306,0.1272836,-0.0064343954,0.4191674,-0.31919685,-0.08009429,-0.02517766,0.18956456,0.12770337,0.08185486,0.12633343,0.06440449,-0.025925977,-0.07950506,0.10307966,0.20450294,0.2607786,0.024147514,0.06356414,-0.29572988,-0.17111126,0.14945567,0.05401761,0.20127937,0.05800133,-0.07611234,0.09035449,0.0041330704,-0.08177026,-0.2519872,0.16511859,0.025496917,0.017139038,-0.04856363,0.023311421,0.1585964,0.09180334,-0.17874117,-0.20152994,-0.076558016,0.037011772,-0.15424532,-0.09611583,-0.017963942,-0.08990078,0.09316269,0.07264192,0.013082367,-0.17985506,0.058436647,0.028720664,0.06023415,0.052228138,-0.3303715,-0.21364994,0.07887071,0.10361835,0.1361776,0.039915495,0.14371139,-0.29176012,-0.025587855,0.027153471,0.31346315,-0.3339166,0.059194703,0.38194928,0.027662246,-0.13058355,0.17494327,-0.12350545,-0.05444171,-0.11971317,-0.058036465,-0.027384004
non-small cell lung cancer,-0.07245356,-0.038297642,0.13051163,-0.076155655,0.1892968,0.02291656,-0.035204265,0.058814637,0.15655264,-0.023121927,0.18922152,-0.0996321,-0.31234974,-0.0259144,0.2055109,-0.0014630978,0.15358914,-0.06445986,-0.054798983,0.02781693,0.16332129,-0.38170704,0.0016655411,0.11550034,0.07862178,-0.17810565,0.2531901,0.0012725631,0.08062037,-0.30737346,-0.0030657563,0.09011261,0.039964695,0.023346484,-0.0108116325,0.12709793,-0.0039122337,-0.23729554,0.17191924,-0.04860296,-0.17585348,0.1481321,-0.080803,-0.08377234,0.08359071,0.0831876,-0.09714478,-0.113157384,-0.12569515,-0.0864953,-0.04403788,0.25458202,0.20305842,0.08351748,0.119170755,-0.0060243346,0.3924503,-0.29885164,-0.07498922,-0.023572825,0.17748204,0.11956364,0.07663758,0.11828113,0.060299523,-0.024273524,-0.07443749,0.096509546,0.19146827,0.24415697,0.022608424,0.059512656,-0.27688056,-0.16020487,0.13992976,0.05057455,0.18845007,0.05430448,-0.07126112,0.08459547,0.0038696444,-0.07655835,-0.2359259,0.15459418,0.023871746,0.01604659,-0.045468256,0.021825591,0.14848772,0.08595191,-0.16734853,-0.18868484,-0.07167836,0.034652624,-0.14441393,-0.08998955,-0.01681901,-0.08417068,0.08722469,0.06801176,0.012248406,-0.16839127,0.0547119,0.026889985,0.056394953,0.04889912,-0.30931416,-0.20003214,0.07384367,0.09701391,0.12749784,0.037371356,0.13455148,-0.2731638,-0.023956964,0.025422795,0.29348338,-0.3126333,0.05542175,0.35760447,0.025899164,-0.12226036,0.16379261,-0.115633465,-0.050971664,-0.11208285,-0.05433739,-0.025638638
kidney cancer,-0.11180175,-0.059096463,0.20139013,-0.11751438,0.29210043,0.03536209,-0.05432309,0.09075582,0.2415734,-0.035679057,0.29198423,-0.15374027,-0.481981,-0.039988127,0.31711996,-0.0022575387,0.23700045,-0.09946664,-0.084559284,0.042923763,0.25201797,-0.58900505,0.0025699441,0.17822641,0.12131974,-0.27483147,0.39069298,0.0019636527,0.124403894,-0.47430202,-0.00473065,0.139051,0.061668865,0.03602548,-0.016683174,0.19612242,-0.0060369764,-0.3661663,0.26528537,-0.07499825,-0.27135623,0.22857992,-0.12468544,-0.12926762,0.12898743,0.12836525,-0.14990233,-0.17461105,-0.1939578,-0.13346931,-0.06795408,0.3928406,0.3133356,0.12887438,0.1838901,-0.009295891,0.6055825,-0.46115243,-0.115714446,-0.036374796,0.27386904,0.18449649,0.11825791,0.18251732,0.09304692,-0.0374559,-0.11486317,0.14892207,0.2954512,0.37675408,0.03488659,0.09183293,-0.42724913,-0.24720912,0.21592271,0.07804074,0.29079363,0.0837961,-0.10996163,0.13053761,0.005971176,-0.118135735,-0.36405304,0.23855141,0.03683607,0.024761101,-0.07016125,0.033678662,0.22912864,0.13263075,-0.2582323,-0.29115605,-0.11060544,0.053471837,-0.2228424,-0.13886127,-0.025953025,-0.1298821,0.13459475,0.1049478,0.018900428,-0.2598414,0.08442496,0.041493416,0.087022014,0.07545532,-0.47729686,-0.3086659,0.11394675,0.14970024,0.19673945,0.057667024,0.20762381,-0.421514,-0.036967423,0.03922939,0.45286876,-0.48241845,0.08552021,0.55181265,0.039964464,-0.18865757,0.25274536,-0.17843181,-0.07865344,-0.17295285,-0.08384703,-0.039562393
PR positive cancer,-0.093812376,-0.049587578,0.16898562,-0.098605916,0.2451003,0.029672226,-0.045582246,0.07615277,0.20270328,-0.029938176,0.24500278,-0.12900296,-0.4044284,-0.033553798,0.26609412,-0.001894195,0.1988662,-0.0834622,-0.070953324,0.03601721,0.21146736,-0.49423188,0.0021564797,0.14954914,0.10179891,-0.23061009,0.3278289,0.0016477411,0.10438679,-0.3979853,-0.0039694444,0.11667721,0.05174608,0.030228913,-0.013998797,0.1645655,-0.0050656605,-0.3072486,0.22259986,-0.06293074,-0.22769399,0.19180056,-0.10462314,-0.10846788,0.108232744,0.10771072,-0.12578249,-0.14651546,-0.16274925,-0.11199352,-0.057020053,0.32963112,0.26291874,0.10813798,0.15430143,-0.007800143,0.50814193,-0.3869514,-0.09709559,-0.03052198,0.22980262,0.1548103,0.09922981,0.15314968,0.078075334,-0.03142919,-0.09638127,0.12495992,0.24791196,0.31613293,0.029273229,0.07705667,-0.35850322,-0.20743221,0.18117999,0.065483645,0.24400383,0.070313014,-0.09226837,0.10953364,0.0050104,-0.099127285,-0.30547538,0.2001676,0.03090904,0.020776952,-0.05887201,0.028259639,0.192261,0.111289985,-0.21668173,-0.2443079,-0.09280869,0.044868052,-0.18698616,-0.116517924,-0.021777142,-0.108983584,0.1129379,0.088061266,0.015859306,-0.21803196,0.0708406,0.034817036,0.07301978,0.06331427,-0.40049794,-0.2590003,0.095612355,0.12561291,0.16508335,0.0483882,0.17421637,-0.3536908,-0.031019298,0.03291726,0.38000062,-0.4047955,0.071759626,0.463024,0.033534057,-0.15830195,0.21207766,-0.1497214,-0.06599783,-0.14512415,-0.07035568,-0.033196665
testicular germ cell tumor cancer,-0.09543574,-0.050445702,0.17190978,-0.10031223,0.24934155,0.030185616,-0.04637101,0.07747062,0.20621088,-0.030456167,0.24924235,-0.13123524,-0.41142684,-0.03413447,0.27069873,-0.0019270605,0.20230749,-0.0849063,-0.072181046,0.036640354,0.21512654,-0.5027841,0.0021938193,0.15213698,0.10356061,-0.23460053,0.3335017,0.0016762197,0.10619321,-0.404872,-0.004038154,0.11869618,0.052641407,0.030751884,-0.014241081,0.16741328,-0.00515321,-0.31256527,0.22645187,-0.064019695,-0.2316339,0.1951195,-0.10643353,-0.11034492,0.110105634,0.10957464,-0.127959,-0.1490508,-0.16556558,-0.11393158,-0.058006674,0.33533502,0.26746824,0.110009186,0.15697157,-0.007935157,0.5169352,-0.39364707,-0.09877568,-0.031050107,0.2337791,0.15748924,0.10094692,0.15579979,0.07942635,-0.03197299,-0.09804907,0.12712231,0.25220168,0.3216033,0.029779796,0.078390025,-0.36470684,-0.21102172,0.1843152,0.06661679,0.24822626,0.07152973,-0.09386498,0.111429065,0.005097098,-0.100842685,-0.31076133,0.20363134,0.031443905,0.021136612,-0.05989067,0.028748669,0.19558792,0.11321573,-0.2204312,-0.24853532,-0.09441459,0.04564453,-0.19022183,-0.11853412,-0.022153914,-0.11086944,0.114892244,0.089585096,0.016133716,-0.22180474,0.072066575,0.03541951,0.07428323,0.064409845,-0.4074282,-0.26348215,0.09726675,0.12778658,0.16794002,0.04922545,0.17723104,-0.35981107,-0.031555966,0.033486914,0.386576,-0.4118002,0.07300143,0.47103617,0.0341143,-0.16104116,0.21574754,-0.15231225,-0.0671399,-0.14763542,-0.07157313,-0.033771154
 ovarian carcinoma cancer,-0.23478842,-0.12410506,0.42292804,-0.24678539,0.6134234,0.07426198,-0.11408064,0.19059116,0.50731456,-0.074927755,0.6131794,-0.3228615,-1.0121813,-0.08397654,0.66596586,-0.004740924,0.4977114,-0.20888454,-0.17757788,0.090141915,0.5292486,-1.236936,0.005396917,0.37428325,0.25477707,-0.57715815,0.8204721,0.004123822,0.26125383,-0.99605525,-0.009934581,0.29201323,0.12950699,0.075655,-0.035035454,0.41186532,-0.012677708,-0.76896507,0.5571104,-0.15749964,-0.5698597,0.4800278,-0.26184505,-0.27146745,0.27087894,0.26957247,-0.31480134,-0.36669093,-0.4073198,-0.2802912,-0.1427066,0.8249826,0.6580186,0.2706422,0.38617718,-0.019521978,1.2717501,-0.9684407,-0.24300562,-0.07638881,0.57513726,0.387451,0.24834706,0.38329452,0.195403,-0.078659214,-0.24121764,0.31274286,0.6204602,0.79120034,0.073263474,0.19285317,-0.89724183,-0.5191497,0.45344743,0.1638888,0.6106797,0.17597559,-0.23092423,0.27413458,0.012539628,-0.24809022,-0.7645269,0.50096864,0.07735719,0.051999528,-0.14734174,0.07072643,0.48117998,0.2785301,-0.542299,-0.6114403,-0.2322763,0.11229312,-0.46797886,-0.29161432,-0.05450243,-0.27275825,0.28265452,0.22039494,0.03969156,-0.5456784,0.17729634,0.08713785,0.18274996,0.1584597,-1.0023438,-0.6482121,0.23929316,0.314377,0.4131618,0.12110325,0.4360192,-0.8851975,-0.077633455,0.08238328,0.9510442,-1.0131,0.17959611,1.1588304,0.08392718,-0.39618915,0.5307763,-0.37471467,-0.1651756,-0.36320883,-0.17608221,-0.08308281
Lymphoblastoid cancer,-0.25435632,-0.13444816,0.45817572,-0.26735285,0.6645473,0.08045123,-0.123588525,0.20647535,0.5495951,-0.0811723,0.6642829,-0.3497693,-1.0965384,-0.090975374,0.72146887,-0.005136233,0.53919184,-0.22629331,-0.19237757,0.097654544,0.5733573,-1.3400248,0.005846951,0.405477,0.27601057,-0.6252595,0.88885206,0.0044675525,0.28302723,-1.0790688,-0.010762629,0.31635007,0.14030035,0.08196021,-0.037955582,0.4461914,-0.013734622,-0.83305186,0.60354125,-0.17062609,-0.6173529,0.5200341,-0.28366768,-0.29409224,0.29345462,0.29203933,-0.3410373,-0.39725167,-0.44126645,-0.3036512,-0.15459977,0.89373785,0.7128589,0.29319772,0.41836187,-0.021148782,1.3777405,-1.0491525,-0.26325795,-0.08275497,0.62307006,0.41974175,0.2690449,0.4152393,0.21168812,-0.08521467,-0.26132125,0.33880746,0.67217034,0.8571401,0.07936938,0.20892581,-0.9720197,-0.5624169,0.49123853,0.17754744,0.6615745,0.19064164,-0.25016987,0.29698157,0.013584781,-0.26876652,-0.8282443,0.5427202,0.08380435,0.056333333,-0.15962139,0.076621,0.5212825,0.30174333,-0.58749545,-0.66239893,-0.25163466,0.12165214,-0.5069811,-0.3159182,-0.059044745,-0.2954906,0.306212,0.23876308,0.042999696,-0.59115624,0.19207224,0.094400115,0.19798084,0.1716658,-1.0858818,-0.7022348,0.25923643,0.34057775,0.44759542,0.13119616,0.47235802,-0.9589718,-0.08410345,0.08924929,1.0303057,-1.097534,0.19456422,1.2554098,0.090921484,-0.42920852,0.57501256,-0.40594426,-0.17894177,-0.39347932,-0.19075724,-0.090007365
colon cancer,-0.10375334,-0.05484224,0.18689235,-0.10905479,0.2710727,0.032816526,-0.050412424,0.08422252,0.22418302,-0.033110533,0.270965,-0.14267285,-0.44728437,-0.037109453,0.29429132,-0.0020949908,0.21993932,-0.09230635,-0.07847206,0.03983377,0.23387563,-0.54660386,0.0023849232,0.16539629,0.11258626,-0.255047,0.3625679,0.0018223143,0.115448326,-0.44015822,-0.0043901126,0.12904106,0.057229467,0.033432186,-0.015482242,0.18200405,-0.005602378,-0.33980668,0.2461881,-0.06959932,-0.25182196,0.2121249,-0.1157096,-0.11996193,0.11970187,0.119124494,-0.13911112,-0.16204111,-0.17999525,-0.123861104,-0.0630622,0.36456087,0.29077932,0.11959702,0.17065223,-0.008626661,0.56198794,-0.427955,-0.10738447,-0.033756275,0.25415397,0.17121507,0.10974478,0.1693784,0.08634862,-0.034759518,-0.106594495,0.1382015,0.27418238,0.34963256,0.032375183,0.085222095,-0.39649257,-0.22941305,0.2003789,0.07242271,0.26986006,0.07776383,-0.102045685,0.12114057,0.0055412967,-0.10963143,-0.33784547,0.22137864,0.034184318,0.022978645,-0.06511048,0.03125422,0.21263416,0.123083,-0.23964281,-0.27019632,-0.10264322,0.049622584,-0.2068005,-0.12886494,-0.02408477,-0.12053218,0.124905474,0.09739282,0.017539846,-0.24113603,0.07834744,0.03850649,0.08075749,0.070023485,-0.4429373,-0.28644565,0.105743945,0.13892365,0.18257664,0.053515706,0.19267741,-0.39117008,-0.034306295,0.036405373,0.42026782,-0.4476902,0.07936379,0.51208895,0.037087504,-0.17507666,0.23455082,-0.16558693,-0.07299134,-0.1605025,-0.07781107,-0.03671439
adenocarcinoma cancer,-0.16231543,-0.0857972,0.29238123,-0.17060913,0.42407575,0.051339265,-0.07886701,0.13176072,0.35071987,-0.051799376,0.423907,-0.22320251,-0.6997474,-0.05805537,0.46039963,-0.0032776115,0.3440809,-0.14440724,-0.1227645,0.062317345,0.36588353,-0.85512626,0.0037311933,0.2587517,0.17613384,-0.39900467,0.5672139,0.0028507898,0.18061155,-0.6885991,-0.0068680537,0.20187642,0.08953166,0.052302398,-0.02422093,0.2847335,-0.008764538,-0.5316055,0.38514525,-0.10888355,-0.39395893,0.3318556,-0.18102024,-0.18767263,0.18726575,0.18636252,-0.21763055,-0.25350294,-0.28159097,-0.19377278,-0.09865673,0.57033193,0.45490554,0.1871017,0.26697448,-0.013496012,0.8791946,-0.6695082,-0.16799605,-0.052809425,0.39760742,0.2678547,0.17168862,0.26498133,0.13508697,-0.05437911,-0.16676009,0.21620733,0.42894053,0.54697734,0.050648894,0.1333244,-0.62028676,-0.35890195,0.31347993,0.11330082,0.4221785,0.121656455,-0.15964393,0.18951641,0.0086691035,-0.17151137,-0.52853763,0.3463325,0.053479154,0.03594876,-0.10186108,0.048895217,0.3326523,0.19255535,-0.3749056,-0.42270473,-0.16057871,0.07763127,-0.3235259,-0.20160085,-0.037679028,-0.18856469,0.19540659,0.15236466,0.027439993,-0.3772416,0.1225694,0.060240842,0.12633978,0.10954719,-0.69294655,-0.44812566,0.16542955,0.21733719,0.28562942,0.08372176,0.3014312,-0.61196035,-0.053669956,0.056953836,0.65748173,-0.70038235,0.12415951,0.8011299,0.058020957,-0.273896,0.3669394,-0.25904983,-0.11419024,-0.25109562,-0.12173037,-0.057437263
ER positive cancer,-0.10780931,-0.056986146,0.19419861,-0.11331804,0.28166965,0.03409934,-0.052383218,0.08751492,0.23294696,-0.034404967,0.28155762,-0.14825034,-0.46476984,-0.038560137,0.30579588,-0.0021768606,0.22853746,-0.09591486,-0.081539676,0.04139098,0.24301848,-0.5679719,0.0024781732,0.17186211,0.11698762,-0.2650175,0.3767416,0.0018935435,0.119961455,-0.45736533,-0.0045617484,0.13408563,0.059466682,0.03473914,-0.016087493,0.189119,-0.005821374,-0.3530906,0.2558122,-0.07232019,-0.26166627,0.22041754,-0.120233014,-0.12465155,0.12438131,0.12378137,-0.14454944,-0.16837579,-0.18703167,-0.1287032,-0.06552745,0.3788126,0.30214646,0.12427242,0.17732349,-0.008963915,0.5839579,-0.44468498,-0.111582376,-0.035075884,0.2640895,0.17790812,0.11403513,0.17599985,0.08972432,-0.03611846,-0.11076153,0.14360419,0.2849008,0.36330047,0.03364083,0.08855364,-0.41199246,-0.23838146,0.2082123,0.07525393,0.2804096,0.08080384,-0.10603497,0.12587625,0.0057579638,-0.11391718,-0.35105282,0.23003295,0.035520718,0.023876952,-0.06765574,0.032475974,0.22094664,0.12789454,-0.24901107,-0.2807589,-0.106655814,0.05156246,-0.21488488,-0.13390255,-0.02502628,-0.12524411,0.12978838,0.101200126,0.018225512,-0.2505627,0.08141021,0.040011708,0.083914615,0.07276084,-0.46025276,-0.29764357,0.10987786,0.14435454,0.18971409,0.05560777,0.2002097,-0.40646195,-0.03564747,0.0378286,0.43669724,-0.4651918,0.08246634,0.5321078,0.038537342,-0.18192092,0.24372002,-0.17206013,-0.075844765,-0.16677688,-0.080852896,-0.038149685
gastric cancer,-0.1020689,-0.053951804,0.1838581,-0.10728428,0.26667172,0.03228369,-0.049593985,0.08285511,0.22054331,-0.032572977,0.26656568,-0.1403565,-0.44002244,-0.036506943,0.2895132,-0.0020610509,0.21636847,-0.09080773,-0.07719791,0.039187066,0.23007864,-0.53772944,0.0023463436,0.16271108,0.11075838,-0.25090617,0.3566813,0.0017927809,0.11357394,-0.43301204,-0.004318856,0.12694597,0.05630028,0.032889385,-0.015230908,0.17904909,-0.0055114594,-0.33428967,0.24219097,-0.06846936,-0.24773343,0.20868093,-0.11383108,-0.11801423,0.11775837,0.1171905,-0.13685259,-0.15941042,-0.177073,-0.12185025,-0.062038347,0.35864216,0.2860583,0.11765524,0.16788161,-0.008486625,0.552864,-0.42100716,-0.105641015,-0.033208165,0.2500276,0.16843522,0.10796306,0.16662839,0.08494675,-0.03419522,-0.1048638,0.13595772,0.26973096,0.34395596,0.03184959,0.08383844,-0.39005524,-0.22568852,0.19712569,0.07124696,0.26547882,0.07650131,-0.10038889,0.11917378,0.0054514064,-0.107851475,-0.3323604,0.21778445,0.033629302,0.022605632,-0.064053275,0.03074682,0.20918192,0.12108466,-0.23575205,-0.26580957,-0.10097684,0.048816945,-0.20344286,-0.1267727,-0.023693677,-0.1185753,0.12287772,0.095811605,0.017255059,-0.23722103,0.07707541,0.03788119,0.0794462,0.06888654,-0.43574592,-0.2817951,0.104027145,0.1366683,0.17961249,0.052646857,0.1895492,-0.38481924,-0.033749256,0.03581429,0.41344446,-0.44042194,0.078075305,0.5037749,0.036485355,-0.17223419,0.23074272,-0.1628984,-0.07180632,-0.15789661,-0.07654772,-0.036118377
brain cancer,-0.17557119,-0.09280388,0.31625894,-0.1845424,0.45870885,0.055532057,-0.08530784,0.142521,0.3793622,-0.05602968,0.45852628,-0.24143086,-0.75689375,-0.06279654,0.4979992,-0.003545053,0.3721811,-0.1562006,-0.1327902,0.06740664,0.39576414,-0.9249619,0.00403589,0.27988327,0.19051822,-0.4315901,0.6135367,0.0030837313,0.19536152,-0.7448351,-0.0074289953,0.21836306,0.09684352,0.056573756,-0.026199011,0.3079869,-0.009480339,-0.57502013,0.41659904,-0.117775925,-0.42613286,0.3589576,-0.19580367,-0.2029994,0.20255919,0.20158227,-0.23540369,-0.2742057,-0.30458775,-0.20959766,-0.10671379,0.6169094,0.4920564,0.20238195,0.2887776,-0.0145981135,0.9509951,-0.72418493,-0.1817157,-0.05712239,0.43007883,0.28972986,0.18571001,0.28662184,0.14611909,-0.058820106,-0.180379,0.23386438,0.46397066,0.5916474,0.054785356,0.14421268,-0.67094374,-0.38821247,0.33908084,0.12255363,0.45665678,0.13159181,-0.17268157,0.20499372,0.00937705,-0.18551813,-0.5717014,0.37461647,0.057846718,0.0388846,-0.11017973,0.05288851,0.3598193,0.20828088,-0.4055231,-0.45722577,-0.17369264,0.083971344,-0.3499475,-0.21806501,-0.04075616,-0.20396432,0.21136497,0.16480792,0.029681016,-0.4080501,0.13257919,0.06516058,0.13665766,0.11849356,-0.74953777,-0.48472294,0.17893972,0.23508637,0.3089559,0.09055916,0.32604843,-0.6619374,-0.058052983,0.06160527,0.7111764,-0.7575809,0.13429926,0.86655605,0.06275951,-0.29626426,0.39690644,-0.2802057,-0.123515934,-0.27160192,-0.13167177,-0.06212803
nasopharyngeal cancer,-0.12100281,-0.06395999,0.21796413,-0.12718557,0.31613958,0.038272414,-0.058793746,0.098224685,0.2614544,-0.038615372,0.3160139,-0.16639292,-0.521647,-0.04327899,0.34321836,-0.0024433536,0.25650513,-0.107652605,-0.09151816,0.04645623,0.27275842,-0.6374788,0.0027814962,0.1928941,0.13130417,-0.2974495,0.42284605,0.0021253263,0.13464206,-0.5133364,-0.0051200483,0.1504946,0.06674398,0.03899035,-0.01805624,0.21226294,-0.0065338486,-0.39630088,0.28711772,-0.08117043,-0.29368824,0.2473916,-0.13494678,-0.13990608,0.13960269,0.13892943,-0.16223897,-0.18898116,-0.20992018,-0.14445357,-0.073546536,0.42517054,0.33912244,0.13948049,0.19902389,-0.01006096,0.6554208,-0.49910435,-0.12523751,-0.03936835,0.296408,0.19968015,0.12799028,0.19753818,0.100704454,-0.040538467,-0.12431617,0.16117807,0.31976604,0.40776002,0.03775767,0.09939058,-0.46241096,-0.26755396,0.23369277,0.084463306,0.31472552,0.090692416,-0.11901124,0.14128056,0.0064625815,-0.1278581,-0.39401352,0.25818372,0.039867625,0.02679905,-0.075935245,0.036450345,0.2479855,0.14354594,-0.27948433,-0.3151175,-0.11970816,0.057872564,-0.24118182,-0.15028922,-0.028088922,-0.14057113,0.14567164,0.11358474,0.020455899,-0.28122592,0.09137298,0.044908293,0.0941836,0.08166511,-0.51657736,-0.33406845,0.123324364,0.1620203,0.21293077,0.06241288,0.22471094,-0.4562037,-0.040009737,0.042457983,0.4901389,-0.5221207,0.092558324,0.5972257,0.043253466,-0.20418383,0.2735457,-0.19311634,-0.085126504,-0.18718657,-0.0907475,-0.042818375
uterine corpus endometrial carcinoma cancer,-0.10624286,-0.056158192,0.19137686,-0.11167155,0.277577,0.033603888,-0.051622078,0.08624327,0.22956224,-0.0339051,0.27746662,-0.14609632,-0.45801672,-0.037999816,0.3013527,-0.0021453267,0.22521669,-0.09452115,-0.08035494,0.040789537,0.23948741,-0.5597194,0.0024422086,0.16936494,0.115287796,-0.2611667,0.37126765,0.0018660652,0.11821853,-0.4507198,-0.0044954834,0.13213733,0.058602557,0.034234297,-0.01585378,0.18637113,-0.0057368255,-0.34795994,0.25209522,-0.071269356,-0.25786427,0.21721491,-0.118486054,-0.12284029,0.12257403,0.1219829,-0.14244913,-0.1659293,-0.18431418,-0.12683311,-0.064575404,0.37330836,0.29775643,0.12246675,0.17474705,-0.008833712,0.5754728,-0.43822384,-0.109960996,-0.034566246,0.26025218,0.17532326,0.11237818,0.17344262,0.08842064,-0.03559365,-0.10915213,0.14151768,0.28076115,0.35802168,0.033152077,0.08726696,-0.40600616,-0.23491779,0.20518693,0.0741605,0.27633524,0.07962981,-0.10449432,0.124047264,0.0056743,-0.11226195,-0.34595206,0.22669059,0.03500458,0.023530092,-0.06667275,0.032004133,0.21773612,0.12603621,-0.24539292,-0.27667955,-0.10510608,0.050813243,-0.21176265,-0.131957,-0.024662614,-0.12342435,0.12790261,0.09972974,0.017960688,-0.24692199,0.08022733,0.039430328,0.08269518,0.071703635,-0.45356524,-0.29331887,0.10828125,0.1422571,0.18695754,0.05479979,0.1973007,-0.40055606,-0.035129488,0.0372789,0.43035188,-0.4584325,0.08126811,0.5243763,0.037977446,-0.17927755,0.24017875,-0.16956005,-0.074742794,-0.16435364,-0.07967807,-0.037595425
rectum adenocarcinoma cancer,-0.12748812,-0.067388006,0.2296462,-0.13400236,0.33308372,0.040323608,-0.061944835,0.10348929,0.27546751,-0.040685017,0.3329512,-0.1753109,-0.54960585,-0.045598634,0.36161372,-0.002574242,0.27025297,-0.11342246,-0.096423365,0.04894624,0.2873774,-0.67164564,0.0029306165,0.20323257,0.13834164,-0.31339192,0.44550952,0.0022391432,0.14185843,-0.54084945,-0.0053944075,0.15856063,0.07032134,0.041080132,-0.019023921,0.22363946,-0.0068840315,-0.4175414,0.30250636,-0.08552098,-0.30942893,0.26065096,-0.14217955,-0.14740448,0.14708494,0.14637557,-0.17093444,-0.1991099,-0.22117123,-0.15219566,-0.07748839,0.44795847,0.3572985,0.14695622,0.20969088,-0.01060031,0.6905494,-0.52585477,-0.13194986,-0.04147843,0.31229466,0.21038245,0.13485017,0.20812556,0.10610196,-0.042711172,-0.13097924,0.16981663,0.33690462,0.4296148,0.039781403,0.10471765,-0.4871947,-0.281894,0.2462179,0.08899027,0.33159363,0.09555324,-0.12538984,0.14885272,0.0068089203,-0.13471088,-0.41513145,0.27202153,0.04200441,0.028235365,-0.08000522,0.038404,0.26127672,0.15123962,-0.29446372,-0.3320068,-0.1261241,0.06097432,-0.25410843,-0.1583442,-0.029594416,-0.14810535,0.15347908,0.11967253,0.02155227,-0.29629886,0.09627036,0.047315214,0.0992316,0.08604222,-0.54426414,-0.3519734,0.12993415,0.170704,0.22434312,0.06575794,0.2367546,-0.48065478,-0.042154264,0.04473354,0.516409,-0.55010444,0.09751917,0.62923515,0.04557166,-0.21512741,0.2882069,-0.20346676,-0.08968897,-0.19721916,-0.09561121,-0.04511321
T acute lymphoblastic leukemia cancer,-0.09429344,-0.049841885,0.1698521,-0.09911146,0.24635708,0.029824372,-0.045815956,0.07654334,0.20374258,-0.030091707,0.24625902,-0.12966433,-0.40650213,-0.033725888,0.26745853,-0.0019040204,0.19988587,-0.08389004,-0.07131714,0.03620188,0.21255156,-0.49676618,0.0021675678,0.15031593,0.1023209,-0.23179251,0.3295099,0.0016561192,0.10492211,-0.4000259,-0.0039898334,0.11727544,0.0520114,0.030383835,-0.014070607,0.16540939,-0.0050915983,-0.30882403,0.22374122,-0.06325347,-0.22886144,0.19278395,-0.1051595,-0.10902411,0.10878779,0.10826301,-0.12642737,-0.14726669,-0.16358379,-0.11256782,-0.057312414,0.3313212,0.26426673,0.10869241,0.15509269,-0.007840158,0.5107476,-0.38893542,-0.097593345,-0.03067846,0.2309809,0.1556041,0.09973858,0.15393484,0.0784756,-0.03159032,-0.09687544,0.1256006,0.24918309,0.31775397,0.029423337,0.07745179,-0.3603414,-0.20849581,0.1821089,0.06581948,0.245255,0.07067356,-0.09274151,0.110095315,0.0050361427,-0.09963555,-0.30704182,0.20119399,0.031067522,0.020883609,-0.0591738,0.028404523,0.19324681,0.11186053,-0.21779275,-0.24556051,-0.09328447,0.045098092,-0.187945,-0.11711541,-0.021888748,-0.10954241,0.113517,0.088512786,0.01594059,-0.21914987,0.07120393,0.03499548,0.07339416,0.06363892,-0.40255153,-0.26032844,0.096102566,0.12625702,0.16592982,0.048636273,0.17510971,-0.3555042,-0.031178333,0.033086,0.38194886,-0.4068711,0.072127625,0.4653981,0.03370598,-0.15911356,0.21316509,-0.15048908,-0.06633617,-0.14586824,-0.0707165,-0.033366896
esophageal squamous cell carcinomas cancer,-0.19220334,-0.10159523,0.34621862,-0.20202433,0.5021626,0.060792528,-0.09338923,0.15602219,0.41529956,-0.06133738,0.50196284,-0.26430196,-0.8285952,-0.06874535,0.5451752,-0.0038809932,0.4074382,-0.1709977,-0.14536944,0.07379225,0.4332553,-1.0125846,0.0044182898,0.30639702,0.20856626,-0.47247526,0.67165774,0.003375851,0.21386838,-0.81539446,-0.008132687,0.2390488,0.106017545,0.061933056,-0.028680885,0.33716273,-0.010378393,-0.6294925,0.4560639,-0.12893295,-0.46650058,0.3929619,-0.21435244,-0.22222954,0.22174782,0.22067834,-0.25770378,-0.3001816,-0.33344164,-0.22945318,-0.116822876,0.67534983,0.5386691,0.22155358,0.31613356,-0.015981127,1.0410842,-0.7927878,-0.1989299,-0.06253352,0.47082064,0.31717604,0.20330265,0.3137738,0.15996116,-0.06439219,-0.19746637,0.25601852,0.50792325,0.64769477,0.05997514,0.15787402,-0.7345032,-0.42498824,0.3712025,0.13416329,0.49991643,0.14405774,-0.18903995,0.22441313,0.0102654565,-0.2030924,-0.6258597,0.41010448,0.06332658,0.04256816,-0.12061737,0.057898466,0.39390513,0.22801155,-0.4439386,-0.5005392,-0.1901468,0.091925904,-0.38309842,-0.23872247,-0.04461704,-0.22328621,0.2313878,0.18042035,0.032492567,-0.44670522,0.14513874,0.07133323,0.14960335,0.12971869,-0.82054216,-0.5306414,0.195891,0.25735638,0.33822376,0.099138,0.35693544,-0.7246435,-0.063552536,0.06744104,0.7785469,-0.8293474,0.14702149,0.94864583,0.06870469,-0.32432988,0.43450588,-0.3067502,-0.1352166,-0.29733115,-0.14414501,-0.06801353
biliary tract cancer,-0.117085285,-0.06188914,0.21090735,-0.123067886,0.30590445,0.03703329,-0.056890197,0.095044695,0.25298965,-0.03736515,0.30578282,-0.1610058,-0.5047585,-0.041877817,0.33210644,-0.0023642438,0.24820067,-0.10416737,-0.08855525,0.044952247,0.26392794,-0.6168399,0.0026914414,0.18664911,0.1270532,-0.2878193,0.40915626,0.0020564925,0.13028294,-0.49671668,-0.00495426,0.1456223,0.06458322,0.037728038,-0.017471582,0.20539074,-0.006322292,-0.38347027,0.27782208,-0.07854254,-0.28418,0.23938216,-0.13057792,-0.13537642,0.135083,0.13443148,-0.15698637,-0.18286277,-0.20312391,-0.13977675,-0.071165405,0.41140556,0.32814318,0.13496482,0.19258031,-0.009735266,0.6342015,-0.48294568,-0.12118285,-0.038093813,0.28681165,0.1932154,0.12384664,0.19114275,0.09744418,-0.03922602,-0.12029137,0.15595971,0.30941355,0.3945587,0.036535267,0.096172735,-0.4474403,-0.25889176,0.22612678,0.08172875,0.30453587,0.08775613,-0.11515818,0.1367066,0.0062533235,-0.123718604,-0.3812572,0.24982487,0.038576916,0.025931377,-0.073476784,0.035270248,0.2399568,0.13889863,-0.2704358,-0.3049155,-0.115832485,0.05599885,-0.23337351,-0.14542343,-0.027179541,-0.13602011,0.14095543,0.10990733,0.019793473,-0.27212104,0.08841461,0.043454338,0.091134384,0.079021126,-0.49985278,-0.32325292,0.1193316,0.15677474,0.20603706,0.06039226,0.21743578,-0.44143388,-0.038714536,0.04108327,0.47427037,-0.5052167,0.089561775,0.57789004,0.04185311,-0.19757326,0.26468953,-0.18686408,-0.08237044,-0.18112634,-0.08780935,-0.041432083
leukemia,-0.14143127,-0.07475814,0.25476223,-0.14865793,0.3695125,0.04473363,-0.06871958,0.11480772,0.30559498,-0.045134574,0.36936542,-0.19448446,-0.6097149,-0.050585642,0.40116268,-0.0028556923,0.29981008,-0.1258272,-0.10696904,0.054299433,0.31880745,-0.7451022,0.0032511952,0.22545965,0.15347187,-0.34766686,0.4942338,0.002483985,0.15737318,-0.60000116,-0.0059843687,0.17590225,0.07801225,0.045572884,-0.021104567,0.2480986,-0.007636827,-0.46320716,0.335591,-0.09487415,-0.3432706,0.28915787,-0.15772949,-0.16352597,0.16317132,0.16238439,-0.18962927,-0.22088619,-0.24536033,-0.16884126,-0.085963145,0.4969507,0.3963755,0.16302867,0.23262453,-0.011759565,0.76607317,-0.58336663,-0.14638095,-0.046014797,0.34644958,0.2333915,0.14959843,0.23088786,0.117706135,-0.047382526,-0.14530408,0.18838924,0.37375134,0.4766011,0.044132274,0.11617035,-0.54047835,-0.31272426,0.27314633,0.09872308,0.3678593,0.106003635,-0.1391036,0.16513254,0.007553714,-0.14944406,-0.46053374,0.30177203,0.046598334,0.031323407,-0.08875514,0.042604163,0.289852,0.1677805,-0.32666865,-0.36831763,-0.13991807,0.06764279,-0.28189978,-0.17566203,-0.03283109,-0.16430321,0.17026496,0.13276088,0.023909453,-0.3287043,0.10679915,0.05249001,0.11008436,0.09545246,-0.6037894,-0.39046818,0.14414488,0.18937375,0.24887916,0.072949834,0.2626481,-0.53322303,-0.046764437,0.049626037,0.5728875,-0.61026853,0.10818465,0.69805336,0.050555754,-0.23865537,0.31972748,-0.22571962,-0.099497974,-0.21878861,-0.106068045,-0.050047185
kidney renal papillary cell carcinoma cancer,-0.15295535,-0.08084955,0.27552065,-0.1607707,0.39962092,0.048378684,-0.07431906,0.1241625,0.33049515,-0.04881226,0.39946195,-0.21033134,-0.65939564,-0.054707468,0.43385017,-0.0030884861,0.32423905,-0.13607985,-0.11568497,0.058723778,0.34478444,-0.80581445,0.0035159772,0.24383044,0.165977,-0.37599576,0.53450495,0.0026864298,0.17019632,-0.6488903,-0.006471994,0.190235,0.08436883,0.04928627,-0.022824233,0.268314,-0.008259145,-0.50094974,0.36293522,-0.102604695,-0.3712409,0.3127188,-0.17058152,-0.17685027,0.17646688,0.1756157,-0.20508064,-0.23888439,-0.2653526,-0.1825986,-0.092967585,0.5374432,0.42867285,0.17631237,0.2515791,-0.012717691,0.82849413,-0.63090014,-0.15830828,-0.04976416,0.3746787,0.25240856,0.16178797,0.24970092,0.12729697,-0.051243294,-0.15714367,0.20373948,0.40420505,0.51543534,0.04772826,0.12563612,-0.58451736,-0.33820546,0.29540277,0.1067671,0.3978333,0.11464099,-0.15043798,0.17858772,0.008169185,-0.16162099,-0.49805856,0.32636085,0.050395235,0.033875655,-0.09598714,0.0460755,0.31346965,0.1814514,-0.35328624,-0.3983289,-0.15131873,0.07315462,-0.30486944,-0.18997526,-0.035506237,-0.1776909,0.1841384,0.1435785,0.025857514,-0.3554877,0.11550127,0.056766987,0.119054295,0.10323006,-0.65298694,-0.422284,0.15588994,0.20480415,0.26915824,0.07889388,0.28404891,-0.5766708,-0.050575003,0.05366956,0.6195673,-0.659994,0.11699964,0.754932,0.0546752,-0.25810152,0.34577942,-0.24411152,-0.107605256,-0.2366159,-0.11471059,-0.05412502
oral squamous cell carcinoma,-0.23233543,-0.122808255,0.41850948,-0.24420685,0.60701424,0.07348587,-0.11288893,0.18859977,0.5020139,-0.074144855,0.60677266,-0.3194883,-1.0016059,-0.083098985,0.65900785,-0.0046913405,0.49251118,-0.2067022,-0.1757226,0.089200035,0.5237188,-1.2240126,0.005340401,0.37037286,0.25211504,-0.57112753,0.81189984,0.0040808558,0.25852397,-0.9856488,-0.009830747,0.2889622,0.12815382,0.07486461,-0.034669384,0.40756214,-0.012545591,-0.7609303,0.5512896,-0.15585427,-0.56390554,0.47501212,-0.25910926,-0.26863098,0.26804885,0.26675582,-0.31151235,-0.3628596,-0.40306416,-0.27736264,-0.14121553,0.8163629,0.65114325,0.26781413,0.38214242,-0.019317633,1.2584627,-0.9583217,-0.24046658,-0.07559052,0.5691277,0.38340256,0.24575248,0.37928975,0.19336127,-0.07783743,-0.23869723,0.30947518,0.6139773,0.7829332,0.072498225,0.19083786,-0.88786745,-0.51372564,0.44870964,0.16217647,0.6042989,0.1741369,-0.22851156,0.2712704,0.012408884,-0.24549787,-0.756539,0.49573433,0.07654903,0.051456362,-0.14580211,0.06998734,0.47615248,0.2756197,-0.53663325,-0.6050518,-0.22984932,0.111120075,-0.4630894,-0.28856766,-0.05393312,-0.2699085,0.27970153,0.21809198,0.039276913,-0.5399767,0.1754435,0.08622767,0.18084079,0.15680417,-0.9918714,-0.64143884,0.23679274,0.31109232,0.4088452,0.11983795,0.43146357,-0.87594897,-0.07682237,0.081522554,0.9411072,-1.0025152,0.17771967,1.1467233,0.083050296,-0.3920499,0.5252306,-0.37079963,-0.1634499,-0.35941392,-0.17424239,-0.08221491
hepatoblastoma cancer,-0.09574185,-0.050607532,0.1724613,-0.10063403,0.25014135,0.030282497,-0.046519723,0.077719145,0.2068724,-0.030553987,0.25004193,-0.1316562,-0.41274664,-0.034243934,0.27156714,-0.0019332241,0.20295638,-0.08517867,-0.07241263,0.03675791,0.21581657,-0.504397,0.0022008168,0.15262498,0.10389275,-0.23535308,0.33457157,0.0016816222,0.106533825,-0.40617055,-0.0040511447,0.11907698,0.052810352,0.030850694,-0.014286861,0.16795027,-0.005169729,-0.31356782,0.22717823,-0.064225055,-0.2323771,0.19574529,-0.10677495,-0.110698834,0.1104588,0.10992613,-0.1283694,-0.14952894,-0.1660965,-0.11429702,-0.058192804,0.33641076,0.26832625,0.11036208,0.15747513,-0.007960609,0.5185931,-0.39491007,-0.09909246,-0.031149685,0.234529,0.15799437,0.10127061,0.15629956,0.07968109,-0.0320756,-0.09836358,0.12753014,0.25301087,0.3226349,0.029875332,0.078641556,-0.36587667,-0.21169862,0.1849063,0.066830516,0.24902233,0.07175917,-0.09416609,0.111786425,0.005113466,-0.10116606,-0.31175816,0.20428452,0.031544738,0.021204313,-0.06008287,0.028840845,0.19621526,0.1135789,-0.22113833,-0.2493326,-0.09471755,0.045790866,-0.190832,-0.118914396,-0.022224946,-0.11122507,0.11526079,0.08987256,0.01618552,-0.22251628,0.07229766,0.035533108,0.07452167,0.06461638,-0.40873507,-0.26432726,0.09757875,0.12819645,0.16847867,0.0493834,0.17779966,-0.36096528,-0.031657226,0.03359432,0.38781607,-0.41312107,0.07323558,0.472547,0.034223754,-0.16155776,0.21643955,-0.15280077,-0.0673552,-0.14810893,-0.071802676,-0.03387943
Hodgkin lymphoma cancer,-0.10132433,-0.053558215,0.18251689,-0.106501624,0.26472622,0.032048162,-0.049232222,0.08225073,0.2189344,-0.032335486,0.264621,-0.13933259,-0.43681228,-0.036240563,0.2874012,-0.0020459269,0.21479008,-0.09014525,-0.07663472,0.038901173,0.22840019,-0.5338065,0.0023292517,0.16152404,0.10995034,-0.24907582,0.35407922,0.0017796343,0.112745404,-0.42985323,-0.00428741,0.12601991,0.05588951,0.032649357,-0.015119759,0.1777429,-0.005471198,-0.33185098,0.2404242,-0.06796988,-0.24592617,0.20715861,-0.11300063,-0.117153354,0.11689926,0.11633555,-0.1358542,-0.15824749,-0.17578107,-0.12096125,-0.061585717,0.35602567,0.2839714,0.11679692,0.16665688,-0.008424739,0.5488308,-0.41793573,-0.104870304,-0.032965884,0.24820368,0.1672065,0.10717545,0.16541281,0.08432706,-0.033945818,-0.10409884,0.13496579,0.2677632,0.34144676,0.03161722,0.0832268,-0.3872098,-0.22404204,0.19568758,0.07072715,0.26354203,0.07594322,-0.099656574,0.11830432,0.005411609,-0.10706475,-0.32993576,0.21619569,0.033384,0.022440683,-0.063586034,0.030522473,0.2076559,0.120201334,-0.2340322,-0.26387042,-0.100240074,0.04846079,-0.20195878,-0.12584788,-0.02352083,-0.11771028,0.12198129,0.09511261,0.017129168,-0.23549055,0.07651313,0.037604768,0.07886665,0.06838397,-0.43256718,-0.27973932,0.10326828,0.13567115,0.17830215,0.052262776,0.18816647,-0.38201192,-0.033503063,0.035552975,0.41042838,-0.43720874,0.077505715,0.5000998,0.036219142,-0.17097759,0.22905938,-0.16171011,-0.07128248,-0.15674473,-0.075989306,-0.035854876
adrenocortical carcinoma cancer,-0.08804278,-0.046537865,0.15859269,-0.09254143,0.23002616,0.027847372,-0.042778913,0.07146931,0.19023666,-0.028096935,0.22993462,-0.12106904,-0.37955528,-0.03149022,0.24972886,-0.0017777502,0.18663552,-0.07832901,-0.06658951,0.033802036,0.1984617,-0.46383545,0.0020238238,0.14035153,0.09553816,-0.21642695,0.30766678,0.0015463273,0.097966805,-0.37350833,-0.0037253965,0.10950127,0.048563637,0.028369786,-0.013137899,0.15444446,-0.0047540134,-0.2883522,0.20890962,-0.05906038,-0.21369031,0.18000446,-0.09818859,-0.10179693,0.10157625,0.10108635,-0.11804659,-0.13750446,-0.15273985,-0.105105706,-0.05351315,0.30935812,0.2467487,0.10148729,0.14481162,-0.007320448,0.47689041,-0.36315313,-0.091123976,-0.02864479,0.21566923,0.14528914,0.093126945,0.14373067,0.07327356,-0.02949617,-0.09045362,0.11727464,0.23266493,0.29669023,0.027472833,0.072317526,-0.33645457,-0.19467476,0.17003703,0.06145632,0.2289972,0.06598864,-0.086593635,0.102797136,0.004702228,-0.09303071,-0.28668818,0.18785691,0.029008059,0.019499205,-0.05525128,0.026521562,0.18043649,0.10444539,-0.20335537,-0.22928245,-0.08710073,0.0421086,-0.17548619,-0.10935179,-0.020437783,-0.10228084,0.105992034,0.08264533,0.014883916,-0.20462249,0.06648383,0.032675643,0.06852893,0.059420202,-0.37586647,-0.2430713,0.08973194,0.117887504,0.15493043,0.045412224,0.16350162,-0.33193806,-0.029111542,0.03089282,0.35662964,-0.37989986,0.06734629,0.43454707,0.03147161,-0.14856607,0.19903448,-0.14051332,-0.061938796,-0.13619864,-0.06602866,-0.031154998
prostate adenocarcinoma cancer,-0.35034272,-0.1851853,0.6310783,-0.3682455,0.9153289,0.11081153,-0.17022762,0.28439406,0.75699615,-0.111804485,0.9149655,-0.48176193,-1.5103414,-0.12530734,0.9937321,-0.007075699,0.74266803,-0.31169003,-0.2649747,0.13450648,0.7897258,-1.845713,0.0080539305,0.5584939,0.3801701,-0.8612157,1.2242807,0.0061537633,0.38983345,-1.4862788,-0.014825002,0.43573165,0.19324522,0.11289027,-0.052279353,0.6145713,-0.018917779,-1.1474223,0.8313012,-0.2350169,-0.85032624,0.71628153,-0.39071587,-0.4050757,0.40419555,0.4022471,-0.46973416,-0.54716456,-0.6077882,-0.41823974,-0.21294188,1.2310082,0.981873,0.403842,0.57623875,-0.029130278,1.8976623,-1.4450736,-0.36260447,-0.11398397,0.85820043,0.57814044,0.37057498,0.57193893,0.2915726,-0.11737196,-0.35993627,0.46666315,0.92582965,1.1806015,0.10932107,0.28776813,-1.3388343,-0.7746579,0.6766178,0.24454917,0.9112351,0.26258597,-0.34457615,0.40905526,0.018711431,-0.3701912,-1.1408005,0.74752754,0.11542953,0.07759166,-0.21985628,0.10553569,0.71800053,0.4156133,-0.80920166,-0.9123703,-0.34659413,0.167561,-0.6983027,-0.43513748,-0.0813258,-0.40700197,0.42176846,0.328865,0.059225503,-0.8142419,0.2645558,0.13002321,0.27269238,0.23644799,-1.4956641,-0.9672388,0.35706392,0.46910214,0.61650515,0.180706,0.6506141,-1.3208601,-0.11584199,0.12292975,1.4191146,-1.511713,0.26798832,1.7291671,0.12523149,-0.59117997,0.7920062,-0.55913556,-0.24646921,-0.54196733,-0.2627436,-0.12397457
head and neck cancer,-0.48714042,-0.25749236,0.8774926,-0.51203537,1.2727358,0.15408127,-0.23669706,0.39544255,1.0525786,-0.15546247,1.272229,-0.66987354,-2.100079,-0.17423537,1.3817526,-0.009840078,1.032656,-0.43339285,-0.36843923,0.18702713,1.0980892,-2.5664036,0.01119923,0.77657,0.5286124,-1.1974926,1.7023244,0.008556005,0.5420511,-2.066622,-0.020615865,0.6058699,0.26870173,0.15696847,-0.07269118,0.854543,-0.026304929,-1.5954543,1.1558988,-0.32678276,-1.1823515,0.9959664,-0.5432769,-0.56324553,0.5620217,0.55931246,-0.6531493,-0.76081383,-0.8451088,-0.5815496,-0.2960905,1.7116772,1.3652655,0.5615285,0.80123925,-0.040507052,2.6386418,-2.009329,-0.5041899,-0.15848964,1.1933026,0.80388653,0.51527315,0.7952618,0.40542352,-0.16320264,-0.5004801,0.6488798,1.2873355,1.6415882,0.15200526,0.40013152,-1.8616079,-1.077138,0.940816,0.3400385,1.2670425,0.3651165,-0.47912136,0.5687799,0.026018234,-0.5147388,-1.586247,1.0394135,0.16050151,0.10788779,-0.3057019,0.14674364,0.99836,0.57789856,-1.1251676,-1.268622,-0.48192754,0.23298572,-0.97096837,-0.60504436,-0.11307988,-0.5659252,0.58645594,0.45727614,0.08235044,-1.1321776,0.3678588,0.18079177,0.37916565,0.32877126,-2.079674,-1.3449138,0.4964851,0.6522732,0.857229,0.25126696,0.90466154,-1.8366117,-0.16107625,0.1709292,1.9732344,-2.1019883,0.37262818,2.4043524,0.17412968,-0.8220155,1.1012571,-0.77746063,-0.3427079,-0.7535882,-0.3653349,-0.17238373
aryngeal squamous cell carcinoma cancer,-0.26850733,-0.14192776,0.48366633,-0.28222707,0.70151854,0.08492664,-0.13046445,0.21796289,0.58017117,-0.08568794,0.7012395,-0.36922854,-1.1575434,-0.09603636,0.76160705,-0.0054222816,0.569189,-0.2388831,-0.2030796,0.10308721,0.6052549,-1.4145753,0.006172088,0.42803556,0.29136622,-0.6600455,0.93830246,0.00471664,0.29877308,-1.1391017,-0.011361213,0.33394983,0.14810535,0.08652062,-0.04006737,0.4710148,-0.014499439,-0.879397,0.6371182,-0.18011941,-0.6516994,0.548966,-0.2994493,-0.3104539,0.3097811,0.30828628,-0.36001027,-0.41935286,-0.46581566,-0.32054478,-0.16320029,0.9434599,0.75251824,0.3095093,0.44163728,-0.022324612,1.4543896,-1.1075212,-0.2779038,-0.087358996,0.6577338,0.44309315,0.28401327,0.4383407,0.22346434,-0.089955635,-0.27585968,0.35765684,0.7095658,0.9048265,0.083785444,0.22054875,-1.0260973,-0.59370714,0.5185678,0.18742491,0.69838107,0.20124832,-0.26408795,0.31350377,0.014341079,-0.28371948,-0.87432224,0.5729137,0.088467315,0.059467174,-0.16850175,0.08088378,0.55028325,0.31853056,-0.6201811,-0.6992512,-0.26563394,0.12842122,-0.5351862,-0.33349434,-0.062329203,-0.31193048,0.3232478,0.2520459,0.045390986,-0.6240444,0.20275822,0.09965215,0.20899561,0.18121664,-1.1462935,-0.7413032,0.27365875,0.35952497,0.4724975,0.13849524,0.49863735,-1.0123236,-0.08878236,0.094214395,1.087626,-1.1585946,0.20538895,1.3252541,0.095979795,-0.45308736,0.6070032,-0.42852834,-0.18889719,-0.41537067,-0.20137,-0.095015325
medullary thyroid cancer,-0.27355975,-0.14459878,0.4927676,-0.28753757,0.714719,0.08652452,-0.13291918,0.22206436,0.59108865,-0.08730009,0.7144348,-0.37617624,-1.1793255,-0.0978435,0.77593863,-0.005524221,0.5798997,-0.24337803,-0.20690131,0.10502686,0.61664385,-1.4411943,0.0062878984,0.4360896,0.296849,-0.6724651,0.9559592,0.0048055635,0.30439538,-1.1605369,-0.011574689,0.34023386,0.15089212,0.08814869,-0.040821265,0.47987786,-0.014772177,-0.8959454,0.64910704,-0.18350832,-0.66396254,0.5592961,-0.3050842,-0.31629553,0.31561044,0.31408724,-0.3667848,-0.42724445,-0.47458124,-0.32657582,-0.16627182,0.96121264,0.76667786,0.31533328,0.44994786,-0.02274448,1.4817568,-1.128361,-0.28313324,-0.08900295,0.67011034,0.45143133,0.28935742,0.44658896,0.2276692,-0.09164806,-0.28105086,0.36438668,0.72291803,0.9218529,0.08536189,0.224699,-1.0454056,-0.6048787,0.5283257,0.19095196,0.7115226,0.20503509,-0.2690571,0.31940246,0.01461086,-0.289058,-0.89077514,0.5836943,0.09013186,0.06058629,-0.17167257,0.08240584,0.560638,0.32452428,-0.631851,-0.71240884,-0.27063262,0.13083753,-0.5452573,-0.33976948,-0.06350207,-0.31780002,0.3293302,0.25678885,0.046245266,-0.635787,0.2065736,0.10152725,0.21292853,0.18462697,-1.1678636,-0.75525266,0.27880827,0.36629018,0.48138824,0.1411009,0.5080202,-1.0313728,-0.090452984,0.09598724,1.1080921,-1.1803966,0.2092534,1.3501915,0.09778566,-0.4616132,0.6184255,-0.43659177,-0.19245164,-0.4231866,-0.20515881,-0.09680325
colon adenocarcinoma cancer,-0.076183595,-0.04026935,0.13723043,-0.08007622,0.19904204,0.024096357,-0.03701661,0.06184251,0.16461201,-0.024312327,0.19896282,-0.10476119,-0.32842994,-0.02724852,0.21609078,-0.0015383011,0.16149604,-0.06777826,-0.057620093,0.029248936,0.1717292,-0.40135768,0.0017511732,0.12144647,0.08266933,-0.1872747,0.26622453,0.0013380431,0.08477081,-0.32319736,-0.003223582,0.094751656,0.042022146,0.024548382,-0.011368276,0.13364102,-0.004113714,-0.24951153,0.1807698,-0.051105067,-0.18490659,0.15575814,-0.08496271,-0.08808508,0.08789411,0.08747013,-0.1021459,-0.118982874,-0.13216607,-0.09094818,-0.046305012,0.2676881,0.21351199,0.0878172,0.12530571,-0.006334322,0.41265395,-0.31423694,-0.078849785,-0.0247864,0.18661894,0.12571897,0.08058288,0.124370374,0.0634037,-0.025523072,-0.078269705,0.10147799,0.2013253,0.25672638,0.023772335,0.062576465,-0.29113472,-0.1684524,0.14713332,0.053178217,0.1981516,0.057100132,-0.07492962,0.08895049,0.004068909,-0.08049965,-0.2480716,0.1625529,0.025100732,0.016872643,-0.047809005,0.022949181,0.15613194,0.09037673,-0.17596376,-0.19839844,-0.07536843,0.0364367,-0.15184847,-0.09462233,-0.017684842,-0.088503815,0.091715075,0.07151317,0.012879078,-0.17706019,0.057528507,0.028274303,0.05929826,0.05141649,-0.32523784,-0.21032995,0.07764519,0.10200823,0.13406155,0.039295226,0.14147827,-0.28722656,-0.025190251,0.026731577,0.30859226,-0.32872796,0.058274858,0.37601426,0.027232407,-0.12855448,0.1722249,-0.121586375,-0.05359577,-0.11785295,-0.057134673,-0.026958454
familial ovarian cancer,-0.6684986,-0.35335293,1.2041671,-0.70265865,1.7465602,0.21144502,-0.32481942,0.54266113,1.4444423,-0.21333915,1.7458591,-0.9192597,-2.8819082,-0.23910223,1.8961517,-0.013504306,1.4170971,-0.59473526,-0.50560135,0.2566544,1.5068979,-3.5218349,0.015370706,1.0656718,0.72540677,-1.6432971,2.3360763,0.011735391,0.7438514,-2.835994,-0.028290913,0.8314291,0.3687324,0.21539839,-0.09974996,1.1726819,-0.036095843,-2.1894176,1.5862237,-0.44843465,-1.6225182,1.3667437,-0.7455338,-0.77293056,0.7712564,0.76753664,-0.89631015,-1.0440521,-1.1597325,-0.79805523,-0.40631947,2.3489134,1.8735286,0.7705785,1.0995315,-0.055585172,3.6209705,-2.7573688,-0.6918897,-0.21749084,1.6375589,1.1031643,0.7071027,1.091318,0.5563591,-0.22395921,-0.6867997,0.8904486,1.7665933,2.2527254,0.20858943,0.54909426,-2.5546603,-1.4781376,1.291072,0.46662912,1.7387431,0.50103724,-0.65749514,0.7805274,0.035705842,-0.70637196,-2.1767833,1.4263706,0.22025554,0.14805487,-0.41951025,0.20137662,1.3700361,0.7930427,-1.5440441,-1.7409109,-0.6613453,0.31971624,-1.332447,-0.83028924,-0.155184,-0.77660704,0.804785,0.6275134,0.11300944,-1.5536666,0.50480783,0.24809918,0.5203209,0.45116356,-2.8539045,-1.845607,0.6813165,0.8951079,1.1763613,0.34480587,1.2414516,-2.520354,-0.22104417,0.23456138,2.7078393,-2.8845274,0.51135224,3.299453,0.238957,-1.1280373,1.5112358,-1.0668947,-0.47029084,-1.0341353,-0.50134766,-0.23655939
ER negative cancer,-0.07549297,-0.039904244,0.13598661,-0.07935041,0.1972377,0.023877908,-0.0366811,0.06128188,0.1631199,-0.024091959,0.19715925,-0.103811525,-0.32545257,-0.02700149,0.214132,-0.0015243528,0.1600321,-0.06716386,-0.0570977,0.028983813,0.17017247,-0.39771935,0.00173534,0.12034553,0.081919976,-0.18557702,0.26381132,0.0013259347,0.08400247,-0.32026762,-0.003194363,0.09389277,0.04164125,0.0243259,-0.01126519,0.1324296,-0.0040763705,-0.24724975,0.17913117,-0.050641812,-0.18323043,0.15434617,-0.084192574,-0.087286554,0.08709729,0.086677276,-0.10122001,-0.117904276,-0.1309679,-0.09012371,-0.045885243,0.2652615,0.21157664,0.08702108,0.12416981,-0.006276957,0.40891343,-0.31138834,-0.07813502,-0.024561686,0.18492727,0.124579355,0.079852425,0.123242974,0.062828995,-0.025291756,-0.07756014,0.10055802,0.19950037,0.2543992,0.023556842,0.062009227,-0.2884956,-0.16692533,0.1457996,0.05269618,0.19635542,0.05658249,-0.0742504,0.088144235,0.0040320004,-0.0797699,-0.2458229,0.16107942,0.024873184,0.016719723,-0.04737553,0.022741131,0.15471666,0.08955747,-0.17436866,-0.19660003,-0.07468518,0.03610632,-0.150472,-0.093764596,-0.017524524,-0.08770155,0.09088372,0.070864834,0.012762351,-0.17545524,0.0570071,0.028018035,0.05876071,0.050950382,-0.32228965,-0.20842333,0.0769413,0.101083554,0.13284627,0.038939036,0.14019577,-0.28462285,-0.024961961,0.026489248,0.30579486,-0.3257481,0.057746615,0.37260577,0.026985567,-0.12738912,0.17066364,-0.12048418,-0.053109918,-0.11678464,-0.056616783,-0.026714126
B cell lymphoma cancer,-0.31139362,-0.16459656,0.5609185,-0.32730505,0.81356597,0.09849106,-0.15130249,0.25277653,0.672837,-0.099374436,0.8132425,-0.42820236,-1.3424277,-0.11137542,0.88325214,-0.006288615,0.66010076,-0.27703762,-0.2355155,0.119552515,0.70192695,-1.6405133,0.0071581854,0.49640223,0.33790398,-0.7654683,1.0881695,0.00546999,0.34649327,-1.3210413,-0.0131760705,0.38728905,0.17176084,0.10033979,-0.04646705,0.54624575,-0.016814971,-1.0198559,0.7388795,-0.20888837,-0.7557896,0.6366476,-0.3472778,-0.36004004,0.35925934,0.35752612,-0.41751117,-0.48633242,-0.54021627,-0.37174246,-0.18926683,1.09415,0.8727115,0.35894468,0.5121757,-0.02589045,1.6866863,-1.2844152,-0.32229078,-0.101312056,0.762788,0.5138646,0.3293765,0.508353,0.25915653,-0.10432343,-0.31992015,0.41478217,0.8228989,1.0493464,0.09716737,0.255775,-1.189987,-0.6885348,0.6013943,0.21736057,0.8099276,0.23339218,-0.30626836,0.36357746,0.016631683,-0.32903525,-1.0139709,0.66442025,0.10259763,0.068965256,-0.19541478,0.093802296,0.6381754,0.36940673,-0.71923745,-0.8109365,-0.30806106,0.14893268,-0.6206671,-0.38676053,-0.07228473,-0.36175284,0.37487748,0.29230294,0.0526406,-0.72371763,0.23514293,0.11556862,0.24237639,0.21016073,-1.3293811,-0.8597054,0.31736767,0.41694868,0.5479652,0.16061594,0.57828075,-1.1740128,-0.102962986,0.10926235,1.2613425,-1.3436471,0.238194,1.5369258,0.111309424,-0.5254552,0.7039542,-0.49697348,-0.21906792,-0.48171416,-0.23353265,-0.11019154
B-cell non-Hodgkin lymphoma cancer,-0.1601792,-0.08466794,0.2885332,-0.16836376,0.41849464,0.050663505,-0.077829,0.13002647,0.34610403,-0.05111771,0.41832805,-0.22026503,-0.69053787,-0.05729112,0.45434025,-0.0032343357,0.33955243,-0.14250672,-0.121148646,0.061497107,0.36106804,-0.84387237,0.003682018,0.25534633,0.17381571,-0.39375335,0.5597489,0.0028133565,0.17823443,-0.67953634,-0.00677774,0.19921951,0.08835344,0.051613845,-0.023902144,0.28098607,-0.008649214,-0.5246091,0.38007626,-0.10745053,-0.38877416,0.32748824,-0.17863782,-0.18520267,0.18480106,0.18390986,-0.21476623,-0.2501665,-0.277885,-0.19122261,-0.09735833,0.56282586,0.44891852,0.18463928,0.2634608,-0.0133184735,0.86762303,-0.6606969,-0.16578503,-0.052114386,0.39237452,0.26432955,0.16942914,0.26149404,0.13330919,-0.053663526,-0.16456531,0.2133618,0.42329526,0.5397785,0.04998231,0.13156961,-0.6121234,-0.35417846,0.30935428,0.11180968,0.4166225,0.12005529,-0.15754284,0.1870223,0.008555068,-0.16925408,-0.5215816,0.3417746,0.052775383,0.035475682,-0.10052048,0.048251543,0.32827437,0.19002108,-0.36997148,-0.41714135,-0.15846533,0.07660945,-0.31926802,-0.1989476,-0.03718316,-0.1860832,0.19283476,0.15035953,0.027078776,-0.37227675,0.12095636,0.059448004,0.12467695,0.10810558,-0.6838268,-0.44222796,0.16325237,0.21447685,0.28187037,0.08262004,0.29746437,-0.60390615,-0.052963577,0.056204293,0.64882845,-0.691165,0.12252546,0.79058635,0.057257365,-0.27029127,0.36211017,-0.25564057,-0.11268742,-0.24779093,-0.12012817,-0.056681298
squamous cell carcinoma cancer,-0.10675977,-0.056431405,0.19230792,-0.11221491,0.2789275,0.033767365,-0.051873222,0.08666294,0.23067906,-0.03407,0.2788166,-0.14680713,-0.46024513,-0.038184714,0.3028188,-0.002155739,0.22631258,-0.09498108,-0.08074583,0.040988054,0.24065275,-0.5624426,0.002454129,0.170189,0.115848675,-0.2624374,0.37307385,0.0018751094,0.11879367,-0.45291266,-0.0045173448,0.13278022,0.058887776,0.034400888,-0.015930941,0.18727787,-0.0057647196,-0.34965315,0.25332174,-0.071616076,-0.25911888,0.21827167,-0.11906245,-0.12343797,0.12317038,0.122576386,-0.1431422,-0.16673659,-0.18521091,-0.12745023,-0.0648895,0.3751247,0.2992052,0.123062514,0.17559716,-0.008876717,0.5782728,-0.4403561,-0.11049606,-0.03473442,0.26151842,0.17617628,0.112924844,0.1742864,0.088850796,-0.035766784,-0.10968323,0.14220604,0.2821272,0.35976353,0.033313334,0.087691545,-0.40798166,-0.23606077,0.2061853,0.07452129,0.27767974,0.08001721,-0.10500268,0.1246508,0.005701896,-0.112808146,-0.3476352,0.2277934,0.035174895,0.023644555,-0.06699703,0.03215986,0.21879561,0.12664957,-0.24658674,-0.27802563,-0.105617546,0.051060498,-0.2127929,-0.13259903,-0.02478262,-0.12402486,0.128525,0.100214936,0.018048067,-0.24812345,0.08061768,0.0396222,0.083097465,0.07205252,-0.45577213,-0.294746,0.10880811,0.14294925,0.18786713,0.055066425,0.1982606,-0.40250492,-0.035300344,0.03746033,0.4324456,-0.46066293,0.081663474,0.52692765,0.03816218,-0.18014967,0.24134728,-0.17038497,-0.07510641,-0.16515324,-0.08006583,-0.037778344
castration-resistant prostate cancer,-0.13565984,-0.07170751,0.24436611,-0.14259167,0.3544338,0.04290826,-0.06591543,0.110122815,0.29312435,-0.04329284,0.3542928,-0.18654808,-0.58483446,-0.048521467,0.38479242,-0.0027392693,0.2875758,-0.12069256,-0.10260388,0.05208357,0.30579785,-0.714697,0.003118497,0.21625945,0.14720912,-0.33347988,0.47406572,0.002382686,0.15095128,-0.575517,-0.005740147,0.1687241,0.07482879,0.043713234,-0.020243354,0.23797436,-0.0073251748,-0.4443049,0.32189652,-0.091002636,-0.3292628,0.27735806,-0.15129302,-0.15685295,0.15651283,0.15575801,-0.18189105,-0.21187253,-0.23534793,-0.16195127,-0.082455344,0.4766716,0.3802004,0.15637591,0.2231318,-0.011279745,0.73481226,-0.5595612,-0.14040759,-0.044137076,0.33231214,0.2238676,0.14349377,0.22146603,0.11290292,-0.04544893,-0.13937464,0.18070157,0.35849953,0.4571524,0.042331338,0.11142977,-0.5184229,-0.2999628,0.26200005,0.094694376,0.3528483,0.1016779,-0.13342708,0.15839396,0.0072454233,-0.14334561,-0.4417408,0.28945765,0.04469677,0.030045146,-0.085133255,0.04086559,0.27802405,0.16093381,-0.31333834,-0.3532877,-0.13420844,0.06488258,-0.27039626,-0.16849375,-0.03149134,-0.1575986,0.16331686,0.12734334,0.022933768,-0.31529093,0.10244107,0.050348073,0.10559218,0.0915573,-0.57915044,-0.37453434,0.1382627,0.18164587,0.23872308,0.06997297,0.25193015,-0.5114639,-0.044856198,0.04760091,0.5495097,-0.5853653,0.10377001,0.669568,0.04849272,-0.22891666,0.30668032,-0.21650857,-0.09543779,-0.20986052,-0.10173965,-0.04800496
gallbladder carcinoma,-0.1299215,-0.06867426,0.23402965,-0.13656004,0.3394413,0.041093253,-0.0631272,0.1054647,0.28072536,-0.041461494,0.33930635,-0.17865707,-0.5600963,-0.046468955,0.36851588,-0.0026234111,0.27541137,-0.11558735,-0.09826382,0.04988046,0.2928627,-0.68446535,0.002986491,0.20711166,0.14098224,-0.31937364,0.4540129,0.0022819142,0.1445661,-0.55117273,-0.0054973466,0.16158716,0.07166356,0.041864198,-0.019387098,0.22790806,-0.007015329,-0.42551076,0.30828038,-0.08715328,-0.31533498,0.265626,-0.1448933,-0.15021798,0.14989242,0.14916949,-0.17419715,-0.20291033,-0.2253928,-0.15510067,-0.0789675,0.45650867,0.36411825,0.14976117,0.21369335,-0.010802565,0.70373017,-0.53589183,-0.13446835,-0.042270113,0.31825534,0.21439794,0.13742407,0.21209809,0.10812714,-0.04352646,-0.13347915,0.17305793,0.34333512,0.4378151,0.040540706,0.106716335,-0.49649364,-0.28727448,0.25091743,0.09068884,0.33792278,0.09737702,-0.12778312,0.15169388,0.006938883,-0.13728204,-0.42305508,0.27721348,0.04280613,0.028774269,-0.08153228,0.039136946,0.26626363,0.15412635,-0.30008414,-0.3383438,-0.12853146,0.062138174,-0.25895864,-0.16136657,-0.030159242,-0.15093221,0.15640856,0.12195672,0.021963585,-0.3019543,0.09810785,0.0482183,0.10112567,0.08768436,-0.5546525,-0.35869145,0.13241419,0.17396238,0.22862521,0.06701313,0.24127351,-0.48982906,-0.042958852,0.045587465,0.5262655,-0.56060463,0.09938052,0.6412453,0.046441566,-0.21923362,0.2937079,-0.20735024,-0.09140081,-0.20098348,-0.09743615,-0.045974344
bladder urothelial carcinoma cancer,-0.32159942,-0.16999154,0.5793017,-0.338032,0.8402303,0.1017191,-0.15626098,0.2610609,0.6948893,-0.102631256,0.83989596,-0.44223654,-1.3864253,-0.11502587,0.91220045,-0.006494469,0.6817355,-0.2861176,-0.24323495,0.12347087,0.72493243,-1.694281,0.007392567,0.5126715,0.34897867,-0.790556,1.1238338,0.005649072,0.35784996,-1.3643374,-0.013607637,0.39998224,0.17739052,0.1036283,-0.047989767,0.5641489,-0.017365916,-1.0532817,0.76309633,-0.21573426,-0.7805603,0.6575137,-0.3586597,-0.37184,0.37103397,0.36924395,-0.43119538,-0.5022721,-0.55792207,-0.38392588,-0.19547063,1.1300111,0.9013143,0.37070885,0.52896243,-0.026738917,1.7419665,-1.3265119,-0.33285403,-0.10463261,0.7877883,0.5307064,0.34017134,0.52501404,0.2676503,-0.10774266,-0.33040544,0.4283766,0.8498696,1.0837386,0.10035246,0.2641583,-1.2289882,-0.7111012,0.6211043,0.22448474,0.83647263,0.24104124,-0.3163062,0.37549332,0.017176911,-0.33981946,-1.0472034,0.6861962,0.10595983,0.071225666,-0.2018197,0.09687683,0.6590913,0.38151374,-0.7428097,-0.8375147,-0.3181581,0.15381366,-0.64100903,-0.399436,-0.07465361,-0.37360832,0.38716424,0.3018833,0.054366548,-0.74743736,0.24284957,0.11935607,0.25032043,0.21704887,-1.3729514,-0.88788164,0.32776925,0.43061426,0.5659244,0.16587994,0.5972338,-1.2124913,-0.10633731,0.1128435,1.3026832,-1.3876846,0.24600038,1.5872973,0.114957824,-0.5426765,0.727026,-0.5132613,-0.22624768,-0.49750182,-0.2411867,-0.11380283
HER3+ negative cancer,-0.11578185,-0.06120022,0.20855944,-0.12169785,0.30249894,0.036621027,-0.05625698,0.093986705,0.25017312,-0.03694922,0.3023786,-0.15921342,-0.49913934,-0.041411605,0.32840925,-0.0023379496,0.24543759,-0.1030077,-0.08756948,0.0444519,0.26098976,-0.6099731,0.0026616063,0.18457125,0.12563889,-0.28461528,0.40460137,0.002033554,0.12883258,-0.49118704,-0.004899114,0.1440012,0.06386428,0.03730784,-0.017277073,0.20310423,-0.006251808,-0.3792015,0.27472928,-0.077668235,-0.28101632,0.23671728,-0.1291242,-0.13386936,0.13357912,0.13293499,-0.15523882,-0.18082713,-0.2008626,-0.1382207,-0.07037322,0.40682566,0.32449028,0.13346219,0.19043653,-0.009627092,0.62714124,-0.47756913,-0.11983386,-0.037669767,0.28361893,0.19106449,0.1224679,0.18901484,0.096359506,-0.038789436,-0.118952185,0.15422352,0.3059692,0.3901663,0.036128547,0.09510212,-0.44245896,-0.25600976,0.22360964,0.08081893,0.3011458,0.08677918,-0.11387631,0.13518478,0.006183822,-0.122341365,-0.3770129,0.2470436,0.03814734,0.025642807,-0.07265885,0.03487756,0.23728552,0.1373523,-0.26742518,-0.3015211,-0.11454299,0.05537533,-0.2307755,-0.14380446,-0.026877059,-0.1345059,0.13938624,0.10868372,0.019573122,-0.2690916,0.08743047,0.042970512,0.09011983,0.07814148,-0.49428836,-0.3196542,0.11800317,0.1550296,0.20374326,0.05971986,0.2150152,-0.43651953,-0.03828361,0.040625863,0.46899065,-0.4995925,0.0885647,0.57145697,0.04138715,-0.1953737,0.26174283,-0.18478392,-0.081453405,-0.17910992,-0.08683188,-0.040970866
small cell lung cancer,-0.118778415,-0.062784165,0.21395719,-0.12484758,0.31032804,0.037568778,-0.057712875,0.09641913,0.25664818,-0.03790549,0.31020468,-0.16333409,-0.5120578,-0.04248335,0.3369089,-0.0023983123,0.25178987,-0.10567364,-0.08983589,0.045602284,0.26774445,-0.62576,0.0027303754,0.18934813,0.1288904,-0.29198146,0.4150729,0.0020861963,0.13216692,-0.50389975,-0.005025869,0.14772812,0.06551713,0.03827364,-0.017724324,0.20836087,-0.0064136633,-0.38901564,0.2818397,-0.07967825,-0.28828946,0.24284375,-0.1324661,-0.13733417,0.13703641,0.13637544,-0.15925652,-0.18550713,-0.20606115,-0.14179803,-0.07219449,0.4173548,0.3328883,0.13691646,0.1953653,-0.009875873,0.643372,-0.48992962,-0.122935176,-0.038644675,0.29095918,0.19600952,0.12563749,0.19390687,0.09885318,-0.039793286,-0.122030854,0.15821512,0.31388792,0.4002643,0.037063617,0.09756348,-0.4539106,-0.26263556,0.22939667,0.08291064,0.30893978,0.089025185,-0.116823494,0.13868345,0.0063438695,-0.1255077,-0.38677058,0.25343755,0.039134808,0.026306324,-0.07453942,0.035780296,0.24342673,0.14090724,-0.27434656,-0.30932456,-0.117507495,0.056808665,-0.2367482,-0.14752643,-0.027572514,-0.13798693,0.14299367,0.11149678,0.020079885,-0.276056,0.089693286,0.04408272,0.092452414,0.08016387,-0.5070811,-0.32792726,0.12105723,0.1590418,0.20901649,0.06126558,0.22058003,-0.44781744,-0.039274216,0.041677427,0.48112878,-0.5125224,0.09085682,0.58624697,0.042458385,-0.20043024,0.2685172,-0.18956625,-0.0835616,-0.18374555,-0.08907929,-0.042031236
primary central nervous system lymphomas cancer,-0.07306333,-0.038619943,0.13161002,-0.07679653,0.19088987,0.02310943,-0.035500515,0.059309646,0.15787008,-0.023316579,0.19081387,-0.10047053,-0.31497845,-0.026132502,0.20724034,-0.0014753153,0.15488164,-0.06500227,-0.055260092,0.028051043,0.16469572,-0.3849194,0.0016794449,0.11647237,0.07928342,-0.17960443,0.2553209,0.0012832579,0.081298955,-0.30996022,-0.0030915078,0.09087095,0.04030106,0.023542974,-0.01090264,0.12816752,-0.0039452175,-0.2392923,0.173366,-0.049011968,-0.17733334,0.14937878,-0.08148291,-0.08447736,0.084294125,0.083887644,-0.09796232,-0.11410966,-0.12675291,-0.08722315,-0.044408515,0.25672442,0.20476726,0.08422043,0.12017359,-0.006074916,0.3957528,-0.30136672,-0.07562029,-0.02377121,0.17897563,0.12056991,0.077282496,0.11927653,0.06080688,-0.024477733,-0.075063996,0.0973217,0.19307968,0.24621177,0.02279863,0.060013518,-0.27921075,-0.1615531,0.14110719,0.051000204,0.19003594,0.05476147,-0.07186075,0.08530737,0.0039022265,-0.07720263,-0.23791134,0.15589523,0.024072712,0.016181612,-0.045850933,0.022009246,0.14973734,0.08667528,-0.16875683,-0.1902726,-0.07228154,0.034944322,-0.14562926,-0.09074683,-0.016960496,-0.08487898,0.087958656,0.06858413,0.012351513,-0.16980833,0.05517246,0.027116286,0.05686956,0.04931066,-0.31191716,-0.20171553,0.07446506,0.09783027,0.12857081,0.037685852,0.1356838,-0.27546272,-0.024158599,0.025636727,0.2959533,-0.31526425,0.05588809,0.36061394,0.026117079,-0.12328929,0.16517106,-0.116606556,-0.051400635,-0.11302609,-0.05479462,-0.02585437
malignant pleural mesothelioma cancer,-0.105041616,-0.055523008,0.18921277,-0.110408805,0.27443823,0.033223957,-0.05103841,0.08526817,0.22696632,-0.033521727,0.27432907,-0.14444427,-0.45283765,-0.037570186,0.29794505,-0.0021211593,0.22267005,-0.09345247,-0.079446234,0.040328357,0.23677954,-0.55339026,0.002414588,0.1674498,0.113984175,-0.25821364,0.3670692,0.0018449683,0.11688164,-0.44562307,-0.0044446117,0.13064314,0.05793997,0.033847224,-0.015674435,0.18426368,-0.005671977,-0.34402564,0.24924459,-0.070463456,-0.2549484,0.21475865,-0.1171462,-0.12145126,0.12118802,0.1206035,-0.14083835,-0.16405308,-0.18223011,-0.12539902,-0.06384514,0.36908737,0.29438958,0.12108191,0.17277105,-0.008733845,0.56896585,-0.43326852,-0.10871769,-0.034175377,0.25730944,0.1733408,0.11110741,0.17148128,0.08742075,-0.03519112,-0.10791785,0.13991737,0.27758643,0.3539732,0.032777146,0.08628017,-0.40141523,-0.23226148,0.20286682,0.07332198,0.2732107,0.078729354,-0.10331269,0.12264452,0.005610135,-0.110992536,-0.34204006,0.22412717,0.034608692,0.02326396,-0.06591881,0.031642266,0.21527413,0.1246111,-0.24261805,-0.2735511,-0.10391755,0.050238714,-0.20936804,-0.13046487,-0.024383768,-0.12202865,0.12645647,0.09860203,0.01775756,-0.24412996,0.07932009,0.03898442,0.081760064,0.070892856,-0.44843662,-0.2900021,0.10705683,0.14064851,0.1848435,0.054180123,0.19506969,-0.39602673,-0.034732208,0.036857326,0.42548567,-0.45324874,0.0803492,0.5184469,0.03754797,-0.17725039,0.23746279,-0.16764277,-0.073897615,-0.1624951,-0.07877699,-0.03717024
glioblastoma  cancer,-0.11920849,-0.063011475,0.21473192,-0.1252996,0.3114517,0.03770482,-0.057921864,0.096768245,0.25757736,-0.03804274,0.3113278,-0.16392553,-0.51391184,-0.042637214,0.3381289,-0.0024071096,0.25270164,-0.106056295,-0.09016115,0.04576742,0.26871395,-0.6280259,0.002740298,0.19003384,0.12935711,-0.2930387,0.41657597,0.002093752,0.13264552,-0.5057244,-0.0050440826,0.14826307,0.0657543,0.038412128,-0.017788446,0.20911542,-0.0064369184,-0.3904241,0.28286022,-0.07996681,-0.28933325,0.24372326,-0.13294579,-0.13783136,0.13753258,0.13686936,-0.15983324,-0.18617883,-0.20680733,-0.14231151,-0.07245585,0.41886604,0.33409372,0.13741216,0.1960726,-0.009911851,0.6457022,-0.4917035,-0.12338025,-0.038784605,0.29201275,0.19671924,0.12609248,0.194609,0.099211186,-0.039937414,-0.12247274,0.158788,0.3150245,0.4017136,0.037197836,0.09791676,-0.4555541,-0.26358655,0.23022741,0.08321086,0.31005853,0.08934759,-0.11724649,0.13918559,0.0063667847,-0.12596212,-0.38817105,0.2543552,0.03927647,0.02640154,-0.07480921,0.03590991,0.24430822,0.14141747,-0.27533993,-0.31044468,-0.1179331,0.057014357,-0.23760545,-0.14806066,-0.027672406,-0.13848671,0.14351149,0.111900456,0.020152546,-0.27705568,0.09001807,0.044242337,0.092787124,0.08045412,-0.5089171,-0.32911488,0.12149566,0.15961793,0.20977333,0.061487403,0.2213787,-0.44943884,-0.039416526,0.041828346,0.48287082,-0.51437837,0.091185875,0.58836985,0.04261208,-0.20115605,0.2694894,-0.1902526,-0.08386414,-0.1844109,-0.08940183,-0.042183418
invasive breast ductal carcinoma cancer,-0.17131487,-0.09055409,0.30859172,-0.18006848,0.4475882,0.05418573,-0.083239675,0.13906588,0.3701651,-0.054671325,0.44741014,-0.2355777,-0.7385439,-0.061274104,0.48592597,-0.0034591516,0.36315802,-0.15241377,-0.12957083,0.06577243,0.3861695,-0.90253794,0.003938141,0.27309808,0.18589963,-0.42112672,0.5986625,0.0030089156,0.19062515,-0.7267778,-0.0072488706,0.21306926,0.094495766,0.055202227,-0.025563866,0.30052015,-0.009250514,-0.56107956,0.40649927,-0.11492058,-0.41580164,0.35025504,-0.19105664,-0.19807781,0.19764851,0.1966953,-0.22969677,-0.2675581,-0.29720345,-0.20451613,-0.10412669,0.60195357,0.48012707,0.19747548,0.28177655,-0.014244284,0.92794013,-0.7066282,-0.17731039,-0.05573743,0.41965234,0.28270578,0.18120775,0.27967307,0.14257672,-0.057394054,-0.17600593,0.22819446,0.45272264,0.57730377,0.053457126,0.14071648,-0.65467834,-0.37880078,0.33086038,0.11958256,0.4455858,0.12840158,-0.16849516,0.200024,0.009149678,-0.1810205,-0.5578414,0.36553457,0.056444254,0.037941866,-0.107508555,0.05160616,0.35109594,0.20323133,-0.39569166,-0.44614127,-0.16948175,0.08193548,-0.34146354,-0.2127784,-0.039768144,-0.19901963,0.20624079,0.16081245,0.028961353,-0.39815757,0.12936506,0.063580796,0.13334452,0.11562092,-0.73136646,-0.47297156,0.17460158,0.2293872,0.30146572,0.088363685,0.31814393,-0.6458897,-0.05664565,0.060111653,0.693935,-0.7392144,0.1310434,0.8455476,0.061237913,-0.2890819,0.387284,-0.27341267,-0.1205214,-0.2650173,-0.12847932,-0.060621798
Splenic lymphoma cancer,-0.31366554,-0.16579777,0.5650115,-0.32969347,0.81950307,0.09920996,-0.15240651,0.25462124,0.6777471,-0.100099646,0.81917745,-0.43132707,-1.3522239,-0.11218857,0.8896973,-0.00633465,0.6649176,-0.27905938,-0.23723426,0.12042496,0.7070491,-1.6524855,0.007210552,0.5000246,0.34037015,-0.7710548,1.0961105,0.0055096457,0.34902194,-1.3306812,-0.013272506,0.39011484,0.17301385,0.10107171,-0.04680625,0.55023175,-0.01693777,-1.0272982,0.7442716,-0.21041329,-0.76130515,0.6412934,-0.34981212,-0.36266813,0.36188057,0.36013514,-0.4205578,-0.48988166,-0.5441586,-0.37445468,-0.19064847,1.1021345,0.8790804,0.36156446,0.5159132,-0.02607958,1.6989956,-1.2937889,-0.32464287,-0.10205127,0.7683548,0.51761496,0.33178014,0.5120628,0.2610478,-0.10508453,-0.32225466,0.41780892,0.82890415,1.0570045,0.09787634,0.2576416,-1.1986712,-0.69355905,0.6057829,0.21894678,0.81583804,0.2350957,-0.308503,0.36623073,0.016752768,-0.3314364,-1.0213698,0.66926914,0.10334583,0.069468565,-0.1968407,0.094487,0.6428326,0.37210265,-0.72448623,-0.816854,-0.31030893,0.15001944,-0.62519705,-0.38958287,-0.07281224,-0.3643931,0.3776133,0.2944359,0.05302454,-0.728999,0.236859,0.11641187,0.24414521,0.21169475,-1.3390826,-0.8659788,0.31968343,0.41999146,0.55196404,0.16178785,0.5825005,-1.1825801,-0.103714444,0.110059924,1.270547,-1.3534523,0.23993246,1.548141,0.11212152,-0.5292894,0.7090918,-0.5006,-0.2206666,-0.48522946,-0.23523687,-0.11099559
breast invasive carcinoma cancer,-0.36124343,-0.19094656,0.65071356,-0.37970224,0.9438073,0.11425862,-0.17552392,0.29324257,0.78054905,-0.1152831,0.9434325,-0.4967511,-1.5573326,-0.12920603,1.0246494,-0.0072954963,0.7657746,-0.32138762,-0.27321905,0.13869107,0.8142966,-1.9031386,0.008303691,0.57586944,0.39199778,-0.88801086,1.2623714,0.006345522,0.40196258,-1.5325229,-0.015285962,0.4492887,0.19925721,0.116402805,-0.05390574,0.63369256,-0.019506956,-1.1831223,0.8571654,-0.24232902,-0.87678176,0.7385671,-0.40287244,-0.41767886,0.41677204,0.41476148,-0.48434916,-0.5641885,-0.6266976,-0.43125284,-0.21956685,1.2693087,1.0124216,0.41640717,0.5941682,-0.030035786,1.9567055,-1.4900345,-0.37388608,-0.11753008,0.88490146,0.5961286,0.3821047,0.5897339,0.30064434,-0.121023566,-0.37113556,0.48118305,0.9546344,1.2173333,0.11272232,0.2967218,-1.380489,-0.79875994,0.69766927,0.2521575,0.93958634,0.27075553,-0.35529697,0.4217818,0.019293597,-0.38170928,-1.176294,0.77078545,0.11902147,0.08000529,-0.22669733,0.10881914,0.7403398,0.42854363,-0.8343785,-0.9407567,-0.35737723,0.17277463,-0.7200285,-0.4486759,-0.08385627,-0.41966507,0.43489113,0.3390969,0.061068024,-0.8395753,0.27278674,0.13406928,0.2811773,0.24380507,-1.5421982,-0.99733245,0.36817423,0.4836969,0.63568646,0.18632834,0.6708564,-1.3619567,-0.11944582,0.12675413,1.4632678,-1.5587479,0.27632597,1.7829674,0.12912786,-0.60957396,0.81664854,-0.5765326,-0.2541377,-0.55883014,-0.2709181,-0.12783124
pilocytic astrocytoma cancer,-0.31981903,-0.16905059,0.57609487,-0.33616078,0.83557916,0.101156354,-0.15539606,0.25961596,0.6910424,-0.10206313,0.8352468,-0.43978846,-1.3787503,-0.114389114,0.9071507,-0.006458135,0.67796135,-0.2845337,-0.24188918,0.12278746,0.72091967,-1.6849025,0.007351468,0.5098333,0.34704685,-0.7861802,1.1176127,0.005617459,0.3558689,-1.3567848,-0.0135325,0.39776802,0.17640871,0.103054106,-0.047724262,0.561026,-0.01726925,-1.0474511,0.75887233,-0.21453992,-0.7762393,0.65387356,-0.35667413,-0.3697812,0.36897996,0.36720023,-0.42880887,-0.49949136,-0.55483377,-0.3818008,-0.19438891,1.1237556,0.89632475,0.36865664,0.52603453,-0.026591472,1.7323245,-1.3191682,-0.33101165,-0.10405343,0.78342724,0.5277692,0.33828846,0.52210754,0.26616937,-0.10714641,-0.32857648,0.4260048,0.8451648,1.0777395,0.09979683,0.2626961,-1.2221849,-0.7071643,0.61766684,0.22324228,0.831842,0.2397067,-0.31455544,0.37341467,0.017081337,-0.33793795,-1.0414065,0.6823981,0.105372824,0.070831895,-0.20070288,0.096340634,0.6554429,0.37940207,-0.7386973,-0.8328784,-0.3163969,0.15296152,-0.63746077,-0.39722496,-0.0742408,-0.37154028,0.38502005,0.30021247,0.054066002,-0.7432997,0.24150525,0.11869527,0.24893473,0.21584737,-1.3653512,-0.8829665,0.32595477,0.42823127,0.56279176,0.16496159,0.5939271,-1.2057792,-0.105748974,0.11221868,1.2954719,-1.3800026,0.24463868,1.5785102,0.11432188,-0.5396723,0.7230013,-0.5104202,-0.22499554,-0.49474773,-0.2398517,-0.11317271
cervical cancer,-0.07628921,-0.040325087,0.13742088,-0.08018726,0.19931802,0.02412974,-0.037067946,0.061928324,0.1648403,-0.024345985,0.19923869,-0.104906484,-0.32888535,-0.027286282,0.2163904,-0.0015404859,0.16171998,-0.06787223,-0.057699874,0.029289477,0.17196728,-0.40191406,0.0017537392,0.1216148,0.08278401,-0.18753427,0.2665937,0.0013399809,0.08488842,-0.3236455,-0.0032280018,0.094883054,0.0420804,0.024582418,-0.011384004,0.13382639,-0.004119383,-0.24985757,0.1810204,-0.051175978,-0.18516287,0.1559741,-0.08508053,-0.08820722,0.08801591,0.08759142,-0.10228751,-0.11914787,-0.13234937,-0.0910743,-0.0463692,0.26805925,0.2138081,0.08793896,0.1254795,-0.0063431724,0.41322613,-0.31467253,-0.07895911,-0.024820779,0.18687771,0.1258933,0.080694675,0.124542825,0.06349164,-0.02555849,-0.07837812,0.1016187,0.20160447,0.25708246,0.023805244,0.0626632,-0.29153845,-0.16868594,0.14733748,0.053251978,0.19842632,0.05717924,-0.075033605,0.08907388,0.0040745675,-0.08061127,-0.24841557,0.16277824,0.025135512,0.016896062,-0.047875386,0.022981033,0.15634848,0.09050207,-0.1762077,-0.1986736,-0.075472996,0.03648719,-0.15205906,-0.094753504,-0.017709374,-0.08862663,0.09184223,0.07161229,0.012896913,-0.17730577,0.057608336,0.028313555,0.059380367,0.0514878,-0.32568878,-0.21062163,0.07775286,0.10214967,0.13424748,0.03934978,0.14167453,-0.2876248,-0.025225192,0.026768636,0.30902013,-0.32918385,0.058355656,0.37653565,0.027270237,-0.12873276,0.17246367,-0.12175491,-0.05367011,-0.118016414,-0.057213843,-0.026995854
ovarian carcinoma cancer,-0.109361544,-0.05780658,0.19699465,-0.11494959,0.2857251,0.03459029,-0.053137317,0.088774934,0.23630075,-0.03490023,0.2856115,-0.15038495,-0.4714616,-0.03911534,0.31019858,-0.0022081973,0.23182781,-0.09729584,-0.08271376,0.04198685,0.24651752,-0.5761493,0.0025139272,0.17433639,0.118671976,-0.26883316,0.38216567,0.0019208572,0.12168881,-0.4639503,-0.004627381,0.13601615,0.06032279,0.035239276,-0.01631919,0.19184183,-0.0059052934,-0.3581743,0.2594953,-0.07336137,-0.26543364,0.22359098,-0.1219641,-0.12644617,0.1261721,0.12556346,-0.14663066,-0.17080003,-0.18972452,-0.13055615,-0.06647091,0.3842666,0.306497,0.12606159,0.17987657,-0.00909302,0.5923654,-0.45108736,-0.1131889,-0.03558098,0.26789168,0.18046981,0.1156769,0.17853385,0.09101619,-0.03663841,-0.11235627,0.14567183,0.28900254,0.3685313,0.034125213,0.08982861,-0.41792402,-0.24181347,0.21121015,0.07633734,0.28444695,0.0819672,-0.10756159,0.12768862,0.0058408077,-0.11555739,-0.35610697,0.23334484,0.036032103,0.02422082,-0.068629906,0.03294365,0.22412768,0.12973599,-0.25259617,-0.28480121,-0.10819148,0.05230486,-0.21797872,-0.1358304,-0.025386637,-0.12704729,0.13165714,0.10265724,0.018487956,-0.25417024,0.08258236,0.04058788,0.085122675,0.07380849,-0.4668793,-0.30192903,0.11145973,0.14643295,0.19244559,0.05640837,0.20309208,-0.41231418,-0.0361606,0.038373318,0.44298452,-0.47188947,0.083653666,0.53976893,0.039092243,-0.1845401,0.24722911,-0.17453738,-0.076936856,-0.16917813,-0.082016945,-0.038698908
skin cutaneous melanoma cancer,-0.06171949,-0.032623883,0.11117612,-0.06487313,0.16125233,0.019521462,-0.029988717,0.05010118,0.13335921,-0.019696388,0.16118817,-0.08487145,-0.26607484,-0.022075186,0.17506418,-0.0012462719,0.13083473,-0.054910038,-0.046680424,0.02369579,0.13912502,-0.32515693,0.0014187308,0.09838885,0.066973865,-0.15171914,0.21567976,0.0010840396,0.06867643,-0.26183572,-0.0026115573,0.07676233,0.0340439,0.019887699,-0.009209868,0.10826822,-0.0033326552,-0.20213988,0.14644921,-0.041402366,-0.14980063,0.12618624,-0.068831876,-0.07136141,0.07120671,0.07086326,-0.082752705,-0.09639299,-0.10707335,-0.07368092,-0.037513625,0.21686539,0.17297497,0.07114436,0.10151542,-0.005131801,0.3343084,-0.25457647,-0.06387946,-0.0200805,0.15118788,0.10185023,0.06528361,0.10075766,0.051365975,-0.02067733,-0.06340959,0.08221161,0.16310205,0.20798486,0.01925892,0.05069584,-0.2358604,-0.13647036,0.11919892,0.04308192,0.16053095,0.04625918,-0.060703654,0.072062515,0.003296338,-0.065216154,-0.20097333,0.13169087,0.020335138,0.013669275,-0.038732044,0.018592104,0.12648918,0.07321803,-0.14255561,-0.16073096,-0.061059136,0.029518856,-0.12301884,-0.076657526,-0.014327224,-0.071700685,0.07430219,0.05793584,0.010433913,-0.14344397,0.046606325,0.022906218,0.04803994,0.041654672,-0.26348892,-0.17039716,0.06290364,0.08264111,0.10860888,0.03183473,0.11461747,-0.2326943,-0.020407712,0.021656385,0.2500036,-0.26631635,0.047210947,0.30462494,0.02206213,-0.1041474,0.1395266,-0.09850221,-0.043420162,-0.09547765,-0.046287287,-0.021840204
Her2 positive cancer,-0.6647174,-0.3513541,1.197356,-0.6986847,1.7366823,0.2102499,-0.32298225,0.5395926,1.4362715,-0.21213245,1.7359862,-0.91406107,-2.8656077,-0.23774926,1.8854303,-0.013429072,1.4090825,-0.5913726,-0.5027419,0.25520396,1.4983767,-3.501915,0.015283964,1.0596458,0.72130567,-1.6340036,2.3228638,0.0116704255,0.739643,-2.8199556,-0.028131487,0.8267261,0.3666473,0.21418142,-0.099186234,1.1660473,-0.035891607,-2.1770344,1.5772523,-0.44589847,-1.613341,1.359016,-0.74131817,-0.76855963,0.7668933,0.7631968,-0.89124143,-1.0381474,-1.1531719,-0.7935413,-0.40402043,2.3356276,1.8629332,0.76622003,1.0933111,-0.055270538,3.600492,-2.7417762,-0.6879763,-0.21626031,1.628296,1.0969238,0.7031046,1.0851468,0.5532118,-0.22269328,-0.68291503,0.8854115,1.7566015,2.239985,0.20740993,0.54598916,-2.540212,-1.4697781,1.2837697,0.46399087,1.7289101,0.49820367,-0.6537757,0.77611345,0.035504483,-0.70237607,-2.1644742,1.418303,0.21901032,0.14721584,-0.41713756,0.20023677,1.3622882,0.7885582,-1.5353125,-1.731066,-0.65760416,0.317908,-1.3249117,-0.8255942,-0.1543047,-0.7722168,0.80023414,0.62396306,0.112369314,-1.5448815,0.5019528,0.24669613,0.51737636,0.44861162,-2.8377652,-1.8351685,0.6774648,0.89004576,1.169709,0.34285724,1.2344298,-2.5060997,-0.21979442,0.23323478,2.6925237,-2.868214,0.5084598,3.2807937,0.23760559,-1.1216588,1.502689,-1.0608609,-0.46763146,-1.0282867,-0.49851105,-0.23522261
Gastric lymphoma cancer,-0.0793085,-0.041920923,0.14285941,-0.08336088,0.20720619,0.025084719,-0.038535044,0.06437917,0.17136402,-0.02530953,0.20712379,-0.109058246,-0.34190118,-0.028366208,0.22495444,-0.0016015203,0.16812027,-0.07055837,-0.05998345,0.030448698,0.17877312,-0.41782048,0.001823083,0.12642792,0.08606021,-0.19495629,0.2771445,0.0013929475,0.08824793,-0.33645418,-0.003355772,0.0986381,0.043745764,0.025555266,-0.011834492,0.13912262,-0.004282507,-0.2597462,0.18818457,-0.053201295,-0.19249101,0.16214703,-0.08844763,-0.09169815,0.09149928,0.09105803,-0.10633569,-0.1238632,-0.13758717,-0.09467872,-0.048204266,0.27866796,0.22226986,0.09141921,0.13044551,-0.006594239,0.42958018,-0.3271263,-0.082084015,-0.025803003,0.19427367,0.13087559,0.08388826,0.12947176,0.06600431,-0.026569944,-0.081480116,0.10564031,0.20958316,0.26725674,0.024747383,0.065143235,-0.30307642,-0.17536198,0.1531684,0.055359498,0.20627931,0.059442155,-0.078003064,0.09259906,0.0042357505,-0.083801515,-0.25824705,0.16922042,0.026130328,0.017564762,-0.049769912,0.023890536,0.16253619,0.09408379,-0.18318142,-0.20653637,-0.07845976,0.03793121,-0.15807697,-0.0985035,-0.0184101,-0.09213404,0.09547699,0.07444646,0.01340724,-0.18432283,0.059888277,0.029434085,0.061730523,0.0535255,-0.33857843,-0.2189573,0.08083004,0.106192425,0.13956049,0.040907096,0.1472815,-0.29900786,-0.026223466,0.027828,0.32124996,-0.34221172,0.060665168,0.3914377,0.028349405,-0.13382752,0.17928907,-0.12657353,-0.055794153,-0.12268706,-0.059478145,-0.02806427
multiple myeloma cancer,-0.10602206,-0.056041434,0.19097918,-0.11143946,0.2770001,0.033534,-0.051514782,0.08606425,0.22908507,-0.033834573,0.27688995,-0.14579271,-0.45706487,-0.03792087,0.30072623,-0.002140849,0.22474872,-0.09432478,-0.0801879,0.04070487,0.23898979,-0.5585562,0.002437093,0.16901292,0.115048245,-0.26062393,0.37049586,0.001862182,0.11797284,-0.44978303,-0.004486066,0.13186277,0.05848078,0.03416316,-0.01582079,0.18598372,-0.005724818,-0.3472371,0.2515713,-0.071121186,-0.25732833,0.21676336,-0.11823986,-0.122584954,0.12231925,0.121729314,-0.14215295,-0.16558449,-0.18393119,-0.12656948,-0.064441234,0.37253267,0.29713768,0.12221214,0.17438385,-0.008815443,0.57427686,-0.43731302,-0.10973249,-0.0344944,0.25971135,0.17495883,0.11214457,0.17308205,0.08823682,-0.035519626,-0.10892523,0.14122349,0.2801777,0.3572777,0.03308312,0.087085605,-0.40516233,-0.23442952,0.20476055,0.0740064,0.27576107,0.0794642,-0.104277104,0.12378951,0.00566248,-0.11202862,-0.3452331,0.22621939,0.034931842,0.023481274,-0.066534184,0.031937625,0.21728368,0.12577428,-0.24488291,-0.2761046,-0.10488766,0.050707698,-0.21132256,-0.13168263,-0.02461144,-0.123167835,0.12763688,0.0995225,0.017923364,-0.24640872,0.08006068,0.03934845,0.082523376,0.07155468,-0.4526228,-0.29270938,0.10805626,0.14196143,0.18656884,0.05468585,0.19689062,-0.39972368,-0.035056554,0.03720142,0.4294576,-0.4574797,0.08109917,0.5232865,0.03789847,-0.1789049,0.23967956,-0.16920769,-0.07458735,-0.16401201,-0.07951243,-0.037517224
glioblastoma cancer,-0.06968521,-0.036834367,0.12552498,-0.073245905,0.18206407,0.022040952,-0.033859164,0.05656748,0.15057099,-0.022238506,0.18199171,-0.09582526,-0.30041537,-0.024924282,0.1976586,-0.0014071537,0.14772072,-0.061996903,-0.052705184,0.026754135,0.15708104,-0.3671226,0.0016019506,0.11108727,0.0756179,-0.17130046,0.24351607,0.0012239265,0.07754003,-0.29562923,-0.0029485864,0.08666951,0.03843773,0.022454413,-0.010398526,0.12224165,-0.003762816,-0.22822875,0.16535039,-0.046745915,-0.16913436,0.14247222,-0.07771561,-0.08057155,0.08039682,0.08000917,-0.09343307,-0.10883384,-0.12089252,-0.08319043,-0.042355288,0.2448548,0.19529991,0.08032652,0.11461733,-0.00579412,0.37745553,-0.2874331,-0.07212399,-0.022672174,0.1707007,0.11499547,0.073709354,0.113761745,0.05799553,-0.023346007,-0.07159342,0.09282204,0.18415257,0.23482813,0.021744547,0.05723882,-0.26630148,-0.15408365,0.13458318,0.04864219,0.1812496,0.052229546,-0.068538286,0.081363186,0.0037217112,-0.07363312,-0.22691147,0.14868742,0.022959646,0.015433467,-0.043730963,0.020991683,0.14281423,0.08266781,-0.16095434,-0.18147543,-0.068939604,0.03332864,-0.13889617,-0.08655115,-0.016176319,-0.08095461,0.08389195,0.06541316,0.011780553,-0.16195735,0.052621495,0.025862584,0.05424016,0.047030784,-0.29749575,-0.19238923,0.07102225,0.09330711,0.1226263,0.03594345,0.12941049,-0.26272663,-0.023041612,0.024451438,0.2822699,-0.30068803,0.05330411,0.34394085,0.024909576,-0.117588915,0.15753444,-0.11121527,-0.049024083,-0.10780033,-0.052261245,-0.024658997
lymphoma,-0.076341264,-0.040352665,0.13751447,-0.080242075,0.19945402,0.02414624,-0.03709328,0.061970513,0.1649528,-0.024362626,0.19937468,-0.104978055,-0.32910976,-0.02730495,0.21653813,-0.0015415812,0.16183029,-0.06791854,-0.05773932,0.029309548,0.1720847,-0.40218848,0.0017548961,0.12169782,0.08284047,-0.18766242,0.26677573,0.0013408355,0.08494634,-0.32386646,-0.0032302812,0.094947785,0.042109154,0.024599155,-0.011391734,0.13391764,-0.0041222055,-0.25002807,0.18114398,-0.051210824,-0.18528928,0.15608051,-0.08513853,-0.08826739,0.08807605,0.08765123,-0.102357335,-0.11922912,-0.13243964,-0.09113643,-0.046400875,0.26824224,0.213954,0.08799891,0.12556514,-0.006347538,0.41350827,-0.31488734,-0.07901294,-0.024837688,0.18700531,0.1259792,0.08074973,0.12462784,0.063534945,-0.025575934,-0.078431666,0.10168799,0.20174202,0.25725788,0.023821497,0.06270603,-0.29173723,-0.1688011,0.14743792,0.053288303,0.19856171,0.05721832,-0.07508477,0.08913463,0.0040772962,-0.08066629,-0.24858505,0.16288932,0.025152696,0.016907588,-0.047907893,0.0229967,0.15645528,0.09056385,-0.17632802,-0.1988091,-0.07552433,0.036512017,-0.15216279,-0.094818175,-0.017721485,-0.088687,0.09190498,0.07166115,0.01290566,-0.17742677,0.057647683,0.02833285,0.059420932,0.05152291,-0.32591116,-0.21076533,0.07780586,0.102219395,0.13433905,0.039376564,0.14177115,-0.28782108,-0.02524243,0.026786847,0.30923092,-0.3294084,0.05839548,0.37679267,0.027288748,-0.12882054,0.17258134,-0.121838085,-0.0537067,-0.11809689,-0.05725302,-0.027014265
acute myelogenous leukemia cancer,-0.08286257,-0.043799773,0.14926152,-0.08709654,0.21649215,0.026208889,-0.040261827,0.06726419,0.1790436,-0.026443725,0.21640597,-0.11394563,-0.3572233,-0.02963743,0.23503552,-0.0016731635,0.17565447,-0.07372041,-0.06267164,0.031813223,0.18678477,-0.4365448,0.0019047903,0.13209368,0.08991688,-0.20369315,0.28956458,0.0014553935,0.09220274,-0.351532,-0.003506139,0.1030586,0.04570626,0.026700541,-0.012364872,0.14535743,-0.0044743316,-0.27138638,0.19661795,-0.055585478,-0.20111749,0.16941352,-0.09241144,-0.09580757,0.0955998,0.09513872,-0.11110107,-0.12941405,-0.14375311,-0.09892158,-0.05036462,0.29115647,0.23223075,0.09551605,0.13629133,-0.0068897945,0.44883156,-0.34178615,-0.08576248,-0.026959386,0.20297992,0.1367408,0.087647624,0.13527392,0.06896236,-0.02776073,-0.08513161,0.1103746,0.21897563,0.27923384,0.025856445,0.06806258,-0.31665853,-0.1832206,0.16003247,0.05784039,0.21552359,0.06210607,-0.08149877,0.096748844,0.0044255853,-0.08755713,-0.2698201,0.17680393,0.027301306,0.018351894,-0.05200041,0.024961187,0.16982022,0.098300144,-0.19139056,-0.21579212,-0.08197597,0.03963104,-0.1651611,-0.10291794,-0.019235281,-0.09626304,0.09975571,0.0777827,0.014008229,-0.19258314,0.06257212,0.030753145,0.064496905,0.055924222,-0.3537516,-0.22876962,0.08445236,0.11095134,0.14581469,0.042740308,0.15388174,-0.31240776,-0.027398681,0.029075159,0.33564657,-0.35754773,0.06338388,0.4089796,0.02961991,-0.1398249,0.18732381,-0.1322459,-0.058294486,-0.12818512,-0.062143773,-0.029321885
pancreatic adenocarcinoma cancer,-0.08060478,-0.04260628,0.14519458,-0.08472343,0.21059337,0.025494725,-0.039164867,0.06543151,0.17416528,-0.025723249,0.21050954,-0.11084089,-0.34749007,-0.028829886,0.22863135,-0.0016275932,0.17086834,-0.071711734,-0.060963973,0.030946402,0.18169525,-0.42465025,0.0018528578,0.12849444,0.087467045,-0.19814315,0.28167474,0.0014157485,0.08969051,-0.34195387,-0.003410636,0.1002505,0.044460803,0.025973003,-0.01202797,0.14139679,-0.0043523908,-0.26399186,0.1912607,-0.054070905,-0.19563752,0.1647974,-0.089893416,-0.09319705,0.09299496,0.09254642,-0.10807385,-0.12588793,-0.1398362,-0.09622632,-0.048992306,0.28322315,0.22590306,0.0929135,0.13257776,-0.0067020385,0.43660223,-0.33247343,-0.083425716,-0.026224837,0.19744933,0.13301502,0.08525944,0.1315881,0.067083314,-0.027004285,-0.08281198,0.10736717,0.21300904,0.2716254,0.025151845,0.06620807,-0.3080305,-0.17822836,0.15567216,0.056264378,0.20965114,0.06041382,-0.07927805,0.09411269,0.004304955,-0.085171424,-0.2624681,0.17198643,0.02655743,0.017851861,-0.050583493,0.024281073,0.16519305,0.095621735,-0.18617569,-0.20991233,-0.079742335,0.03855122,-0.16066092,-0.10011365,-0.01871119,-0.09364009,0.0970377,0.07566336,0.013626428,-0.18733579,0.0608672,0.02991525,0.06273951,0.05440046,-0.34411272,-0.22253631,0.082151264,0.10792821,0.14184164,0.041575726,0.14968891,-0.30389553,-0.02665219,0.02828296,0.32650116,-0.34780544,0.061656825,0.39783606,0.02881278,-0.13601503,0.18221977,-0.12864253,-0.05670616,-0.124692485,-0.06045051,-0.02852296
cholangiocarcinoma cancer,-0.102704376,-0.05428776,0.1850029,-0.10795219,0.268332,0.032484714,-0.049902763,0.08337097,0.22191647,-0.032775838,0.26822528,-0.14123043,-0.44276202,-0.036734212,0.2913158,-0.0020737895,0.21771565,-0.09137309,-0.077678554,0.039431076,0.2315111,-0.54107726,0.0023607954,0.16372404,0.11144802,-0.25246826,0.35890207,0.0018038555,0.11428103,-0.43570805,-0.0043457644,0.1277364,0.05665082,0.033094086,-0.015325713,0.18016388,-0.005545726,-0.33637094,0.24369895,-0.06889561,-0.24927579,0.20998023,-0.11453974,-0.11874896,0.11849153,0.117920056,-0.13770464,-0.16040283,-0.17817536,-0.12260883,-0.062424622,0.36087492,0.28783944,0.11838776,0.16892686,-0.008539553,0.5563062,-0.42362848,-0.10629867,-0.03341496,0.25158438,0.16948397,0.108635254,0.16766584,0.08547564,-0.03440814,-0.10551668,0.13680421,0.27141014,0.3460975,0.03204786,0.084360465,-0.39248386,-0.2270936,0.19835304,0.071690485,0.26713163,0.076977625,-0.101013966,0.11991573,0.005485266,-0.10852304,-0.33442965,0.21914044,0.033838745,0.022746336,-0.06445218,0.030938216,0.21048434,0.121838465,-0.23721986,-0.26746443,-0.10160548,0.049120907,-0.20470957,-0.127562,-0.023841236,-0.11931351,0.12364272,0.09640811,0.017362494,-0.23869799,0.07755528,0.038117155,0.07994102,0.06931548,-0.43845898,-0.28354958,0.10467486,0.1375191,0.18073069,0.05297461,0.19072933,-0.38721523,-0.033959456,0.0360373,0.4160186,-0.44316396,0.07856138,0.50691146,0.03671254,-0.1733065,0.23217931,-0.16391274,-0.07225337,-0.15887967,-0.077024326,-0.03634315
retinoblastoma,-0.09662152,-0.051072393,0.17404589,-0.1015586,0.25243968,0.030560749,-0.04694722,0.07843325,0.20877302,-0.030834679,0.25233924,-0.13286583,-0.4165388,-0.034558587,0.27406213,-0.0019510632,0.20482108,-0.08596139,-0.07307799,0.037095677,0.21779956,-0.50903124,0.0022210593,0.15402724,0.10484725,-0.23751552,0.33764553,0.0016970794,0.10751265,-0.4099026,-0.0040883855,0.120171,0.05329552,0.031134034,-0.014418061,0.16949338,-0.005217341,-0.31644896,0.22926557,-0.064815216,-0.23451208,0.19754381,-0.10775594,-0.11171597,0.11147375,0.11093603,-0.1295489,-0.15090272,-0.16762266,-0.11534717,-0.058727402,0.3395017,0.27079165,0.1113761,0.15892196,-0.008033762,0.523358,-0.39853832,-0.100003,-0.031435933,0.23668392,0.159446,0.10220118,0.15773566,0.08041327,-0.032370288,-0.09926731,0.12870175,0.25533545,0.32559952,0.03014977,0.079364054,-0.36923826,-0.21364364,0.18660538,0.067444496,0.25131047,0.07241854,-0.09503128,0.11281358,0.0051604784,-0.10209557,-0.3146226,0.20616148,0.03183457,0.021399185,-0.060634848,0.029105887,0.19801807,0.11462243,-0.22317012,-0.25162345,-0.09558759,0.046211585,-0.19258544,-0.120007,-0.022429217,-0.11224701,0.11631977,0.09069821,0.01633417,-0.22456072,0.07296189,0.03585964,0.075206324,0.06521015,-0.4124905,-0.26675582,0.098475344,0.12937438,0.17002672,0.049837172,0.17943315,-0.36428174,-0.031948064,0.03390298,0.39137936,-0.41691688,0.073908485,0.47688898,0.034538183,-0.16304213,0.21842818,-0.1542047,-0.06797411,-0.14946981,-0.07246239,-0.034190714
hepatocellular carcinoma cancer,-0.6092194,-0.32201907,1.0973878,-0.6403514,1.591683,0.19269489,-0.2960156,0.4945413,1.3163551,-0.19442102,1.5910456,-0.83774555,-2.6263542,-0.21789798,1.7280147,-0.012307798,1.2914369,-0.541998,-0.4607673,0.23389712,1.3732742,-3.2095382,0.014007664,0.97117627,0.66108215,-1.4975798,2.1289256,0.010696962,0.6778898,-2.5845149,-0.025783349,0.7577012,0.33603588,0.19629894,-0.09090588,1.0686924,-0.03289449,-1.9952718,1.445565,-0.40866944,-1.4786416,1.2455505,-0.6794233,-0.7043913,0.70286435,0.69947666,-0.8168294,-0.9514714,-1.0568924,-0.72728735,-0.37028888,2.1406224,1.7073952,0.7022479,1.0020295,-0.050656702,3.2998824,-2.5128624,-0.6305364,-0.19820528,1.4923469,1.0053399,0.6444018,0.99454814,0.5070243,-0.20410095,-0.6258981,0.8114879,1.6099403,2.0529668,0.19009413,0.50040317,-2.3281267,-1.3470649,1.1765857,0.4252508,1.5845611,0.45660925,-0.59919053,0.7113145,0.032540247,-0.6437331,-1.9837594,1.2998886,0.20072514,0.13492492,-0.382311,0.18351783,1.2485482,0.72272056,-1.4071283,-1.5865368,-0.60270065,0.29136574,-1.2142931,-0.75666463,-0.14142089,-0.7077441,0.73342127,0.5718693,0.10298652,-1.4158968,0.46004432,0.22609739,0.47418153,0.411157,-2.6008365,-1.6819485,0.62090236,0.8157349,1.0720487,0.31423193,1.1313674,-2.2968638,-0.20144355,0.2137614,2.467722,-2.628743,0.46600634,3.0068767,0.2177675,-1.0280094,1.3772274,-0.97228926,-0.42858854,-0.9424353,-0.45688835,-0.21558431
glioblastoma multiforme cancer,-0.26042742,-0.13765731,0.46911222,-0.2737344,0.6804091,0.082371086,-0.12653843,0.21140398,0.5627131,-0.08310959,0.68013835,-0.3581179,-1.1227113,-0.0931467,0.7386896,-0.005258646,0.55206156,-0.23169462,-0.19696939,0.099985406,0.5870425,-1.3720089,0.0059864046,0.41515526,0.28259864,-0.640184,0.9100679,0.0045744404,0.2897826,-1.1048251,-0.01101928,0.32390112,0.14364892,0.08391677,-0.03886161,0.45684114,-0.014062392,-0.85293543,0.6179471,-0.17469896,-0.6320888,0.5324468,-0.29043844,-0.30111167,0.30045927,0.29900992,-0.34917766,-0.40673396,-0.45179904,-0.3108992,-0.15829001,0.9150703,0.7298741,0.30019566,0.42834798,-0.0216533,1.4106249,-1.0741944,-0.2695415,-0.08473013,0.6379419,0.42976034,0.27546677,0.42515022,0.21674034,-0.08724881,-0.26755872,0.34689426,0.6882139,0.8775989,0.08126426,0.21391252,-0.995221,-0.57584137,0.5029635,0.18178537,0.67736596,0.19519228,-0.25614113,0.30407017,0.01390929,-0.2751815,-0.84801346,0.55567414,0.085804805,0.05767818,-0.1634316,0.07844994,0.53372467,0.30894566,-0.60151845,-0.6782094,-0.25764072,0.124556005,-0.5190821,-0.32345906,-0.060453843,-0.30254358,0.31352058,0.24446172,0.044025894,-0.6052661,0.19665699,0.09665314,0.20270655,0.17576343,-1.1118001,-0.7189963,0.26542392,0.34870684,0.45827898,0.13432766,0.4836326,-0.9818612,-0.08611091,0.091379315,1.0548975,-1.123731,0.199208,1.2853754,0.09309193,-0.43945312,0.58873725,-0.4156332,-0.1832128,-0.40287128,-0.1953104,-0.09215601
esophageal carcinoma cancer,-0.28152877,-0.14881055,0.50712186,-0.2959135,0.735539,0.089045316,-0.13679118,0.22853337,0.60830677,-0.0898436,0.7352462,-0.38713452,-1.2136785,-0.10069361,0.7985412,-0.005685237,0.59679186,-0.25046745,-0.21292835,0.10808659,0.6346072,-1.483176,0.0064713066,0.4487931,0.30549595,-0.69205415,0.9838058,0.004945241,0.31326216,-1.1943431,-0.011912189,0.35014486,0.15528789,0.09071595,-0.042010315,0.4938571,-0.015202341,-0.92204416,0.66801554,-0.18885405,-0.6833031,0.57558787,-0.31397095,-0.32550916,0.32480368,0.323237,-0.37746915,-0.43968934,-0.48840588,-0.33608955,-0.17111512,0.9892135,0.7890118,0.32451925,0.4630545,-0.023407558,1.5249207,-1.1612304,-0.29138082,-0.091595516,0.68963104,0.4645815,0.29778644,0.45959795,0.23430172,-0.09431807,-0.28923753,0.37500134,0.74397635,0.9487059,0.087848365,0.23124442,-1.075858,-0.6224988,0.543716,0.19651425,0.7322488,0.21100776,-0.27689514,0.32870734,0.015036474,-0.29747838,-0.9167231,0.60069746,0.09275752,0.062351096,-0.17667337,0.08480631,0.5769696,0.3339779,-0.65025634,-0.73316133,-0.2785162,0.13464832,-0.56114024,-0.34966695,-0.06535222,-0.32705745,0.338924,0.26426885,0.047592793,-0.6543076,0.21259113,0.1044846,0.21913089,0.19000469,-1.2018833,-0.7772528,0.2869297,0.37696075,0.49541107,0.14521141,0.522819,-1.0614164,-0.09308809,0.098783255,1.1403707,-1.2147804,0.21534908,1.3895223,0.10063443,-0.47505972,0.63643956,-0.44931012,-0.19805783,-0.435514,-0.21113524,-0.09962283
larynx cancer,-0.21344396,-0.11282263,0.38448,-0.22435048,0.5576576,0.06751076,-0.1037097,0.17326476,0.461195,-0.06811627,0.55743575,-0.29351044,-0.9201651,-0.076342344,0.60542345,-0.004309872,0.45246467,-0.189895,-0.16143456,0.081947125,0.48113522,-1.1244868,0.0049065906,0.3402572,0.2316155,-0.52468914,0.7458836,0.0037489024,0.23750335,-0.90550506,-0.009031637,0.2654666,0.11773378,0.068777286,-0.03185039,0.37442318,-0.011525281,-0.69905865,0.50646424,-0.14318158,-0.5180542,0.4363888,-0.23804083,-0.24678862,0.2462536,0.24506576,-0.2861831,-0.3333551,-0.37029073,-0.25481018,-0.1297333,0.74998385,0.5981985,0.24603817,0.35107023,-0.017747292,1.1561368,-0.8804,-0.22091408,-0.06944426,0.52285177,0.35222808,0.22576998,0.34844944,0.17763901,-0.07150838,-0.2192887,0.28431168,0.564055,0.7192728,0.066602916,0.17532095,-0.8156744,-0.47195435,0.41222486,0.14898996,0.55516297,0.15997772,-0.20993116,0.2492133,0.011399857,-0.22553653,-0.69502455,0.45542586,0.070324816,0.04727219,-0.13394704,0.06429683,0.43743643,0.25320935,-0.4929992,-0.5558548,-0.21116018,0.10208468,-0.42543516,-0.2651041,-0.049547892,-0.24796206,0.25695896,0.20035887,0.03608342,-0.4960711,0.16117823,0.079216376,0.16613618,0.14405426,-0.91122156,-0.58928365,0.21753927,0.28579733,0.37560147,0.110093914,0.396381,-0.80472493,-0.070575945,0.07489395,0.86458516,-0.92099977,0.16326913,1.053482,0.076297276,-0.36017203,0.48252374,-0.34064957,-0.15015963,-0.33018965,-0.16007473,-0.075529635
Luminal cancer,-0.1310071,-0.069248006,0.23598482,-0.13770105,0.34227735,0.041436672,-0.06365464,0.10634577,0.28307083,-0.041808013,0.34214133,-0.18014987,-0.56477576,-0.04685717,0.37159494,-0.0026453256,0.27771252,-0.11655314,-0.09908485,0.0502972,0.29530963,-0.6901843,0.0030116115,0.20884216,0.14216022,-0.322042,0.45780614,0.0023010578,0.14577386,-0.555778,-0.0055432166,0.16293718,0.07226223,0.042213988,-0.019549018,0.22981231,-0.007074069,-0.42906615,0.31085598,-0.08788149,-0.3179697,0.26784545,-0.14610392,-0.15147327,0.15114473,0.15041582,-0.17565253,-0.20460573,-0.22727597,-0.15639675,-0.07962718,0.46032286,0.36716044,0.15101244,0.2154787,-0.010892808,0.7096102,-0.5403696,-0.13559183,-0.042623296,0.32091448,0.21618932,0.13857235,0.21387026,0.10903052,-0.043890107,-0.13459437,0.17450397,0.3462038,0.441473,0.040879436,0.10760798,-0.5006421,-0.28967476,0.25301397,0.09144656,0.34074613,0.0981906,-0.12885079,0.15296149,0.0069968873,-0.1384291,-0.42658997,0.27952987,0.04316384,0.029014656,-0.082213454,0.039464008,0.26848844,0.15541415,-0.3025914,-0.34117073,-0.12960517,0.06265727,-0.2611223,-0.16271485,-0.030411195,-0.15219328,0.15771547,0.12297565,0.02214712,-0.30447704,0.09892751,0.04862123,0.10197051,0.088417046,-0.559287,-0.36168855,0.13352059,0.17541586,0.23053555,0.06757314,0.2432895,-0.49392164,-0.04331776,0.045968283,0.5306626,-0.5652885,0.10021095,0.6466033,0.046829574,-0.22106524,0.2961619,-0.20908271,-0.0921646,-0.20266284,-0.09825018,-0.04635848
wilms tumor cancer,-0.1132443,-0.059858974,0.20398848,-0.11903072,0.29586923,0.035818394,-0.055024,0.09192684,0.2446903,-0.036139328,0.29575157,-0.155724,-0.4882,-0.040503982,0.32121176,-0.0022866875,0.24005847,-0.10075006,-0.085650206,0.043477587,0.2552697,-0.5966047,0.002603272,0.18052611,0.122885086,-0.27837762,0.39573398,0.0019890224,0.12600908,-0.48042202,-0.004791685,0.14084509,0.062464524,0.03649026,-0.01689849,0.19865298,-0.006114832,-0.37089056,0.2687082,-0.07596604,-0.2748575,0.23152918,-0.12629429,-0.13093548,0.13065155,0.13002156,-0.15183647,-0.176864,-0.19646041,-0.13519147,-0.06883087,0.39790946,0.3173784,0.13053726,0.18626277,-0.009415885,0.6133965,-0.4671027,-0.11720739,-0.03684415,0.2774029,0.18687701,0.119783826,0.18487234,0.09424742,-0.03793924,-0.11634513,0.15084359,0.29926327,0.38161537,0.035336748,0.09301781,-0.43276176,-0.2503988,0.2187089,0.07904769,0.2945457,0.08487736,-0.11138047,0.13222197,0.0060482263,-0.11966006,-0.3687502,0.24162933,0.037311364,0.025080703,-0.0710664,0.03411324,0.232085,0.13434204,-0.26156422,-0.29491264,-0.11203269,0.054161903,-0.22571766,-0.1406529,-0.026287906,-0.13155802,0.13633129,0.10630181,0.019144269,-0.2631941,0.08551425,0.042028885,0.08814474,0.07642884,-0.48345527,-0.31264853,0.11541704,0.1516318,0.19927806,0.05841105,0.21030273,-0.42695272,-0.037444446,0.039735593,0.4587121,-0.48864317,0.08662367,0.5589327,0.040480167,-0.19109182,0.25600645,-0.18073396,-0.07966833,-0.17518455,-0.08492887,-0.040072866
chronic lymphocytic leukemia cancer,-0.27008253,-0.1427606,0.4865044,-0.28388286,0.70563465,0.08542517,-0.13122983,0.21924174,0.58357525,-0.08619085,0.7053541,-0.371395,-1.1643354,-0.0966,0.7660761,-0.0054536364,0.5725288,-0.24028476,-0.20427169,0.10369228,0.60880655,-1.4228759,0.006208526,0.43054685,0.29307595,-0.6639181,0.9438079,0.0047440194,0.30052602,-1.1457858,-0.011427937,0.33590958,0.14897434,0.0870276,-0.040302288,0.47377825,-0.0145839425,-0.8845573,0.6408568,-0.18117608,-0.65552294,0.5521868,-0.30120647,-0.31227517,0.3115983,0.31009534,-0.3621231,-0.4218131,-0.46854916,-0.3224254,-0.16415866,0.94899553,0.75693357,0.31132564,0.4442287,-0.022455981,1.4629233,-1.1140192,-0.2795347,-0.087871395,0.6615931,0.44569328,0.28567976,0.44091257,0.22477628,-0.09048343,-0.2774783,0.35975522,0.71372956,0.91013557,0.08427677,0.22184303,-1.0321182,-0.5971902,0.5216109,0.18852511,0.7024786,0.20242894,-0.26563737,0.31534338,0.0144250505,-0.2853837,-0.8794528,0.5762755,0.088985905,0.059816472,-0.16949074,0.081358194,0.55351233,0.3203996,-0.62381923,-0.7033541,-0.26719248,0.12917385,-0.53832686,-0.335451,-0.062695414,-0.31376058,0.32514447,0.25352484,0.045657817,-0.6277061,0.20394796,0.10023675,0.21022171,0.18227987,-1.1530193,-0.7456528,0.27526435,0.36163485,0.4752697,0.13930789,0.50156283,-1.0182635,-0.08930372,0.0947672,1.0940076,-1.1653924,0.20659365,1.3330293,0.09654318,-0.45574576,0.61056453,-0.43104282,-0.19000547,-0.41780767,-0.20255132,-0.0955724
squamous cell carcinomas cancer,-0.5340772,-0.28230023,0.96203566,-0.5613704,1.3953624,0.1689274,-0.25950384,0.43354446,1.1539938,-0.17044139,1.3948052,-0.7344155,-2.302418,-0.19102167,1.5148828,-0.010789787,1.1321508,-0.4751477,-0.40393615,0.20504753,1.2038903,-2.8136702,0.012279214,0.85139304,0.57954246,-1.3128681,1.8663408,0.009380575,0.5942774,-2.2657382,-0.02260334,0.66424423,0.29458997,0.17209028,-0.079694204,0.9368791,-0.028839437,-1.7491732,1.2672672,-0.358265,-1.2962679,1.0919261,-0.5956208,-0.61751306,0.61617255,0.6132027,-0.71607906,-0.8341161,-0.92653316,-0.6375824,-0.32461768,1.876595,1.4968052,0.61563027,0.8784366,-0.04440899,2.8928719,-2.2029257,-0.55276614,-0.17375892,1.3082769,0.88133925,0.56491995,0.8718831,0.44448525,-0.17892762,-0.5487004,0.7113979,1.4113681,1.7997509,0.16664857,0.43868235,-2.040973,-1.1809182,1.0314621,0.37280005,1.3891203,0.40029234,-0.52528465,0.62358147,0.02852613,-0.5643334,-1.7390819,1.1395606,0.1759676,0.118282445,-0.3351555,0.16088226,1.0945517,0.633579,-1.2335749,-1.3908516,-0.5283608,0.25543112,-1.0645196,-0.66333836,-0.123974584,-0.6204519,0.6429603,0.5013351,0.09028345,-1.24126,0.40330285,0.19820924,0.4156961,0.36044613,-2.280048,-1.4744946,0.54431987,0.71512,0.93982106,0.27547652,0.9918263,-2.0135653,-0.17659606,0.18739665,2.1633513,-2.3045118,0.4085286,2.636009,0.1909069,-0.9012155,1.2073594,-0.8523676,-0.37572798,-0.8261957,-0.400534,-0.18899438
triple negative cancer,-0.09174368,-0.048494097,0.16525921,-0.09643152,0.23969536,0.029017897,-0.044577107,0.074473575,0.19823328,-0.029277932,0.23960003,-0.12615821,-0.39551002,-0.03281387,0.26022622,-0.0018525935,0.19448085,-0.081621684,-0.06938863,0.035222933,0.206804,-0.48333305,0.0021089439,0.14625132,0.09955418,-0.22552465,0.32059962,0.0016114105,0.10208488,-0.38920882,-0.003881906,0.11410424,0.050604966,0.029562268,-0.013690166,0.16093658,-0.0049539246,-0.30047315,0.21769114,-0.061543036,-0.22267295,0.18757096,-0.10231588,-0.106076,0.105846,0.1053355,-0.12300867,-0.14328451,-0.15916035,-0.10952391,-0.055762634,0.322362,0.25712085,0.10575332,0.15089884,-0.0076281554,0.49693662,-0.37841827,-0.09495439,-0.029848935,0.2247351,0.15139647,0.09704165,0.14977245,0.07635363,-0.03073608,-0.09425583,0.12220433,0.24244496,0.30916172,0.028627671,0.07535738,-0.35059762,-0.20285799,0.17718458,0.06403958,0.2386231,0.068762526,-0.09023362,0.10711824,0.004899869,-0.09694129,-0.29873905,0.19575353,0.03022742,0.02031887,-0.05757374,0.027636513,0.18802129,0.10883579,-0.21190351,-0.2389204,-0.09076208,0.04387864,-0.18286277,-0.11394846,-0.021296872,-0.10658034,0.11044745,0.086119354,0.015509427,-0.213224,0.069278456,0.0340492,0.07140952,0.061918028,-0.3916662,-0.2532889,0.09350379,0.12284293,0.16144298,0.04732112,0.17037463,-0.34589133,-0.030335244,0.0321914,0.3716208,-0.39586902,0.07017726,0.45281342,0.032794543,-0.15481102,0.20740096,-0.14641978,-0.06454248,-0.14192389,-0.068804204,-0.032464687
Luminal B Her2+ cancer,-0.2596533,-0.1372481,0.46771726,-0.27292052,0.67838687,0.08212646,-0.12616222,0.21077548,0.5610408,-0.082862794,0.67811704,-0.3570534,-1.1193743,-0.09287012,0.73649377,-0.005242808,0.55042046,-0.231006,-0.19638416,0.09968793,0.58529764,-1.3679314,0.005968725,0.41392103,0.2817584,-0.6382808,0.90736276,0.004560539,0.2889211,-1.1015407,-0.010986785,0.32293835,0.14322236,0.08366717,-0.038745973,0.45548353,-0.014020543,-0.8504004,0.61611056,-0.17417946,-0.6302099,0.53086406,-0.28957498,-0.30021676,0.29956573,0.29812115,-0.34813988,-0.4055244,-0.45045647,-0.30997527,-0.15781945,0.91235065,0.7277044,0.29930344,0.42707464,-0.021589272,1.406432,-1.0710012,-0.2687403,-0.08447842,0.6360458,0.42848277,0.27464736,0.42388645,0.2160963,-0.08698932,-0.2667634,0.34586334,0.6861692,0.8749904,0.08102226,0.21327674,-0.992263,-0.5741295,0.50146866,0.18124536,0.6753523,0.19461212,-0.2553798,0.3031665,0.013867939,-0.2743638,-0.84549284,0.55402243,0.08554972,0.0575064,-0.16294533,0.07821693,0.5321386,0.30802748,-0.5997303,-0.67619354,-0.25687513,0.12418571,-0.517539,-0.32249755,-0.060274567,-0.30164418,0.31258875,0.24373531,0.04389521,-0.60346717,0.19607225,0.09636636,0.2021039,0.17524083,-1.1084951,-0.7168592,0.26463488,0.3476708,0.45691657,0.13392848,0.4821947,-0.9789427,-0.08585462,0.09110841,1.0517625,-1.1203905,0.19861594,1.2815545,0.09281533,-0.43814704,0.586987,-0.41439787,-0.18266833,-0.4016735,-0.19473009,-0.09188153
invasive lobular carcinoma cancer,-0.22335565,-0.11806182,0.40233377,-0.23476848,0.5835531,0.070645764,-0.10852555,0.18131062,0.48261106,-0.07127919,0.58332115,-0.30713975,-0.9628936,-0.07988735,0.633537,-0.0045100567,0.47347558,-0.19871299,-0.16893102,0.08575246,0.5034769,-1.1767044,0.0051338915,0.35605788,0.24237087,-0.5490535,0.7805198,0.0039230655,0.24853218,-0.9475534,-0.009450891,0.2777939,0.123200946,0.07197109,-0.03332963,0.3918099,-0.012060343,-0.73152065,0.52998227,-0.14983031,-0.5421106,0.45665312,-0.2490945,-0.25824854,0.25768885,0.25644585,-0.2994722,-0.34883502,-0.38748556,-0.26664284,-0.13575749,0.7848104,0.6259768,0.25746316,0.36737248,-0.0185713,1.2098228,-0.9212829,-0.2311724,-0.07266886,0.547131,0.36858398,0.23625389,0.3646303,0.18588775,-0.07482886,-0.22947176,0.29751393,0.59024745,0.75267315,0.069696054,0.18346219,-0.8535511,-0.4938702,0.43136686,0.15590827,0.5809428,0.16740654,-0.21967946,0.26078588,0.011929095,-0.23600942,-0.7272986,0.47657457,0.07359042,0.04946769,-0.14016677,0.06728245,0.45774925,0.26496744,-0.5158921,-0.5816665,-0.22096564,0.106825106,-0.44519076,-0.2774147,-0.05184847,-0.25947636,0.26889095,0.20966288,0.037758842,-0.51910675,0.16866282,0.082894824,0.17385124,0.15074351,-0.9535356,-0.6166472,0.22764084,0.2990687,0.3930429,0.115206115,0.41478753,-0.8420937,-0.07385316,0.07837173,0.9047333,-0.96376765,0.17085083,1.1024021,0.079840235,-0.37689716,0.5049303,-0.35646814,-0.15713243,-0.34552243,-0.16750798,-0.07903728
PR negative cancer,-0.17922524,-0.09473529,0.322841,-0.18838312,0.46825537,0.056687694,-0.087083235,0.14548743,0.3872573,-0.05719588,0.468069,-0.24645542,-0.77264595,-0.06410333,0.5083633,-0.0036188867,0.37992677,-0.1594515,-0.13555372,0.068809465,0.40400052,-0.94421196,0.00411991,0.28570807,0.19448325,-0.44057208,0.62630534,0.0031478126,0.19942732,-0.7603364,-0.007583582,0.2229077,0.098859034,0.057751264,-0.026744282,0.31439656,-0.009677686,-0.5869874,0.42526904,-0.12022692,-0.43500105,0.366428,-0.19987856,-0.20722394,0.20677476,0.20577736,-0.24030279,-0.2799124,-0.31092653,-0.21395965,-0.10893472,0.6297483,0.5022966,0.20659383,0.2947874,-0.01490207,0.970787,-0.7392566,-0.18549773,-0.058311082,0.43902946,0.2957594,0.18957496,0.2925869,0.14916013,-0.060044337,-0.18413286,0.23873141,0.473627,0.6039604,0.055925425,0.14721394,-0.6849074,-0.3962918,0.3461377,0.12510423,0.46616063,0.13433038,-0.17627542,0.20926003,0.009572231,-0.18937898,-0.58359975,0.3824129,0.0590506,0.039693724,-0.112472735,0.05398896,0.36730748,0.2126154,-0.41396266,-0.4667413,-0.17730741,0.085718855,-0.35723048,-0.2226032,-0.041604344,-0.20820926,0.21576372,0.16823788,0.030298565,-0.41654214,0.13533866,0.06651663,0.13950177,0.1209597,-0.7651369,-0.49481058,0.1826638,0.23997898,0.3153858,0.0924439,0.33283415,-0.6757135,-0.05926123,0.06288717,0.72597724,-0.7733474,0.13709424,0.88459074,0.064065464,-0.30243012,0.40516663,-0.28603736,-0.12608641,-0.2772543,-0.13441189,-0.06342093
pancreatic cancer cell line cancer,-0.5820586,-0.30766356,1.0484655,-0.61180365,1.5207214,0.18410401,-0.2828181,0.4724938,1.2576693,-0.1857532,1.5201143,-0.8003963,-2.5092669,-0.20818393,1.6509796,-0.011758643,1.2338632,-0.5178349,-0.4402256,0.22346966,1.3120481,-3.0664525,0.01338257,0.9278811,0.63160926,-1.4308175,2.0340137,0.010222331,0.64766717,-2.4692922,-0.024634698,0.7239204,0.32105583,0.1875495,-0.086853854,1.0210482,-0.031429328,-1.9063201,1.3811189,-0.39045158,-1.4127244,1.1900241,-0.6491324,-0.6729903,0.6715288,0.66829306,-0.78041184,-0.90905344,-1.009774,-0.6948621,-0.3537811,2.045189,1.6312789,0.670939,0.9573554,-0.048398703,3.1527684,-2.400836,-0.6024265,-0.18936953,1.4258139,0.960519,0.6156719,0.9502122,0.48441863,-0.19500166,-0.59799594,0.7753099,1.5381664,1.9614408,0.18162106,0.47809434,-2.2243354,-1.2870119,1.1241293,0.4062927,1.5139192,0.4362551,-0.5724756,0.67960286,0.031089712,-0.6150333,-1.8953211,1.2419385,0.19177592,0.12890932,-0.36526635,0.1753364,1.1928866,0.6905,-1.3443984,-1.5158061,-0.57583076,0.27837828,-1.1601565,-0.7229331,-0.13511308,-0.6761935,0.7007244,0.54637474,0.09839499,-1.3527744,0.4395351,0.21601677,0.45304233,0.3928278,-2.4848876,-1.6069645,0.593222,0.77936643,1.0242548,0.30022424,1.0809311,-2.194464,-0.19246149,0.20423228,2.3577075,-2.511549,0.44523063,2.872826,0.20805794,-0.9821806,1.3158295,-0.9289436,-0.40948188,-0.9004206,-0.4365182,-0.20597307
large cell carcinoma cancer,-0.2019305,-0.106736995,0.36374024,-0.21224847,0.52757645,0.063869126,-0.09811535,0.16391844,0.43631724,-0.06444178,0.5273667,-0.27767786,-0.8705291,-0.07222431,0.5727655,-0.0040772897,0.42805803,-0.17965165,-0.15272644,0.077526644,0.4551816,-1.0638301,0.0046418984,0.32190344,0.21912159,-0.49638647,0.7056493,0.003546618,0.22469188,-0.85665995,-0.008544257,0.2511467,0.11138308,0.0650673,-0.030132543,0.3542261,-0.01090349,-0.66135025,0.47914457,-0.13545796,-0.4901094,0.41284904,-0.22520027,-0.23347653,0.23297013,0.23184656,-0.27074578,-0.31537342,-0.3503167,-0.24106526,-0.1227352,0.7095286,0.56593066,0.23276627,0.33213276,-0.01678979,1.0937723,-0.8329099,-0.20899741,-0.065698326,0.49464813,0.3332279,0.21359137,0.32965338,0.16805656,-0.067651,-0.20745996,0.26897535,0.5336287,0.6804738,0.06301046,0.16586378,-0.77167547,-0.44649622,0.38998866,0.14095314,0.5252165,0.15134828,-0.19860697,0.23577027,0.01078487,-0.21337074,-0.6575331,0.4308594,0.06653139,0.044722512,-0.1267215,0.06082852,0.41384017,0.23955074,-0.46640593,-0.52587086,-0.19976982,0.09657806,-0.40248647,-0.25080386,-0.046874985,-0.23458631,0.24309815,0.18955116,0.034136895,-0.46931195,0.15248404,0.074943215,0.15717454,0.13628359,-0.8620688,-0.5574961,0.20580465,0.27038074,0.35534075,0.1041552,0.3749994,-0.76131666,-0.06676882,0.07085418,0.81794816,-0.8713196,0.15446211,0.9966557,0.07218179,-0.34074366,0.45649555,-0.32227442,-0.14205971,-0.3123786,-0.15144002,-0.0714556
papillary thyroid carcinoma cancer,-0.104629554,-0.055305388,0.18847078,-0.10997581,0.27336195,0.033093616,-0.050838187,0.084933676,0.2260763,-0.033390217,0.27325326,-0.14387779,-0.45106164,-0.03742284,0.2967765,-0.0021125616,0.22179677,-0.09308592,-0.079134725,0.040170167,0.23585083,-0.55121994,0.0024051988,0.16679305,0.113537036,-0.25720087,0.36562982,0.0018376717,0.116423264,-0.4438755,-0.004427214,0.13013078,0.057712726,0.03371451,-0.015612997,0.18354103,-0.0056497357,-0.34267628,0.24826722,-0.070187144,-0.2539486,0.21391647,-0.11668678,-0.120974995,0.12071273,0.12013049,-0.14028598,-0.16340967,-0.18151537,-0.12490711,-0.063594855,0.36763963,0.29323494,0.12060701,0.17209351,-0.008699632,0.5667343,-0.43156922,-0.10829123,-0.03404139,0.2563003,0.17266093,0.11067154,0.17080882,0.08707788,-0.035053097,-0.10749469,0.13936862,0.27649784,0.35258508,0.03264861,0.0859418,-0.39984098,-0.23135059,0.20207122,0.07303438,0.27213913,0.078420684,-0.1029075,0.12216357,0.005588083,-0.11055727,-0.34069866,0.22324824,0.034473017,0.023172725,-0.06566031,0.031518176,0.21442991,0.12412242,-0.24166656,-0.2724782,-0.10351007,0.050041698,-0.2085469,-0.12995319,-0.024288118,-0.12155006,0.12596036,0.09821536,0.017687978,-0.24317238,0.079009086,0.038831677,0.08143936,0.0706148,-0.446678,-0.28886476,0.10663698,0.14009686,0.18411855,0.05396763,0.19430466,-0.39447364,-0.034595955,0.036712807,0.42381695,-0.45147112,0.08003401,0.5164137,0.03740071,-0.17655511,0.23653156,-0.16698521,-0.07360782,-0.1618578,-0.07846819,-0.03702448
pancreatic ductal adenocarcinoma cancer,-0.6038889,-0.31919876,1.0877852,-0.6347474,1.5777526,0.19100812,-0.29342586,0.49021345,1.3048341,-0.19272035,1.577121,-0.83041334,-2.6033697,-0.21599053,1.7128925,-0.012200433,1.2801347,-0.53725433,-0.4567336,0.23184921,1.3612541,-3.1814506,0.013884541,0.9626775,0.65529567,-1.4844743,2.1102939,0.010604231,0.6719569,-2.5618973,-0.025558563,0.751069,0.33309487,0.19458131,-0.0901102,1.0593407,-0.032608684,-1.9778105,1.4329132,-0.405093,-1.4657024,1.234651,-0.6734761,-0.6982291,0.6967148,0.6933541,-0.8096797,-0.9431439,-1.0476414,-0.7209224,-0.36704752,2.1218882,1.6924529,0.696101,0.9932591,-0.050213028,3.2710044,-2.4908714,-0.6250185,-0.19647048,1.4792867,0.99654156,0.63876086,0.9858454,0.5025856,-0.20231394,-0.62042224,0.80438554,1.5958498,2.034998,0.18843067,0.49602282,-2.307753,-1.3352774,1.1662886,0.42152888,1.5706942,0.45261416,-0.593946,0.70508885,0.03225544,-0.63809955,-1.9663985,1.2885128,0.19896902,0.1337434,-0.37896392,0.1819113,1.2376224,0.71639526,-1.3948147,-1.5726522,-0.59742427,0.28881708,-1.2036651,-0.75004345,-0.14018118,-0.7015511,0.7270031,0.56686467,0.1020839,-1.4035056,0.45601973,0.22411858,0.470032,0.407559,-2.578075,-1.6672293,0.615469,0.80859584,1.0626669,0.3114827,1.1214675,-2.2767603,-0.19967924,0.21189022,2.4461253,-2.6057386,0.461928,2.9805632,0.21586108,-1.0190139,1.3651745,-0.9637809,-0.42483827,-0.93418854,-0.45288953,-0.2136979
plasma cell leukemia cancer,-0.29385123,-0.15532444,0.52931833,-0.30886567,0.76773375,0.09294281,-0.14277856,0.2385359,0.6349331,-0.09377567,0.767428,-0.40407944,-1.2668021,-0.10510114,0.8334939,-0.0059340224,0.62291384,-0.2614308,-0.22224821,0.11281762,0.6623841,-1.5480949,0.006754549,0.4684367,0.3188677,-0.7223456,1.0268676,0.0051615173,0.32697365,-1.2466198,-0.012433652,0.36547098,0.16208476,0.09468683,-0.04384918,0.5154729,-0.015867582,-0.9624022,0.69725496,-0.19712055,-0.71321195,0.6007821,-0.32771415,-0.33975685,0.3390205,0.33738497,-0.39399123,-0.45893508,-0.5097835,-0.35080007,-0.17860474,1.0325111,0.82354677,0.33872327,0.48332256,-0.024431976,1.5916665,-1.2120576,-0.30413482,-0.095604606,0.7198162,0.48491603,0.31082082,0.47971472,0.24455689,-0.09844638,-0.3018974,0.39141524,0.7765408,0.990231,0.09169387,0.24136621,-1.1229485,-0.6497461,0.56751466,0.20511596,0.7643002,0.22024375,-0.2890148,0.34309474,0.015694682,-0.31049907,-0.9568481,0.6269899,0.09681728,0.06508049,-0.18440649,0.08851834,0.60222334,0.34859627,-0.6787185,-0.7652521,-0.2907067,0.14054227,-0.5857016,-0.36497214,-0.06821258,-0.34137273,0.35375822,0.27583608,0.04967598,-0.68294704,0.22189596,0.10905807,0.22872214,0.1983213,-1.2544901,-0.81127346,0.29948872,0.3934601,0.51709545,0.15156724,0.54570293,-1.107875,-0.09716257,0.10310727,1.1902847,-1.2679522,0.22477508,1.450342,0.105039395,-0.49585345,0.6642969,-0.46897635,-0.20672664,-0.45457634,-0.2203767,-0.103983425
B acute lymphoblastic leukemia cancer,-0.24538575,-0.1297067,0.44201693,-0.25792417,0.6411108,0.07761386,-0.11922971,0.19919345,0.5302126,-0.07830938,0.6408559,-0.337434,-1.057867,-0.08776702,0.6960241,-0.004954772,0.5201757,-0.21831262,-0.18559326,0.09421024,0.55313647,-1.2927654,0.0056407684,0.3911767,0.26627672,-0.6032083,0.8575043,0.0043099048,0.2730453,-1.0410129,-0.010383014,0.30519345,0.13535257,0.07906991,-0.036616873,0.4304554,-0.01325021,-0.8036723,0.5822564,-0.16460858,-0.59558094,0.5016941,-0.27366337,-0.28372034,0.28310522,0.28173974,-0.32901016,-0.3832416,-0.42570463,-0.2929424,-0.14914772,0.8622184,0.6877183,0.28285745,0.4036076,-0.02040308,1.3291517,-1.0121515,-0.25397354,-0.07983656,0.60109633,0.4049386,0.25955603,0.40059465,0.20422226,-0.08220954,-0.25210515,0.32685858,0.6484651,0.82691085,0.076570146,0.20155762,-0.9377393,-0.54258204,0.47391385,0.17128621,0.6382428,0.18391833,-0.24134713,0.28650793,0.013105744,-0.25928804,-0.7990342,0.52357984,0.080848955,0.05434656,-0.15399167,0.07391902,0.50289834,0.291102,-0.5667759,-0.63903797,-0.24276033,0.11736179,-0.48910117,-0.3047768,-0.056962654,-0.2850691,0.29541284,0.23034248,0.041483436,-0.5703078,0.18529844,0.09107115,0.19099839,0.16561164,-1.0475852,-0.67746896,0.25009376,0.32856655,0.43180978,0.12656927,0.45569894,-0.9251517,-0.081137165,0.086102195,0.99397,-1.0588268,0.18770224,1.2111351,0.08771525,-0.41407147,0.55473304,-0.39162737,-0.17263101,-0.37960216,-0.18403006,-0.08683267
Burkitt's lymphoma cancer,-0.1209811,-0.06394853,0.21792495,-0.12716284,0.31608307,0.038265474,-0.058783147,0.098207206,0.26140758,-0.03860844,0.31595722,-0.16636303,-0.5215537,-0.043271277,0.3431567,-0.002442929,0.25645915,-0.107633285,-0.09150187,0.046447936,0.27270967,-0.63736475,0.002781103,0.19285956,0.13128053,-0.29739627,0.42277047,0.002124859,0.13461787,-0.5132443,-0.005119121,0.15046771,0.06673212,0.038983367,-0.018052973,0.21222486,-0.0065325885,-0.39622986,0.2870664,-0.08115594,-0.2936356,0.24734719,-0.13492261,-0.13988106,0.1395777,0.13890456,-0.16220981,-0.18894723,-0.20988251,-0.14442778,-0.07353328,0.4250945,0.33906165,0.13945554,0.19898818,-0.010059208,0.65530336,-0.499015,-0.12521498,-0.03936131,0.29635495,0.19964431,0.12796736,0.19750275,0.10068649,-0.040531237,-0.124293834,0.16114922,0.319709,0.4076871,0.03775087,0.09937281,-0.46232814,-0.267506,0.23365088,0.08444819,0.31466907,0.09067614,-0.11898994,0.1412553,0.0064615277,-0.1278352,-0.39394298,0.25813743,0.039860502,0.026794141,-0.07592176,0.036443897,0.24794097,0.14352028,-0.2794342,-0.31506088,-0.119686626,0.057862192,-0.24113856,-0.1502623,-0.028083952,-0.14054595,0.14564557,0.1135644,0.020452227,-0.28117555,0.091356434,0.044900287,0.09416685,0.081650436,-0.51648486,-0.3340085,0.123302236,0.16199124,0.21289265,0.06240173,0.22467054,-0.45612198,-0.040002633,0.042450357,0.4900511,-0.522027,0.09254179,0.5971188,0.043245677,-0.20414723,0.27349675,-0.19308172,-0.0851112,-0.18715298,-0.09073124,-0.042810597
Leptomeningeal metastasis cancer,-0.07486184,-0.039570685,0.1348497,-0.078687005,0.19558878,0.023678321,-0.036374427,0.06076959,0.16175619,-0.023890506,0.19551103,-0.102943644,-0.3227318,-0.026775777,0.21234177,-0.0015116618,0.15869421,-0.06660234,-0.05662038,0.028741512,0.16874981,-0.39439452,0.0017208257,0.11933944,0.08123509,-0.18402565,0.2616058,0.0013148349,0.083300136,-0.31759012,-0.003167651,0.09310778,0.04129311,0.024122465,-0.011171027,0.13132252,-0.0040423726,-0.24518277,0.17763363,-0.05021846,-0.18169856,0.15305586,-0.08348866,-0.086556874,0.0863692,0.08595266,-0.100373745,-0.11691859,-0.12987311,-0.08937029,-0.045501668,0.26304388,0.20980778,0.08629356,0.12313175,-0.0062245135,0.40549496,-0.30878514,-0.07748179,-0.024356341,0.18338129,0.12353786,0.07918488,0.12221263,0.06230371,-0.025080303,-0.07691174,0.09971736,0.19783247,0.2522725,0.02335988,0.06149081,-0.28608373,-0.16552988,0.14458072,0.052255645,0.19471383,0.056109473,-0.07362969,0.08740727,0.0039982675,-0.07910303,-0.24376781,0.15973273,0.024665216,0.016580008,-0.04697953,0.022551049,0.15342325,0.08880876,-0.17291091,-0.19495645,-0.07406085,0.035804473,-0.14921403,-0.09298071,-0.017377999,-0.08696836,0.090123795,0.07027244,0.012655612,-0.1739884,0.05653046,0.02778376,0.058269396,0.050524455,-0.31959528,-0.2066809,0.07629808,0.10023847,0.1317357,0.0386135,0.13902375,-0.2822434,-0.024753232,0.026267838,0.30323845,-0.32302475,0.05726388,0.3694907,0.026759991,-0.12632413,0.16923693,-0.11947695,-0.05266592,-0.11580831,-0.056143496,-0.026490793
Luminal A cancer,-0.22567871,-0.11928964,0.40651816,-0.23720996,0.589622,0.07138027,-0.10965449,0.18319647,0.48763037,-0.07202049,0.5893871,-0.31033406,-0.97290754,-0.08071801,0.64012563,-0.0045571197,0.4783996,-0.20077974,-0.1706876,0.08664409,0.5087129,-1.1889418,0.005187308,0.3597609,0.24489164,-0.55476356,0.7886373,0.0039639524,0.25111687,-0.9574079,-0.009548921,0.28068274,0.12448185,0.072719894,-0.03367613,0.39588472,-0.012186082,-0.73912823,0.5354938,-0.15138914,-0.54774886,0.4614022,-0.25168508,-0.26093438,0.2603687,0.2591126,-0.3025865,-0.35246325,-0.39151525,-0.26941553,-0.13716912,0.79297197,0.6324865,0.2601405,0.3711932,-0.018763935,1.2224047,-0.93086416,-0.2335767,-0.07342463,0.55282086,0.37241697,0.23871118,0.36842233,0.18782067,-0.07560715,-0.23185827,0.30060816,0.5963857,0.7605007,0.07042095,0.18537,-0.8624283,-0.4990067,0.43585277,0.1575296,0.58698475,0.16914776,-0.22196409,0.2634979,0.012053373,-0.23846403,-0.7348623,0.4815304,0.07435604,0.049981903,-0.14162463,0.06798211,0.46250972,0.26772287,-0.521258,-0.5877159,-0.22326367,0.107936665,-0.44982073,-0.2802997,-0.05238748,-0.26217523,0.27168742,0.21184312,0.03815127,-0.5245053,0.17041701,0.08375685,0.17565928,0.1523113,-0.9634519,-0.62306046,0.23000832,0.30217856,0.39713082,0.116404235,0.4191015,-0.85085124,-0.07462123,0.07918649,0.9141427,-0.9737909,0.17262787,1.1138673,0.08067039,-0.38081688,0.5101819,-0.3601753,-0.15876672,-0.34911612,-0.16924986,-0.07985936
tonsil cancer,-0.14276089,-0.07546104,0.25715753,-0.15005556,0.37298664,0.045154292,-0.06936566,0.11588721,0.30846804,-0.045558922,0.37283814,-0.19631283,-0.6154476,-0.051061284,0.4049343,-0.002882572,0.30262873,-0.12701021,-0.10797464,0.054809827,0.32180467,-0.75210756,0.0032816713,0.22757952,0.15491472,-0.35093585,0.49888057,0.0025073919,0.15885288,-0.60564214,-0.006040595,0.17755605,0.078745596,0.046001375,-0.021303084,0.2504311,-0.0077086086,-0.467562,0.33874613,-0.09576623,-0.3464981,0.29187638,-0.15921235,-0.1650633,0.16470556,0.16391106,-0.19141206,-0.22296299,-0.24766727,-0.17042859,-0.08677142,0.501623,0.400102,0.16456121,0.23481153,-0.011870073,0.77327585,-0.58885145,-0.14775714,-0.046447396,0.34970683,0.23558581,0.15100498,0.23305862,0.11881278,-0.04782791,-0.1466702,0.19016045,0.37726527,0.48108193,0.044547126,0.11726257,-0.5455599,-0.31566435,0.27571437,0.0996512,0.37131798,0.10700027,-0.14041139,0.16668509,0.0076247146,-0.15084906,-0.46486348,0.3046092,0.04703647,0.03161783,-0.08958957,0.043004744,0.2925771,0.16935773,-0.3297399,-0.37178072,-0.14123355,0.06827892,-0.2845501,-0.17731367,-0.033139754,-0.16584803,0.17186566,0.1340091,0.024134308,-0.33179477,0.107803404,0.052983563,0.111119464,0.09634981,-0.60946614,-0.3941392,0.14549997,0.19115408,0.25121897,0.07363564,0.26511747,-0.5382363,-0.047204252,0.050092593,0.57827365,-0.6160063,0.10920174,0.7046163,0.051031094,-0.24089919,0.3227336,-0.22784168,-0.10043348,-0.22084558,-0.107065365,-0.05051766
meningioma cancer,-0.21192111,-0.1120177,0.38173664,-0.22274965,0.55367804,0.067029096,-0.102969944,0.17202872,0.4579041,-0.067629814,0.55345803,-0.29141605,-0.91359884,-0.0757974,0.60110354,-0.004279486,0.44923618,-0.18853979,-0.16028243,0.0813623,0.47770175,-1.1164633,0.0048713842,0.33782992,0.2299626,-0.52094525,0.7405616,0.003722379,0.23580843,-0.89904356,-0.0089668995,0.2635723,0.11689343,0.06828675,-0.03162333,0.3717517,-0.011443346,-0.69407064,0.5028498,-0.14216025,-0.514358,0.4332747,-0.2363423,-0.24502766,0.24449667,0.24331747,-0.28414065,-0.33097684,-0.36764842,-0.25299218,-0.12880744,0.74463224,0.59393,0.24428211,0.34856498,-0.01762011,1.1478865,-0.87411857,-0.21933766,-0.068948634,0.51912105,0.3497143,0.22415912,0.34596303,0.17637089,-0.07099816,-0.21772416,0.28228295,0.5600297,0.7141403,0.0661281,0.17406967,-0.80985457,-0.46858695,0.40928295,0.14792657,0.5512019,0.15883638,-0.20843318,0.2474352,0.011318909,-0.22392718,-0.6900651,0.4521761,0.069823235,0.04693491,-0.13299127,0.063838035,0.4343149,0.25140244,-0.48948157,-0.5518886,-0.20965365,0.10135659,-0.42239934,-0.26321265,-0.049193855,-0.24619298,0.2551253,0.19892891,0.035825532,-0.4925312,0.16002843,0.07865089,0.164951,0.14302619,-0.9047199,-0.58507824,0.21598692,0.28375798,0.3729215,0.10930815,0.39355278,-0.798983,-0.070072286,0.07435919,0.85841614,-0.91442823,0.16210434,1.0459654,0.07575283,-0.3576021,0.47908077,-0.33821875,-0.14908835,-0.32783386,-0.15893237,-0.07499129
breast cancer brain metastasis cancer,-0.0717605,-0.03793137,0.1292632,-0.07542716,0.18748616,0.02269735,-0.034867436,0.058252044,0.15505509,-0.02290075,0.18741156,-0.09867899,-0.309362,-0.02566658,0.20354506,-0.0014489484,0.15212,-0.0638432,-0.054274812,0.027550833,0.16175894,-0.37805578,0.0016495797,0.1143955,0.07786974,-0.17640199,0.2507683,0.0012603594,0.07984928,-0.3044332,-0.0030363775,0.08925059,0.03958243,0.023123175,-0.010708183,0.12588213,-0.0038749212,-0.2350256,0.17027476,-0.04813802,-0.17417131,0.14671516,-0.08003,-0.08297105,0.08279112,0.082391895,-0.096215546,-0.11207498,-0.124492824,-0.08566794,-0.04361668,0.25214675,0.2011161,0.0827187,0.1180308,-0.0059666764,0.38869622,-0.29599318,-0.07427191,-0.023347327,0.17578429,0.11842004,0.07590443,0.117149696,0.05972265,-0.024041308,-0.07372552,0.09558637,0.18963687,0.24182159,0.022392116,0.05894347,-0.2742321,-0.15867244,0.1385911,0.050090834,0.18664736,0.053784985,-0.07057941,0.083786264,0.0038325756,-0.075826,-0.23366916,0.15311539,0.023643415,0.015893092,-0.045033332,0.021616839,0.14706738,0.085129716,-0.16574773,-0.18687995,-0.070992686,0.034321215,-0.14303255,-0.089128785,-0.016658071,-0.0833654,0.0863903,0.06736123,0.012131406,-0.16678056,0.05418856,0.026632791,0.055855505,0.04843139,-0.30635533,-0.19811866,0.073137306,0.096085876,0.12627822,0.03701387,0.13326441,-0.27055085,-0.02372777,0.025179654,0.29067618,-0.30964282,0.05489157,0.35418382,0.025651418,-0.12109087,0.1622259,-0.11452731,-0.050484106,-0.11101065,-0.053817637,-0.025393322
chordoma,-0.31278455,-0.16533202,0.56342375,-0.32876664,0.81720036,0.09893118,-0.15197836,0.25390574,0.675843,-0.09981799,0.8168755,-0.43011495,-1.3484246,-0.111873195,0.8871977,-0.006316815,0.6630494,-0.27827537,-0.23656783,0.12008643,0.7050627,-1.6478413,0.0071898997,0.4986196,0.33941376,-0.76888746,1.0930309,0.0054941317,0.34804127,-1.326942,-0.013234565,0.38901892,0.1725281,0.100788,-0.04667487,0.548686,-0.016889703,-1.024412,0.74218005,-0.20982176,-0.75916564,0.6394914,-0.34882927,-0.36164862,0.36086407,0.35912326,-0.41937655,-0.48850548,-0.5426297,-0.37340263,-0.19011246,1.0990381,0.8766105,0.36054766,0.5144639,-0.026005814,1.6942211,-1.2901535,-0.32373106,-0.10176436,0.7661957,0.51616013,0.33084756,0.51062363,0.26031387,-0.10478934,-0.32134956,0.4166349,0.82657516,1.0540344,0.09760155,0.25691754,-1.1953032,-0.6916105,0.6040805,0.21833198,0.8135456,0.23443493,-0.30763653,0.3652016,0.016706055,-0.3305052,-1.0185002,0.66738826,0.103055514,0.069273345,-0.19628781,0.09422174,0.64102644,0.37105662,-0.7224504,-0.81455934,-0.30943722,0.14959796,-0.6234397,-0.3884883,-0.07260725,-0.36336887,0.37655196,0.29360867,0.052875917,-0.72695065,0.23619348,0.11608486,0.24345933,0.21110004,-1.3353196,-0.86354584,0.31878537,0.4188117,0.55041283,0.16133316,0.58086413,-1.1792575,-0.1034229,0.10975012,1.2669773,-1.3496492,0.23925813,1.5437912,0.11180654,-0.5278025,0.707099,-0.49919385,-0.22004649,-0.48386616,-0.23457585,-0.1106837
"Luminal A,triple negative cancer",-0.30090156,-0.15905048,0.5420187,-0.31627712,0.78615355,0.09517259,-0.1462046,0.24425994,0.65016645,-0.09602641,0.7858413,-0.41377452,-1.2971965,-0.1076228,0.8534917,-0.0060770637,0.6378593,-0.26770338,-0.22758023,0.11552429,0.6782765,-1.5852383,0.0069172992,0.47967678,0.32651895,-0.73967695,1.0515051,0.005285704,0.334819,-1.27653,-0.012732179,0.37423962,0.1659733,0.09695861,-0.04490146,0.5278407,-0.016248541,-0.9854935,0.71398413,-0.20185049,-0.73032427,0.61519617,-0.33557653,-0.34790924,0.34715474,0.34547976,-0.40344366,-0.46994618,-0.52201456,-0.35921693,-0.18289012,1.057284,0.84330654,0.34685022,0.49491864,-0.025018232,1.6298561,-1.241139,-0.31143177,-0.09789816,0.7370871,0.4965505,0.31827852,0.49122447,0.25042433,-0.100808226,-0.30914083,0.4008064,0.7951727,1.0139898,0.0938933,0.24715681,-1.1498922,-0.66533524,0.5811308,0.2100371,0.78263813,0.22552837,-0.29594877,0.35132715,0.016071348,-0.3179486,-0.9798061,0.64203364,0.09914045,0.06664151,-0.18883045,0.09064185,0.61667293,0.35695997,-0.6950037,-0.7836131,-0.29768106,0.14391458,-0.5997549,-0.37372893,-0.06984902,-0.3495644,0.3622467,0.28245395,0.050866913,-0.69933265,0.22722027,0.11167429,0.23420984,0.2030798,-1.2845896,-0.83073866,0.30667442,0.40290043,0.52950245,0.1552043,0.55879647,-1.1344558,-0.0994938,0.10558036,1.2188432,-1.2983745,0.23016848,1.4851412,0.10755888,-0.50775063,0.6802356,-0.4802284,-0.21168685,-0.4654834,-0.22566384,-0.10647875
invasive ductal carcinoma cancer,-0.32415354,-0.1713415,0.58390254,-0.34071717,0.84690404,0.10252709,-0.15750241,0.26313463,0.70040816,-0.10344634,0.8465671,-0.44574898,-1.3974367,-0.1159395,0.91944516,-0.0065463926,0.6871498,-0.2883899,-0.24516645,0.12445143,0.7306901,-1.7077366,0.0074516013,0.5167432,0.35175002,-0.7968348,1.1327599,0.0056940108,0.3606918,-1.3751738,-0.0137161845,0.40315866,0.17879876,0.10445111,-0.048371423,0.56862926,-0.017503971,-1.061647,0.7691571,-0.21744812,-0.7867599,0.6627359,-0.36150828,-0.37479383,0.3739808,0.37217665,-0.4346199,-0.50626117,-0.5623528,-0.3869753,-0.19702265,1.138985,0.908473,0.37365314,0.5331634,-0.026951432,1.7558026,-1.3370478,-0.33549768,-0.10546366,0.7940451,0.5349215,0.34287345,0.5291839,0.26977608,-0.10859844,-0.33302963,0.4317784,0.8566195,1.0923456,0.10114922,0.26625597,-1.2387495,-0.7167489,0.6260378,0.22626768,0.8431162,0.24295576,-0.31881824,0.37847584,0.017313203,-0.3425186,-1.0555202,0.6916463,0.10680174,0.07179132,-0.20342223,0.09764629,0.664326,0.38454416,-0.74870974,-0.8441662,-0.32068437,0.15503539,-0.64610046,-0.40260878,-0.075246654,-0.37657654,0.39023906,0.30428055,0.05479779,-0.75337356,0.2447785,0.12030443,0.25230852,0.21877277,-1.3838553,-0.89493376,0.33037263,0.43403444,0.5704195,0.1671974,0.601977,-1.2221206,-0.10718206,0.1137395,1.313029,-1.3987058,0.24795435,1.5999045,0.11587059,-0.54698676,0.73280025,-0.5173379,-0.22804488,-0.5014536,-0.24310221,-0.11470656
osteosarcoma cancer,-0.07126702,-0.037670508,0.12837438,-0.0749085,0.1861968,0.022541279,-0.03462777,0.057851512,0.15398887,-0.022743303,0.18612276,-0.09800042,-0.30723473,-0.025490051,0.2021454,-0.0014390459,0.15107387,-0.06340416,-0.053901527,0.027361427,0.16064666,-0.37545615,0.001638242,0.11360892,0.07733421,-0.17518905,0.24904373,0.0012517099,0.079300195,-0.30233976,-0.0030155352,0.08863688,0.03931028,0.022964144,-0.010634565,0.12501654,-0.00384823,-0.23340935,0.16910382,-0.04780698,-0.17297365,0.14570624,-0.07947967,-0.08240045,0.08222181,0.08182527,-0.09555389,-0.11130428,-0.12363675,-0.08507885,-0.043316755,0.25041285,0.19973303,0.08214982,0.11721912,-0.0059256037,0.3860234,-0.29395756,-0.073761165,-0.023186795,0.17457548,0.117605664,0.075382486,0.116344094,0.05931197,-0.02387602,-0.07321854,0.09492905,0.1883328,0.24015868,0.022238197,0.05853809,-0.27234623,-0.1575813,0.1376381,0.04974635,0.18536393,0.053415116,-0.070094064,0.08321007,0.0038062986,-0.07530463,-0.23206231,0.1520625,0.023480818,0.01578384,-0.044723626,0.021468192,0.146056,0.08454427,-0.16460793,-0.18559474,-0.07050456,0.034085177,-0.14204891,-0.08851589,-0.016543536,-0.08279223,0.08579625,0.06689803,0.01204796,-0.16563363,0.053815912,0.02644961,0.055471398,0.04809828,-0.30424872,-0.19675626,0.072634354,0.0954251,0.12540984,0.036759343,0.13234797,-0.26869035,-0.023564624,0.025006477,0.28867722,-0.30751345,0.054514088,0.3517481,0.025474994,-0.12025815,0.16111027,-0.11373976,-0.05013694,-0.110247344,-0.05344754,-0.025218751
liposarcoma cancer,-0.11821414,-0.062485978,0.21294089,-0.1242545,0.30885383,0.037390348,-0.057438746,0.09596095,0.25542894,-0.03772543,0.30873096,-0.16255818,-0.5096253,-0.04228161,0.33530852,-0.0023870084,0.25059375,-0.10517169,-0.08940913,0.045385692,0.26647258,-0.6227877,0.0027174451,0.1884486,0.1282781,-0.29059452,0.4131013,0.002076281,0.1315391,-0.501506,-0.0050019957,0.14702629,0.065205924,0.038091686,-0.017640024,0.2073711,-0.00638326,-0.38716763,0.28050095,-0.07929975,-0.28691998,0.24169025,-0.13183682,-0.13668177,0.13638537,0.13572763,-0.1585,-0.18462588,-0.20508231,-0.1411245,-0.07185155,0.41537222,0.33130705,0.13626596,0.1944372,-0.009829191,0.6403161,-0.48760208,-0.12235129,-0.038461093,0.289577,0.19507848,0.12504065,0.19298571,0.0983837,-0.039604258,-0.12145116,0.1574635,0.31239688,0.39836296,0.036887545,0.09710008,-0.45175436,-0.26138788,0.22830711,0.08251682,0.30747217,0.08860232,-0.11626845,0.13802466,0.006313739,-0.12491156,-0.38493317,0.25223354,0.038948774,0.02618137,-0.07418536,0.03561031,0.24227038,0.14023782,-0.2730432,-0.3078553,-0.116949275,0.05653877,-0.23562354,-0.14682555,-0.027441619,-0.13733153,0.14231445,0.11096704,0.01998459,-0.27474478,0.08926723,0.043873318,0.09201312,0.07978306,-0.50467235,-0.3263697,0.12048228,0.15828645,0.20802355,0.060974564,0.21953213,-0.44569007,-0.039087772,0.041479472,0.47884327,-0.51008785,0.090425275,0.58346206,0.042256676,-0.19947816,0.26724166,-0.18866576,-0.08316458,-0.18287258,-0.088656165,-0.041831523
adrenocortical cancer,-0.18583569,-0.09822948,0.33474857,-0.19533116,0.48552626,0.05877851,-0.09029517,0.15085334,0.4015407,-0.05930542,0.48533323,-0.25554547,-0.80114377,-0.0664678,0.5271138,-0.0037523725,0.3939396,-0.1653326,-0.14055328,0.071347415,0.41890156,-0.97903776,0.0042718863,0.29624617,0.20165673,-0.45682207,0.64940554,0.0032639666,0.20678289,-0.78838015,-0.007863337,0.23112904,0.10250515,0.059881255,-0.027730683,0.32599252,-0.010034537,-0.60863775,0.44095454,-0.12466137,-0.45104557,0.3799432,-0.20725083,-0.21486709,0.21440125,0.21336731,-0.24916607,-0.29023665,-0.32239464,-0.22185113,-0.11295264,0.65297574,0.52082324,0.2142138,0.30566022,-0.015451648,1.0065932,-0.7665227,-0.19233938,-0.060461745,0.45522243,0.30666813,0.19656707,0.30337843,0.15466169,-0.062258903,-0.19092417,0.2475367,0.49109593,0.6262368,0.057988163,0.15264371,-0.710169,-0.41090834,0.35890454,0.12971856,0.4833543,0.13928509,-0.18277703,0.21697836,0.009925307,-0.1963639,-0.605125,0.3965176,0.061228562,0.04115785,-0.116621,0.055980377,0.38085526,0.22045735,-0.42923102,-0.48395652,-0.18384732,0.0888803,-0.3704063,-0.23081362,-0.04313896,-0.21588872,0.22372195,0.17444308,0.03141623,-0.43190563,0.14033028,0.06896996,0.14464697,0.12542109,-0.7933576,-0.51306105,0.18940099,0.24883026,0.32701844,0.09585354,0.3451102,-0.7006364,-0.061446983,0.06520676,0.7527537,-0.80187106,0.14215077,0.91721743,0.0664285,-0.3135849,0.4201106,-0.29658747,-0.13073687,-0.28748035,-0.13936965,-0.06576019
Barrett's carcinogenesis cancer,-0.22577658,-0.119341575,0.4066947,-0.23731318,0.5898786,0.071411595,-0.10970197,0.18327542,0.48784235,-0.07205156,0.589644,-0.31046903,-0.9733308,-0.080753505,0.6404042,-0.004558905,0.47860795,-0.20086683,-0.17076196,0.08668184,0.5089346,-1.189459,0.005189897,0.3599173,0.24499783,-0.55500513,0.78898025,0.0039653815,0.25122592,-0.9578238,-0.009553441,0.280805,0.124536365,0.07275131,-0.03369079,0.39605707,-0.012191192,-0.73944974,0.53572744,-0.1514544,-0.54798704,0.461603,-0.25179443,-0.26104796,0.26048186,0.25922576,-0.3027184,-0.35261613,-0.39168608,-0.26953295,-0.13722901,0.7933175,0.63276196,0.2602539,0.37135482,-0.018772596,1.2229367,-0.9312687,-0.23367813,-0.07345656,0.5530618,0.3725792,0.23881447,0.36858252,0.18790242,-0.075639986,-0.23195894,0.30073896,0.59664553,0.7608316,0.07045135,0.18545091,-0.8628033,-0.49922353,0.43604273,0.1575985,0.58723986,0.16922109,-0.22206068,0.26361272,0.012058478,-0.23856781,-0.7351822,0.48173985,0.07438821,0.05000382,-0.14168623,0.06801195,0.46271104,0.2678395,-0.5214842,-0.58797145,-0.22336107,0.10798326,-0.45001647,-0.28042176,-0.052410536,-0.26228884,0.27180585,0.21193556,0.038168237,-0.5247338,0.17049105,0.08379374,0.17573547,0.15237743,-0.9638711,-0.62333167,0.2301084,0.30231047,0.39730322,0.11645498,0.4192834,-0.85122156,-0.07465346,0.07922147,0.9145405,-0.97421426,0.17270282,1.1143515,0.08070579,-0.38098246,0.51040345,-0.36033177,-0.15883583,-0.34926757,-0.16932398,-0.07989378
large cell neuroendocrine cancer,-0.1265813,-0.06690873,0.22801274,-0.13304919,0.33071443,0.040036812,-0.061504267,0.102753215,0.2735082,-0.040395655,0.33058292,-0.17406397,-0.54569644,-0.045274254,0.35904142,-0.0025559857,0.2683307,-0.11261571,-0.095737554,0.048598096,0.2853334,-0.66686857,0.0029097167,0.20178704,0.13735768,-0.3111626,0.44234037,0.002223204,0.14084944,-0.5370024,-0.005355951,0.15743282,0.069821134,0.040787894,-0.018888613,0.2220487,-0.0068349475,-0.41457123,0.3003546,-0.08491265,-0.30722806,0.25879693,-0.14116824,-0.14635606,0.1460387,0.14533448,-0.16971864,-0.19769366,-0.21959807,-0.15111317,-0.07693726,0.44477203,0.35475677,0.14591092,0.2081994,-0.010524798,0.68563765,-0.5221144,-0.13101129,-0.0411834,0.31007323,0.2088859,0.13389087,0.20664512,0.10534719,-0.04240742,-0.13004747,0.16860871,0.3345084,0.42655897,0.03949851,0.10397271,-0.48372924,-0.27988887,0.24446654,0.08835732,0.32923514,0.09487354,-0.12449797,0.1477939,0.0067606075,-0.13375266,-0.4121786,0.27008668,0.041705593,0.02803444,-0.079436064,0.038130835,0.25941813,0.15016381,-0.2923692,-0.32964525,-0.12522705,0.06054061,-0.2523009,-0.15721786,-0.0293839,-0.14705174,0.1523873,0.11882134,0.021399023,-0.29419106,0.09558553,0.04697869,0.09852588,0.08543006,-0.5403928,-0.3494698,0.12900993,0.16948986,0.2227474,0.065290295,0.23507063,-0.47723573,-0.04185436,0.044415295,0.5127356,-0.54619175,0.0968255,0.62475926,0.045247626,-0.2135973,0.28615692,-0.20201947,-0.08905096,-0.19581626,-0.09493113,-0.044792388
cervical squamous cell carcinoma cancer,-0.22334573,-0.11805629,0.40231568,-0.23475784,0.58352715,0.07064243,-0.108520664,0.18130264,0.48258922,-0.071276024,0.5832948,-0.30712616,-0.962851,-0.07988373,0.6335088,-0.0045098355,0.4734544,-0.19870412,-0.16892345,0.08574862,0.50345457,-1.1766515,0.0051340037,0.3560421,0.2423601,-0.5490292,0.7804849,0.003922923,0.24852102,-0.947511,-0.009450467,0.2777816,0.12319517,0.07196773,-0.033328135,0.39179248,-0.012059873,-0.73148805,0.5299587,-0.14982362,-0.5420865,0.4566326,-0.24908325,-0.25823683,0.25767735,0.2564342,-0.299459,-0.34881952,-0.3874682,-0.2666305,-0.13575158,0.7847755,0.62594885,0.25745153,0.36735603,-0.018570343,1.2097689,-0.921242,-0.2311621,-0.07266561,0.54710656,0.36856753,0.23624358,0.36461392,0.18587956,-0.074825495,-0.22946143,0.2975004,0.59022105,0.7526394,0.069692865,0.18345395,-0.85351336,-0.493848,0.43134758,0.15590134,0.5809167,0.16739903,-0.21966968,0.26077425,0.011928562,-0.23599887,-0.7272663,0.47655305,0.07358725,0.049465463,-0.14016064,0.067279324,0.4577288,0.26495567,-0.51586926,-0.5816406,-0.22095565,0.106820375,-0.44517097,-0.27740204,-0.05184622,-0.25946477,0.26887888,0.20965342,0.03775696,-0.51908344,0.16865537,0.082891054,0.1738435,0.15073699,-0.953493,-0.6166198,0.22763062,0.29905525,0.39302558,0.11520105,0.41476905,-0.84205586,-0.07384994,0.078368105,0.9046928,-0.9637248,0.17084335,1.1023529,0.07983669,-0.3768804,0.50490767,-0.35645226,-0.15712546,-0.34550712,-0.16750014,-0.0790337
acute myelocytic leukemia cancer,-0.46496674,-0.24577215,0.8375511,-0.48872775,1.2148032,0.14706737,-0.22592245,0.37744254,1.0046668,-0.14838558,1.2143201,-0.63938224,-2.004488,-0.16630457,1.3188578,-0.009391389,0.9856507,-0.4136667,-0.35166883,0.17851412,1.048106,-2.449586,0.010689328,0.7412213,0.5045513,-1.1429855,1.6248375,0.00816693,0.5173779,-1.9725538,-0.019677086,0.5782926,0.25647092,0.14982413,-0.06938312,0.815645,-0.025107956,-1.5228324,1.1032845,-0.3119088,-1.1285329,0.9506317,-0.51854783,-0.537608,0.5364403,0.5338532,-0.62341976,-0.72618306,-0.8066408,-0.55507785,-0.282612,1.6337644,1.3031205,0.53596866,0.76476884,-0.038662005,2.518534,-1.9178685,-0.48124018,-0.15127599,1.1389841,0.7672934,0.4918187,0.75906307,0.38696897,-0.1557735,-0.4776995,0.6193437,1.2287387,1.5668665,0.14508736,0.38191843,-1.7768704,-1.0281081,0.897991,0.32456023,1.2093697,0.3484975,-0.45731288,0.5428902,0.0248339,-0.49130923,-1.5140439,0.9921012,0.153196,0.102977216,-0.29178715,0.14006454,0.9529156,0.5515931,-1.0739529,-1.2108765,-0.45999095,0.2223816,-0.9267713,-0.5775045,-0.1079333,-0.54016495,0.55976135,0.43646148,0.07860286,-1.0806426,0.35111347,0.17256336,0.36190844,0.31380764,-1.985011,-1.2836964,0.4738864,0.6225826,0.8182099,0.23983006,0.86348134,-1.7530136,-0.15374368,0.16314851,1.8834157,-2.0063097,0.35566768,2.2949107,0.16620345,-0.7845996,1.0511305,-0.7420715,-0.3271083,-0.7192866,-0.3487067,-0.16453661
diffuse large B cell lymphoma cancer,-0.5130067,-0.2711645,0.92408353,-0.5392238,1.3403143,0.16226314,-0.2492652,0.4164397,1.1084683,-0.1637168,1.3397812,-0.70544213,-2.2115872,-0.1834864,1.4551206,-0.010362998,1.0874875,-0.45640448,-0.3880024,0.19695817,1.1563958,-2.7026727,0.011795015,0.81780493,0.55668014,-1.2610765,1.7927133,0.009010874,0.5708324,-2.176353,-0.021711167,0.63803995,0.2829696,0.1653021,-0.07655064,0.8999182,-0.027700813,-1.6801687,1.2172734,-0.34413218,-1.2451308,1.0488492,-0.57212335,-0.59315246,0.5918633,0.58901227,-0.6878299,-0.8012111,-0.88998234,-0.61242884,-0.31181175,1.8025633,1.4377564,0.5913438,0.84378254,-0.042657472,2.7787461,-2.1160195,-0.5309604,-0.16690482,1.2566643,0.84657085,0.5426329,0.83748806,0.42695025,-0.17186825,-0.5270542,0.68333375,1.3556892,1.7287512,0.16007549,0.42137688,-1.9604554,-1.1343309,0.99077046,0.35809308,1.3343197,0.38450202,-0.50456125,0.59898037,0.027400415,-0.5420701,-1.6704732,1.0946038,0.1690237,0.11361648,-0.32193384,0.1545358,1.0513706,0.60858387,-1.18491,-1.3359827,-0.5075178,0.24535525,-1.0225241,-0.6371702,-0.11908366,-0.59597504,0.6175942,0.48155725,0.08672312,-1.1922926,0.3873917,0.19038975,0.39929733,0.34622732,-2.1900988,-1.4163258,0.52284646,0.6869079,0.9027455,0.26460874,0.9526975,-1.9341298,-0.16962859,0.18000449,2.0780067,-2.213598,0.39241335,2.5320168,0.18337587,-0.8656623,1.1597304,-0.818741,-0.3609051,-0.7936018,-0.38473317,-0.18153822
T-cell lymphoblastic lymphoma cancer,-0.3241934,-0.17136255,0.583975,-0.3407589,0.8470084,0.10253986,-0.15752162,0.2631671,0.7004943,-0.103459165,0.84667164,-0.44580394,-1.397609,-0.11595423,0.9195586,-0.0065472904,0.6872349,-0.28842568,-0.24519697,0.12446698,0.7307801,-1.707949,0.007452427,0.51680696,0.35179403,-0.796934,1.1328995,0.0056944513,0.36073628,-1.3753428,-0.013717643,0.40320882,0.17882152,0.10446421,-0.048376974,0.56869936,-0.017506205,-1.0617782,0.76925194,-0.21747491,-0.78685707,0.66281766,-0.361553,-0.37484,0.37402624,0.37222242,-0.43467376,-0.5063237,-0.5624224,-0.3870226,-0.19704722,1.1391263,0.9085852,0.37369975,0.53322893,-0.026955066,1.7560192,-1.3372123,-0.33553934,-0.10547657,0.7941433,0.5349878,0.34291574,0.52924925,0.26980972,-0.10861163,-0.33307043,0.43183172,0.8567249,1.0924814,0.10116161,0.26628894,-1.2389029,-0.7168373,0.6261151,0.22629529,0.84322,0.2429859,-0.31885755,0.37852272,0.0173147,-0.34256017,-1.0556504,0.69173175,0.10681429,0.07180031,-0.20344749,0.097658075,0.6644082,0.38459146,-0.7488023,-0.8442704,-0.32072416,0.15505457,-0.64618033,-0.40265813,-0.07525614,-0.37662283,0.39028716,0.3043182,0.054804675,-0.7534665,0.24480851,0.1203194,0.25233954,0.21879986,-1.384027,-0.89504415,0.3304132,0.43408778,0.57048965,0.16721807,0.60205144,-1.2222714,-0.10719564,0.11375406,1.313191,-1.3988788,0.24798533,1.6001016,0.115884736,-0.54705447,0.732891,-0.5174021,-0.22807258,-0.50151515,-0.24313222,-0.114720754
Wilms tumor cancer,-0.1757961,-0.09292277,0.3166642,-0.18477866,0.45929626,0.05560307,-0.085417,0.14270379,0.3798479,-0.056101598,0.4591135,-0.24174024,-0.75786304,-0.06287685,0.49863702,-0.0035497474,0.37265766,-0.15640083,-0.13296033,0.06749302,0.396271,-0.92614675,0.004040997,0.28024167,0.19076243,-0.43214273,0.6143224,0.0030876237,0.19561172,-0.74578923,-0.0074385707,0.21864276,0.09696756,0.056646213,-0.026232472,0.3083812,-0.009492282,-0.5757567,0.4171324,-0.117926605,-0.42667812,0.35941723,-0.19605443,-0.20325926,0.20281844,0.20184037,-0.23570521,-0.27455685,-0.30497772,-0.20986593,-0.10685064,0.61769956,0.49268666,0.2026412,0.2891473,-0.014616929,0.9522138,-0.7251125,-0.18194862,-0.057195507,0.43062955,0.2901008,0.18594798,0.286989,0.14630648,-0.058895543,-0.1806099,0.23416379,0.4645653,0.5924053,0.054855358,0.14439733,-0.67180324,-0.3887096,0.33951533,0.12271063,0.4572416,0.13176031,-0.17290269,0.20525633,0.0093890745,-0.18575564,-0.5724341,0.37509632,0.057920694,0.03893436,-0.110321,0.052955903,0.36027998,0.2085474,-0.40604243,-0.45781147,-0.17391515,0.08407869,-0.35039568,-0.21834412,-0.04080852,-0.20422558,0.21163572,0.16501905,0.029718777,-0.40857247,0.1327492,0.065243796,0.13683257,0.11864551,-0.75049764,-0.4853438,0.17916903,0.23538761,0.30935174,0.09067518,0.32646617,-0.6627852,-0.058127478,0.061683998,0.71208715,-0.75855124,0.1344713,0.8676659,0.062839754,-0.29664376,0.3974148,-0.28056487,-0.123674,-0.27194968,-0.13184027,-0.062207516
follicular cleaved lymphoma cancer,-0.15584926,-0.08237917,0.28073338,-0.16381268,0.4071817,0.049294032,-0.07572516,0.12651178,0.33674818,-0.04973575,0.4070198,-0.21431085,-0.6718715,-0.05574252,0.44205856,-0.0031469958,0.33037367,-0.13865443,-0.11787377,0.05983486,0.35130766,-0.82106024,0.0035826394,0.24844387,0.16911715,-0.3831091,0.54461783,0.0027372902,0.17341635,-0.66116744,-0.0065944563,0.19383419,0.085965015,0.0502188,-0.023256049,0.2733905,-0.008415471,-0.5104278,0.36980218,-0.10454604,-0.37826493,0.31863555,-0.17380892,-0.18019629,0.17980562,0.17893845,-0.20896065,-0.2434041,-0.27037328,-0.18605341,-0.09472652,0.5476117,0.43678337,0.17964813,0.25633895,-0.012958315,0.84416956,-0.6428369,-0.1613034,-0.050705645,0.3817679,0.25718418,0.16484897,0.25442532,0.12970537,-0.05221276,-0.16011693,0.20759426,0.41185278,0.5251871,0.0486312,0.12801318,-0.5955764,-0.3446044,0.3009918,0.1087872,0.40536007,0.1168101,-0.15328416,0.18196663,0.0083237905,-0.16467874,-0.5074822,0.33253565,0.051348697,0.03451657,-0.09780329,0.04694743,0.3194005,0.18488458,-0.35997036,-0.40586528,-0.1541817,0.074538715,-0.31063753,-0.19356962,-0.036177915,-0.18105292,0.18762219,0.146295,0.026346829,-0.3622135,0.1176866,0.057841,0.12130675,0.10518311,-0.6653416,-0.43027362,0.15883937,0.208679,0.27425075,0.08038657,0.2894232,-0.5875816,-0.051531777,0.054684944,0.6312896,-0.6724813,0.11921335,0.7692152,0.05570966,-0.2629848,0.35232148,-0.24873008,-0.10964128,-0.24109265,-0.116881005,-0.0551492
HER2+ cancer,-0.22893575,-0.121011406,0.4123854,-0.24063356,0.5981325,0.07241074,-0.111236975,0.18584017,0.49466854,-0.07306,0.59789443,-0.31481332,-0.98695016,-0.08188333,0.6493649,-0.0046225707,0.48530465,-0.20367749,-0.1731515,0.087894775,0.5160558,-1.2061024,0.005262394,0.36495307,0.2484261,-0.5627711,0.80002,0.004020939,0.25474125,-0.971226,-0.009686991,0.2847341,0.12627885,0.0737691,-0.03416218,0.40159887,-0.012361746,-0.74979645,0.5432231,-0.15357359,-0.55565447,0.4680617,-0.2553178,-0.26470047,0.2641265,0.26285264,-0.30695418,-0.35755023,-0.3971665,-0.27330425,-0.1391492,0.80441767,0.64161575,0.26389548,0.3765507,-0.01903542,1.2400484,-0.9442996,-0.23694785,-0.07448441,0.56080043,0.37779248,0.2421562,0.3737399,0.19053203,-0.07669843,-0.2352047,0.30494684,0.60499364,0.771477,0.07143702,0.18804573,-0.8748757,-0.5062086,0.44214404,0.15980354,0.5954569,0.17158899,-0.22516786,0.26730114,0.012227152,-0.24190597,-0.74546874,0.48848066,0.07542894,0.050703354,-0.14366873,0.06896355,0.4691853,0.27158722,-0.5287809,-0.5961985,-0.22648634,0.10949394,-0.45631316,-0.2843454,-0.053143963,-0.26595885,0.2756091,0.214901,0.03870234,-0.53207594,0.17287643,0.084966004,0.17819443,0.15450963,-0.97735804,-0.632053,0.23332794,0.30654052,0.40286246,0.1180844,0.4251502,-0.8631321,-0.07569815,0.08032987,0.9273369,-0.9878461,0.17511933,1.1299436,0.081834935,-0.38631332,0.5175451,-0.3653739,-0.16105813,-0.3541547,-0.171693,-0.08101161
Solid-pseudopapillary neoplasm of pancreas cancer,-0.15032907,-0.07946124,0.27079,-0.15801038,0.39275944,0.047548052,-0.07304293,0.12203057,0.32482064,-0.04797424,0.39260325,-0.20671996,-0.648074,-0.05376806,0.42640087,-0.0030354466,0.31867182,-0.13374342,-0.1136987,0.057715382,0.33886436,-0.79197854,0.0034556526,0.23964402,0.16312706,-0.3695396,0.52532744,0.0026403924,0.16727403,-0.6377487,-0.006360952,0.18696864,0.0829202,0.048440177,-0.022432428,0.26370707,-0.008117299,-0.49234852,0.35670382,-0.10084303,-0.3648668,0.30734953,-0.16765262,-0.1738137,0.17343684,0.17260045,-0.20155925,-0.23478279,-0.26079658,-0.1794634,-0.09137132,0.5282153,0.42131224,0.17328513,0.24725935,-0.012499414,0.81426907,-0.62006754,-0.15558995,-0.048909754,0.3682455,0.2480747,0.1590101,0.24541368,0.12511128,-0.05036347,-0.15444557,0.20024125,0.39726478,0.5065852,0.04690865,0.12347899,-0.57448107,-0.33239844,0.29033077,0.10493387,0.39100254,0.11267266,-0.14785485,0.17552151,0.008028924,-0.15884589,-0.48950693,0.32075718,0.04952989,0.033293918,-0.09433907,0.045284614,0.30808732,0.178336,-0.34722027,-0.39148948,-0.14872074,0.07189855,-0.29963478,-0.1867135,-0.03489659,-0.17464004,0.18097669,0.14111319,0.025413634,-0.34938404,0.11351817,0.055792276,0.11701008,0.10145753,-0.64177537,-0.4150335,0.1532133,0.20128775,0.2645367,0.077539325,0.27917188,-0.56676966,-0.04970659,0.05274813,0.6089292,-0.648662,0.114990845,0.7419698,0.05373642,-0.25366986,0.33984244,-0.23992012,-0.10575769,-0.2325532,-0.1127412,-0.053195857
endometrial cancer,-0.22614819,-0.11953792,0.40736416,-0.23770335,0.5908491,0.07152901,-0.10988253,0.1835776,0.48864493,-0.07217026,0.59061414,-0.3109799,-0.9749324,-0.08088618,0.641458,-0.004566637,0.47939518,-0.20119737,-0.17104293,0.0868245,0.5097719,-1.191416,0.005198403,0.36050949,0.24540128,-0.5559186,0.79027843,0.003972081,0.2516393,-0.95940006,-0.009569102,0.28126684,0.12474105,0.07287087,-0.03374627,0.39670852,-0.012211413,-0.7406662,0.53660846,-0.15170383,-0.5488886,0.46236217,-0.25220886,-0.26147744,0.26091036,0.259652,-0.30321622,-0.35319632,-0.3923302,-0.26997626,-0.13745485,0.7946224,0.6338029,0.26068214,0.37196568,-0.01880345,1.2249491,-0.93280125,-0.23406288,-0.07357741,0.55397147,0.373192,0.23920764,0.36918908,0.18821171,-0.07576433,-0.23234074,0.3012335,0.5976269,0.76208335,0.07056733,0.18575604,-0.8642233,-0.50004494,0.4367601,0.15785764,0.588206,0.16949971,-0.22242603,0.26404634,0.01207834,-0.23896027,-0.736392,0.4825326,0.07451055,0.050086048,-0.1419192,0.06812366,0.4634724,0.2682801,-0.5223424,-0.5889388,-0.22372825,0.10816082,-0.45075694,-0.28088295,-0.052496675,-0.26272073,0.27225295,0.212284,0.038230777,-0.52559686,0.17077161,0.083931305,0.17602466,0.15262824,-0.96545714,-0.62435746,0.2304869,0.30280778,0.39795703,0.116646454,0.4199735,-0.8526216,-0.07477651,0.07935153,0.91604507,-0.97581756,0.17298692,1.1161848,0.080838345,-0.38160935,0.5112435,-0.36092505,-0.15909712,-0.3498423,-0.16960208,-0.0800253
follicular thyroid carcinoma cancer,-0.3834524,-0.2026865,0.6907197,-0.40304673,1.0018327,0.12128346,-0.18631503,0.31127125,0.8285372,-0.12237053,1.0014348,-0.52729166,-1.653078,-0.1371494,1.0876454,-0.007744141,0.8128544,-0.34114668,-0.2900164,0.14721826,0.8643596,-2.0201435,0.008814905,0.6112744,0.41609833,-0.9426056,1.3399819,0.0067356867,0.42667532,-1.6267414,-0.016225958,0.4769112,0.21150783,0.12355886,-0.05721989,0.67265177,-0.020705817,-1.2558609,0.9098641,-0.25722742,-0.9306873,0.78397375,-0.4276411,-0.44335777,0.44239503,0.44026178,-0.514127,-0.5988747,-0.6652279,-0.45776683,-0.23306556,1.3473467,1.0746657,0.44200778,0.6306974,-0.031882588,2.0770013,-1.5816413,-0.39687207,-0.124756366,0.9393048,0.63277864,0.4055967,0.6259906,0.31912786,-0.1284643,-0.39395255,0.5107664,1.0133256,1.2921755,0.11965293,0.31496412,-1.4653612,-0.84786737,0.74056214,0.2676604,0.9973525,0.28740174,-0.3771407,0.44771272,0.020480305,-0.40517685,-1.2486137,0.8181728,0.12633862,0.08492422,-0.24063483,0.11550947,0.78585565,0.4548911,-0.8856755,-0.9985944,-0.37934896,0.18339689,-0.76429594,-0.47626075,-0.08901172,-0.44546607,0.4616278,0.35994455,0.06482256,-0.8911924,0.2895576,0.14231215,0.29846394,0.2587941,-1.6370127,-1.0586491,0.39080966,0.51343465,0.6747689,0.19778381,0.7121002,-1.44569,-0.1267891,0.13454694,1.5532289,-1.6545789,0.29331452,1.892584,0.13706696,-0.6470501,0.86685574,-0.6119774,-0.26976186,-0.59318686,-0.28757474,-0.13569047
"Luminal A,Luminal B cancer",-0.2818018,-0.14895536,0.5076141,-0.296201,0.7362528,0.08913167,-0.13692416,0.22875507,0.6088974,-0.08993077,0.73596007,-0.38751027,-1.2148573,-0.10079161,0.79931664,-0.005690965,0.5973714,-0.25071084,-0.21313503,0.108191356,0.6352229,-1.4846156,0.006477694,0.44922876,0.30579284,-0.692726,0.9847613,0.0049500465,0.31356642,-1.1955024,-0.011923754,0.35048488,0.15543841,0.090804555,-0.042051364,0.4943362,-0.015216872,-0.9229389,0.66866434,-0.18903762,-0.6839669,0.576147,-0.31427607,-0.32582527,0.32511908,0.3235507,-0.37783527,-0.44011667,-0.4888799,-0.33641547,-0.1712812,0.9901732,0.78977805,0.32483417,0.463504,-0.023429973,1.5264009,-1.1623574,-0.29166386,-0.0916843,0.69030035,0.46503225,0.2980756,0.4600443,0.23452891,-0.09440957,-0.28951848,0.37536535,0.7446988,0.94962734,0.08793364,0.23146893,-1.0769029,-0.6231031,0.54424345,0.19670503,0.7329602,0.21121264,-0.2771636,0.32902652,0.01505105,-0.29776716,-0.9176132,0.6012807,0.092847414,0.062411636,-0.17684473,0.08488857,0.57752955,0.33430186,-0.65088814,-0.7338733,-0.2787862,0.13477959,-0.5616851,-0.35000664,-0.065415375,-0.32737523,0.3392529,0.2645257,0.04763829,-0.654943,0.21279737,0.10458602,0.21934396,0.19018945,-1.2030501,-0.7780071,0.2872082,0.37732628,0.49589193,0.14535233,0.52332675,-1.0624468,-0.09317851,0.09887919,1.1414778,-1.2159601,0.21555826,1.3908713,0.10073167,-0.4755215,0.6370579,-0.44974628,-0.19824998,-0.43593708,-0.2113402,-0.09971992
high grade serous papillary ovarian cancer,-0.17660865,-0.093352266,0.31812772,-0.18563262,0.46141896,0.055860035,-0.08581174,0.14336312,0.38160366,-0.05636082,0.4612354,-0.24285725,-0.76136553,-0.063167475,0.50094134,-0.0035661275,0.37437987,-0.15712352,-0.13357458,0.067804895,0.39810246,-0.93042666,0.004059827,0.28153694,0.19164434,-0.43414012,0.6171617,0.003101834,0.19651575,-0.7492358,-0.007472913,0.2196533,0.09741582,0.05690786,-0.02635385,0.3098065,-0.009536214,-0.5784176,0.41906032,-0.11847162,-0.42865023,0.36107832,-0.1969604,-0.20419864,0.20375584,0.20277323,-0.23679455,-0.27582583,-0.30638722,-0.2108358,-0.10734434,0.6205543,0.4949636,0.20357749,0.29048356,-0.014684574,0.95661396,-0.7284636,-0.18278944,-0.05745973,0.4326197,0.2914415,0.18680725,0.2883152,0.14698257,-0.059167743,-0.18144453,0.23524612,0.466712,0.59514326,0.05510899,0.14506456,-0.67490816,-0.39050603,0.34108436,0.123277836,0.45935488,0.13236932,-0.17370187,0.20620507,0.009432457,-0.18661417,-0.5750793,0.3768299,0.058188424,0.039114494,-0.1108308,0.0532007,0.36194518,0.20951131,-0.4079189,-0.4599273,-0.17471892,0.08446713,-0.35201484,-0.21935327,-0.04099698,-0.20516947,0.21261379,0.16578163,0.029856341,-0.41046095,0.13336277,0.06554544,0.13746499,0.11919381,-0.7539659,-0.4875868,0.17999692,0.23647541,0.3107813,0.09109423,0.32797492,-0.66584814,-0.05839612,0.061969113,0.71537787,-0.7620572,0.13509274,0.8716758,0.06313011,-0.2980149,0.39925134,-0.28186142,-0.12424549,-0.2732065,-0.13244957,-0.06249501
non-small cell lung adenocarcinoma cancer,-0.093099765,-0.049210932,0.16770217,-0.09785703,0.24323863,0.02944688,-0.04523606,0.07557438,0.20116362,-0.029710764,0.2431419,-0.1280231,-0.40135655,-0.033299074,0.26407316,-0.0018798283,0.19735576,-0.08282826,-0.07041444,0.035743564,0.20986107,-0.49047798,0.0021401003,0.14841327,0.1010258,-0.22885846,0.32533896,0.0016351508,0.10359391,-0.3949622,-0.003939295,0.11579096,0.051353052,0.02999917,-0.013892493,0.1633156,-0.0050270935,-0.3049149,0.2209091,-0.062452767,-0.22596449,0.19034374,-0.10382847,-0.107644066,0.107410714,0.10689268,-0.124827154,-0.14540261,-0.16151325,-0.11114289,-0.05658694,0.32712746,0.26092175,0.10731667,0.15312946,-0.0077409637,0.50428236,-0.38401213,-0.09635806,-0.030290117,0.22805716,0.15363458,0.09847608,0.15198639,0.077482365,-0.031190397,-0.09564918,0.12401077,0.24602878,0.3137317,0.029050931,0.07647135,-0.3557802,-0.20585667,0.17980385,0.06498632,0.24215059,0.06977901,-0.09156751,0.10870165,0.0049723294,-0.09837433,-0.30315512,0.19864725,0.030674174,0.020619217,-0.058424782,0.02804501,0.19080071,0.110444635,-0.21503593,-0.24245216,-0.092103764,0.04452723,-0.18556601,-0.115632944,-0.02161172,-0.10815582,0.11208009,0.087392434,0.015738916,-0.2163759,0.070302576,0.034552574,0.07246515,0.06283329,-0.39745602,-0.25703305,0.094886065,0.12465887,0.16382955,0.04802067,0.17289303,-0.35100436,-0.030783676,0.032667182,0.3771142,-0.40172094,0.07121462,0.45950693,0.033279322,-0.1570995,0.21046674,-0.1485842,-0.06549651,-0.14402185,-0.06982126,-0.032944523
intrahepatic cholangiocarcinoma cancer,-0.35555896,-0.18794174,0.6404737,-0.3737267,0.92895526,0.11246046,-0.17276178,0.28862807,0.76826566,-0.11346862,0.92858547,-0.4889346,-1.5328261,-0.12717213,1.0085247,-0.0071808435,0.7537237,-0.31633046,-0.26891914,0.13650867,0.80148196,-1.8731889,0.008173215,0.5668069,0.38582957,-0.87403536,1.2425053,0.0062458725,0.39563704,-1.5084056,-0.015044701,0.4422185,0.19612163,0.1145709,-0.053057477,0.62372035,-0.019199831,-1.1645031,0.8436759,-0.23851536,-0.8629836,0.72694397,-0.39653262,-0.41110507,0.41021377,0.40823472,-0.47672763,-0.5553099,-0.6168359,-0.4244668,-0.21611102,1.249335,0.9964891,0.4098541,0.58481836,-0.029562706,1.9259118,-1.4665858,-0.36800203,-0.11568114,0.87097543,0.5867474,0.37609205,0.5804536,0.29591334,-0.11911933,-0.365295,0.4736107,0.9396117,1.1981764,0.11094886,0.292052,-1.3587643,-0.78619003,0.6866909,0.24818914,0.92480063,0.26649457,-0.34970647,0.41514403,0.0189901,-0.37570277,-1.1577826,0.75865585,0.11714867,0.078746766,-0.22313075,0.10710655,0.7286884,0.42179978,-0.8212473,-0.9259526,-0.3517536,0.17005612,-0.70869714,-0.4416151,-0.08253705,-0.4130606,0.4280473,0.3337604,0.060106877,-0.8263634,0.2684934,0.13195974,0.27675265,0.23996833,-1.5179288,-0.98163825,0.3623805,0.47608557,0.62568355,0.18339622,0.6602989,-1.3405243,-0.11756612,0.12475934,1.4402404,-1.5342181,0.2719772,1.7549092,0.12709664,-0.5999809,0.80379677,-0.5674599,-0.25013882,-0.5500362,-0.26665482,-0.1258195
infantile hemangioma cancer,-0.0998565,-0.052782338,0.17987296,-0.1049587,0.26089132,0.031583924,-0.048518997,0.08105918,0.21576288,-0.031866938,0.2607875,-0.13731416,-0.43048456,-0.035715584,0.28323781,-0.0020164156,0.21167853,-0.08883935,-0.07552458,0.03833766,0.22509141,-0.5260736,0.0022954626,0.15918413,0.10835764,-0.24546756,0.34894988,0.0017538868,0.11111209,-0.42362612,-0.0042252336,0.12419432,0.055079907,0.03217636,-0.014900762,0.17516802,-0.0053920294,-0.32704374,0.23694128,-0.06698521,-0.24236368,0.20415762,-0.11136357,-0.11545615,0.11520578,0.11465024,-0.13388619,-0.15595502,-0.17323467,-0.119208924,-0.060693614,0.35086817,0.27985767,0.115104996,0.16424263,-0.008302717,0.5408804,-0.4118814,-0.10335111,-0.03248838,0.24460796,0.16478425,0.105622865,0.16301662,0.0831055,-0.03345405,-0.102590784,0.13301075,0.26388422,0.33650038,0.03115917,0.08202115,-0.38160056,-0.2207965,0.19285288,0.069702566,0.25972426,0.074843034,-0.09821298,0.11659058,0.0053332606,-0.105513744,-0.3251561,0.21306373,0.0329004,0.022115633,-0.06266491,0.030080376,0.20464772,0.11846002,-0.23064189,-0.260048,-0.09878805,0.04775876,-0.19903313,-0.124024756,-0.023180133,-0.116005115,0.12021417,0.093734756,0.016880872,-0.2320791,0.07540472,0.037060104,0.07772422,0.06739344,-0.42630076,-0.27568686,0.10177229,0.13370581,0.17571917,0.051505663,0.1854406,-0.37647796,-0.03301779,0.035037987,0.40448272,-0.43087533,0.076382935,0.4928552,0.03569446,-0.1685008,0.22574125,-0.15936749,-0.070249856,-0.1544741,-0.07488846,-0.03533546
oropharyngeal squamous cell carcinoma,-0.15675692,-0.08285902,0.28236854,-0.16476668,0.40955314,0.049581166,-0.07616612,0.1272486,0.33870956,-0.050025545,0.40939015,-0.21555902,-0.6757844,-0.0560671,0.44463313,-0.003165238,0.3322978,-0.139462,-0.1185602,0.06018332,0.3533538,-0.8258424,0.0036033753,0.24989085,0.1701021,-0.38534057,0.54778963,0.0027532696,0.17442639,-0.6650181,-0.0066329,0.19496314,0.086465694,0.05051139,-0.023391612,0.27498275,-0.008464401,-0.5134005,0.37195596,-0.10515489,-0.38046777,0.32049134,-0.17482117,-0.18124577,0.18085277,0.17998053,-0.21017762,-0.2448217,-0.27194783,-0.18713695,-0.09527819,0.55080086,0.43932715,0.1806945,0.25783187,-0.013033841,0.84908605,-0.64658093,-0.1622428,-0.051001064,0.38399127,0.2586821,0.16580917,0.25590715,0.13046086,-0.052516963,-0.1610494,0.20880334,0.4142514,0.5282461,0.048914418,0.1287587,-0.59904516,-0.34661135,0.3027448,0.10942075,0.40772116,0.11749038,-0.15417695,0.1830265,0.008372302,-0.1656379,-0.5104378,0.3344724,0.051647794,0.034717564,-0.09837283,0.047220904,0.3212607,0.1859614,-0.3620668,-0.408229,-0.15507974,0.074972846,-0.31244665,-0.19469698,-0.036388647,-0.18210728,0.18871492,0.14714706,0.026500244,-0.36432308,0.11837217,0.058177847,0.122013345,0.105795614,-0.66921663,-0.43277973,0.15976448,0.20989433,0.27584797,0.080854796,0.2911088,-0.5910037,-0.051831946,0.055003516,0.6349661,-0.6763979,0.11990761,0.773695,0.05603415,-0.2645165,0.35437354,-0.25017878,-0.110279806,-0.24249677,-0.11756172,-0.055470373
gastrointestinal stromal tumor,-0.12459196,-0.06585713,0.22442928,-0.13095818,0.32551688,0.03940758,-0.060537633,0.10113834,0.26920962,-0.03976076,0.32538745,-0.17132834,-0.53712,-0.04456277,0.35339874,-0.0025157759,0.26411355,-0.110845774,-0.094232894,0.047834285,0.28084904,-0.6563876,0.0028640407,0.19861566,0.13519889,-0.3062726,0.43538857,0.0021882618,0.13863583,-0.52856266,-0.0052718217,0.15495855,0.06872379,0.04014686,-0.018591803,0.21855894,-0.0067275935,-0.4080558,0.2956342,-0.08357815,-0.30239958,0.25472966,-0.13894959,-0.1440559,0.1437436,0.14305031,-0.16705126,-0.19458668,-0.2161468,-0.14873831,-0.07572804,0.43778187,0.3491815,0.14361776,0.20492734,-0.01035943,0.6748617,-0.51390886,-0.12895232,-0.04053614,0.30519998,0.2056032,0.1317867,0.2033975,0.103691556,-0.041740924,-0.12800372,0.16595888,0.32925084,0.41985506,0.038877577,0.102338724,-0.47612673,-0.27549002,0.24062452,0.0869687,0.3240608,0.093382515,-0.1225413,0.1454712,0.0066543026,-0.13165058,-0.4057008,0.26584184,0.04105013,0.027593818,-0.078187704,0.03753157,0.25534105,0.1478039,-0.2877743,-0.32446456,-0.12325888,0.059589136,-0.24833572,-0.15474716,-0.028922057,-0.14474067,0.14999236,0.11695395,0.021062607,-0.28956753,0.09408329,0.046240292,0.0969773,0.08408753,-0.53189987,-0.34397748,0.12698235,0.16682607,0.21924663,0.06426417,0.23137614,-0.4697354,-0.041196525,0.043717295,0.5046774,-0.53760767,0.095303796,0.6149406,0.044536408,-0.2102402,0.28165957,-0.1988445,-0.08765145,-0.19273886,-0.09343915,-0.04408834
Burkitt Lymphoma cancer,-0.41186342,-0.21770363,0.7418955,-0.43290854,1.0760604,0.1302692,-0.200119,0.33433336,0.88992536,-0.13143691,1.0756329,-0.56635964,-1.7755572,-0.14731087,1.1682305,-0.008317529,0.87308043,-0.36642247,-0.31150436,0.15812524,0.928401,-2.1698189,0.009467777,0.65656424,0.44692734,-1.0124447,1.4392637,0.007234464,0.45828846,-1.7472697,-0.017427905,0.5122463,0.2271788,0.13271393,-0.061459236,0.72249,-0.022240331,-1.3489094,0.97727734,-0.27628526,-0.99964315,0.84206,-0.45932537,-0.47620678,0.47517332,0.47288078,-0.55221975,-0.6432459,-0.7145152,-0.4916833,-0.2503336,1.4471735,1.1542889,0.4747567,0.67742735,-0.034245167,2.2308908,-1.6988281,-0.4262776,-0.13399988,1.0088997,0.67966205,0.43564767,0.67237145,0.34277254,-0.13798249,-0.42314172,0.5486101,1.0884048,1.3879137,0.12851821,0.33830023,-1.5739325,-0.91068786,0.79543185,0.28749126,1.0712476,0.30869523,-0.405084,0.48088434,0.021997452,-0.43519774,-1.341124,0.8787932,0.13569993,0.09121684,-0.25846416,0.12406771,0.8440806,0.48859477,-0.9512966,-1.0725818,-0.40745556,0.19698508,-0.8209235,-0.51154757,-0.09560693,-0.47847027,0.49583048,0.3866142,0.069625765,-0.9572224,0.31101108,0.15285644,0.3205779,0.2779684,-1.7583014,-1.1370853,0.41976488,0.5514758,0.724764,0.2124378,0.76486063,-1.5528035,-0.13618293,0.14451647,1.6683105,-1.7771695,0.31504646,2.032809,0.14722294,-0.6949911,0.9310823,-0.6573199,-0.28974915,-0.63713706,-0.30888167,-0.14574376
distal cholangiocarcinoma cancer,-0.065676965,-0.034715716,0.118304834,-0.06903283,0.17159179,0.020773225,-0.03191163,0.0533137,0.1419102,-0.020959344,0.17152356,-0.090313435,-0.28313568,-0.0234906,0.1862894,-0.0013261661,0.13922389,-0.058430858,-0.049673602,0.025215192,0.14804575,-0.34600577,0.0015096717,0.104697555,0.071268246,-0.16144735,0.2295092,0.0011535162,0.07307999,-0.27862465,-0.0027789774,0.08168432,0.036226794,0.021162871,-0.009800414,0.11521044,-0.0035463364,-0.21510103,0.15583947,-0.04405713,-0.15940584,0.13427724,-0.07324537,-0.07593711,0.07577245,0.075407006,-0.0880588,-0.102573775,-0.11393879,-0.07840535,-0.039919034,0.23077086,0.18406637,0.07570611,0.10802461,-0.005460764,0.35574427,-0.2709001,-0.067975454,-0.021368062,0.16088206,0.108380795,0.069469616,0.107218236,0.05465961,-0.022003168,-0.06747538,0.08748294,0.17356028,0.2213209,0.020493817,0.053946443,-0.2509839,-0.14522085,0.12684198,0.045844354,0.17082426,0.04922533,-0.064596,0.07668323,0.0035077608,-0.06939788,-0.21385963,0.14013495,0.021639021,0.014545744,-0.041215494,0.01978425,0.13459963,0.077912755,-0.1516963,-0.17103699,-0.06497428,0.031411633,-0.13090679,-0.08157281,-0.015245859,-0.07629815,0.0790665,0.06165066,0.011102882,-0.15264155,0.049594693,0.024374962,0.051120274,0.044325527,-0.28038386,-0.18132308,0.06693701,0.087940134,0.1155729,0.033876013,0.12196678,-0.24761482,-0.021716246,0.023044994,0.2660338,-0.2833926,0.050238114,0.32415757,0.023476772,-0.1108253,0.14847307,-0.10481817,-0.04620431,-0.10159972,-0.049255185,-0.023240585
cervical adenocarcinoma cancer,-0.1431419,-0.075662255,0.25784355,-0.15045586,0.3739815,0.0452747,-0.06955077,0.11619633,0.30929095,-0.045680597,0.37383276,-0.1968366,-0.6170893,-0.051197432,0.4060146,-0.0028903577,0.30343616,-0.12734911,-0.108262725,0.054956153,0.32266328,-0.7541138,0.0032903978,0.22818659,0.1553281,-0.35187167,0.5002114,0.0025140638,0.15927672,-0.60725796,-0.0060568373,0.17802963,0.07895567,0.046124093,-0.021359919,0.25109908,-0.0077292025,-0.46880934,0.33964965,-0.0960217,-0.34742227,0.29265508,-0.15963705,-0.1655036,0.16514488,0.16434829,-0.19192272,-0.22355776,-0.24832785,-0.17088315,-0.08700283,0.502961,0.4011694,0.16500029,0.2354379,-0.011901785,0.77533865,-0.59042215,-0.14815128,-0.046571314,0.35063973,0.23621435,0.15140775,0.2336804,0.119129665,-0.04795548,-0.14706142,0.19066766,0.3782715,0.4823652,0.04466593,0.1175753,-0.5470152,-0.31650645,0.27644998,0.09991699,0.3723086,0.10728577,-0.14078589,0.1671297,0.0076450366,-0.15125139,-0.46610373,0.30542183,0.04716192,0.03170217,-0.089828715,0.043119427,0.29335764,0.16980967,-0.33061963,-0.37277234,-0.14161023,0.06846107,-0.28530926,-0.17778651,-0.033228107,-0.16629049,0.17232415,0.13436656,0.024198586,-0.33267972,0.10809095,0.053124722,0.1114158,0.09660684,-0.6110919,-0.3951905,0.14588813,0.19166404,0.25188923,0.07383217,0.2658246,-0.5396721,-0.04733017,0.050226167,0.5798162,-0.6176495,0.109493114,0.7064961,0.05116718,-0.24154203,0.32359457,-0.22844946,-0.100701414,-0.22143477,-0.10735091,-0.05065254
papillary renal cell carcinoma cancer,-0.46926972,-0.24804577,0.84529996,-0.49325037,1.2260422,0.14842936,-0.22801392,0.38093448,1.0139623,-0.14975849,1.2255554,-0.6452982,-2.023034,-0.16784297,1.3310604,-0.009479308,0.99477,-0.4174926,-0.35492152,0.18016548,1.057804,-2.4722517,0.0107889995,0.74808073,0.50921947,-1.1535617,1.6398714,0.00824301,0.52216434,-1.9908041,-0.01985924,0.5836423,0.25884423,0.15120953,-0.07002459,0.82319456,-0.025341041,-1.5369222,1.113492,-0.31479383,-1.1389751,0.9594267,-0.5233458,-0.5425824,0.54140294,0.53879404,-0.6291877,-0.732902,-0.8141043,-0.56021464,-0.28522706,1.6488822,1.315177,0.5409275,0.7718445,-0.03901976,2.5418382,-1.9356136,-0.4856917,-0.15267527,1.1495246,0.77439415,0.49636802,0.76608616,0.39054886,-0.15721506,-0.4821193,0.6250738,1.2401067,1.5813639,0.14642894,0.3854515,-1.7933127,-1.0376214,0.90630037,0.32756388,1.2205591,0.35172227,-0.4615448,0.54791284,0.025065023,-0.49585506,-1.5280515,1.0012807,0.15461296,0.10392942,-0.29448646,0.14136091,0.9617335,0.556697,-1.0838885,-1.2220803,-0.46424744,0.22443855,-0.93534535,-0.5828476,-0.10893115,-0.5451635,0.56494117,0.44050008,0.079328716,-1.0906421,0.35436368,0.17415878,0.36525565,0.3167093,-2.003378,-1.2955741,0.4782711,0.628344,0.82578,0.242049,0.8714721,-1.769232,-0.15516578,0.16465724,1.9008435,-2.024872,0.35895807,2.316144,0.16774143,-0.79185885,1.060855,-0.74893796,-0.33013552,-0.72594124,-0.3519324,-0.16605966
epithelial ovarian cancer,-0.109714,-0.0579929,0.19762938,-0.11532005,0.2866459,0.03470174,-0.053308662,0.089061126,0.23706225,-0.035012793,0.28653175,-0.15086946,-0.47298062,-0.039241306,0.31119817,-0.0022154516,0.23257492,-0.09760936,-0.08298018,0.04212222,0.24731179,-0.57800615,0.0025220676,0.17489834,0.119054295,-0.26969936,0.38339725,0.0019270193,0.12208089,-0.46544528,-0.004642344,0.13645446,0.06051724,0.03535278,-0.016371649,0.19246009,-0.0059242058,-0.3593285,0.2603315,-0.073597774,-0.2662891,0.22431155,-0.12235709,-0.1268537,0.12657864,0.12596814,-0.1471031,-0.17135046,-0.19033602,-0.1309769,-0.06668513,0.38550496,0.30748445,0.12646781,0.18045619,-0.009122359,0.59427416,-0.45254117,-0.11355361,-0.035695568,0.26875508,0.18105134,0.11604967,0.17910916,0.091309436,-0.03675652,-0.1127182,0.14614122,0.2899341,0.36971876,0.034235165,0.09011804,-0.41927105,-0.24259289,0.21189076,0.07658344,0.28536353,0.08223139,-0.10790823,0.12810004,0.005859678,-0.11592976,-0.35725486,0.23409684,0.036148205,0.024298826,-0.068851,0.033049803,0.22484992,0.13015409,-0.25341028,-0.28571907,-0.10854001,0.052473404,-0.21868111,-0.13626817,-0.025468405,-0.1274568,0.1320814,0.102988,0.018547479,-0.2549894,0.082848474,0.040718626,0.08539687,0.07404632,-0.46838382,-0.30290198,0.11181895,0.14690483,0.19306569,0.056590166,0.20374683,-0.41364285,-0.036277167,0.038496878,0.44441217,-0.47341,0.083923295,0.54150844,0.03921819,-0.18513475,0.24802563,-0.17509978,-0.07718465,-0.16972324,-0.082281284,-0.038823694
Basal-like cancer,-0.27887803,-0.14740962,0.5023467,-0.29312757,0.72861385,0.0882066,-0.13550317,0.22638145,0.60257953,-0.0889976,0.72832364,-0.38348937,-1.2022523,-0.099745415,0.7910232,-0.0056314445,0.59117305,-0.2481095,-0.21092363,0.107068695,0.62863183,-1.4692106,0.0064104153,0.444568,0.30261955,-0.68553865,0.9745432,0.004898764,0.31031266,-1.1830977,-0.011800151,0.34684843,0.1538258,0.08986217,-0.041614827,0.48920706,-0.015058894,-0.9133632,0.6617262,-0.18707594,-0.67687005,0.5701689,-0.31101492,-0.32244456,0.32174602,0.3201935,-0.3739153,-0.4355497,-0.48380727,-0.3329251,-0.16950387,0.97989947,0.7815829,0.32146356,0.45869467,-0.023186913,1.5105633,-1.150297,-0.28863734,-0.09073313,0.68313783,0.46020684,0.29498252,0.4552708,0.2320956,-0.09343011,-0.28651443,0.37147042,0.736972,0.9397735,0.08702146,0.22906712,-1.0657285,-0.616638,0.5385965,0.19466405,0.7253549,0.20902105,-0.27428782,0.32561252,0.014895175,-0.2946775,-0.90809166,0.5950415,0.091884285,0.06176407,-0.1750099,0.08400774,0.5715372,0.3308333,-0.6441344,-0.72625834,-0.27589345,0.1333806,-0.55585694,-0.34637517,-0.06473669,-0.3239781,0.3357327,0.261781,0.04714454,-0.64814734,0.21058924,0.10350106,0.2170677,0.18821575,-1.1905671,-0.76993454,0.28422832,0.37341148,0.4907467,0.1438444,0.5178966,-1.0514227,-0.09221125,0.09785329,1.1296339,-1.2033433,0.21332152,1.3764404,0.09968688,-0.47058702,0.63044727,-0.44507957,-0.196193,-0.43141344,-0.20914745,-0.09868499
astrocytoma cancer,-0.58953667,-0.3116143,1.061935,-0.61966354,1.540259,0.18646914,-0.28645217,0.4785643,1.2738266,-0.18814039,1.5396433,-0.81067985,-2.5415049,-0.21085832,1.6721885,-0.011909515,1.2497145,-0.52448803,-0.4458809,0.22633992,1.328905,-3.1058464,0.013554782,0.939801,0.6397231,-1.4491975,2.060145,0.010352939,0.65598774,-2.5010166,-0.024950169,0.7332211,0.3251804,0.18995863,-0.08796892,1.0341662,-0.031833965,-1.9308109,1.3988619,-0.39546713,-1.4308727,1.2053121,-0.657472,-0.6816358,0.680157,0.676878,-0.7904395,-0.92073166,-1.0227462,-0.70379025,-0.3583258,2.0714645,1.6522349,0.6795598,0.9696552,-0.04902032,3.193272,-2.4316804,-0.6101662,-0.19180208,1.4441321,0.97286016,0.62358195,0.9624191,0.49064243,-0.19750679,-0.605678,0.78527033,1.5579268,1.9866399,0.18395312,0.48423555,-2.2529106,-1.3035456,1.1385722,0.411512,1.5333683,0.44185868,-0.5798314,0.68833417,0.031488497,-0.62293524,-1.9196699,1.2578936,0.1942397,0.13056509,-0.3699589,0.17758879,1.2082119,0.6993709,-1.3616695,-1.5352799,-0.5832283,0.28195438,-1.1750609,-0.7322197,-0.13684982,-0.68487996,0.7097273,0.553394,0.0996597,-1.3701538,0.44518194,0.21879311,0.4588627,0.3978748,-2.5168111,-1.6276088,0.60084313,0.78938025,1.0374141,0.30408177,1.0948175,-2.222657,-0.19493432,0.2068561,2.3879972,-2.5438156,0.4509513,2.909734,0.21073113,-0.9947992,1.3327336,-0.94087857,-0.41474298,-0.91198856,-0.44212672,-0.20861916
thyroid cancer,-0.116453774,-0.06155532,0.20976986,-0.122404166,0.30425456,0.03683352,-0.0565834,0.09453205,0.25162506,-0.037163723,0.30413347,-0.16013734,-0.50203615,-0.04165194,0.3303152,-0.0023514666,0.2468619,-0.10360553,-0.08807768,0.044709776,0.26250422,-0.6135131,0.0026769284,0.18564239,0.12636799,-0.2862673,0.4069494,0.0020453685,0.1295803,-0.49403763,-0.0049275407,0.14483689,0.06423482,0.03752455,-0.017377462,0.20428291,-0.006288179,-0.38140208,0.27632365,-0.07811894,-0.28264713,0.238091,-0.12987354,-0.13464627,0.13435438,0.13370636,-0.15613967,-0.18187657,-0.2020283,-0.13902277,-0.0707816,0.4091866,0.3263733,0.13423671,0.19154164,-0.009682703,0.6307805,-0.48034072,-0.12052921,-0.037888292,0.28526476,0.19217338,0.12317862,0.19011185,0.096918605,-0.039014477,-0.11964257,0.15511858,0.3077447,0.3924309,0.03633822,0.095654,-0.44502708,-0.25749534,0.22490725,0.081287935,0.3028933,0.08728287,-0.11453702,0.13596927,0.006219604,-0.12305127,-0.3792011,0.24847737,0.038368806,0.025791511,-0.07308057,0.03508005,0.23866253,0.13814947,-0.2689772,-0.30327067,-0.115207754,0.055696838,-0.23211476,-0.14463913,-0.027032975,-0.13528647,0.14019512,0.109314606,0.019686826,-0.27065334,0.0879379,0.043219972,0.090642996,0.078594975,-0.49715683,-0.32150924,0.11868797,0.15592928,0.20492578,0.060066488,0.21626288,-0.43905297,-0.038505748,0.040861703,0.4717125,-0.50249165,0.08907866,0.5747735,0.04162737,-0.19650759,0.2632619,-0.1858562,-0.081926204,-0.18014942,-0.08733572,-0.04120858
clear cell ovarian carcinoma cancer,-0.1717919,-0.0908062,0.30945125,-0.18056992,0.44883454,0.054336574,-0.0834714,0.13945334,0.37119594,-0.054823715,0.44865572,-0.23623388,-0.74060065,-0.061444685,0.48727903,-0.0034688592,0.36416927,-0.15283827,-0.1299318,0.06595573,0.3872447,-0.905051,0.0039489344,0.27385852,0.18641724,-0.4222998,0.6003294,0.0030172905,0.19115612,-0.72880155,-0.0072690975,0.21366255,0.09475883,0.055355847,-0.025634985,0.301357,-0.009276333,-0.5626422,0.40763113,-0.115240596,-0.41695943,0.35123053,-0.19158868,-0.19862941,0.1981988,0.19724286,-0.23033634,-0.2683031,-0.29803106,-0.20508575,-0.1044166,0.6036296,0.4814642,0.19802552,0.2825611,-0.014283893,0.9305241,-0.708596,-0.17780398,-0.055892654,0.42082083,0.2834929,0.18171243,0.28045186,0.14297378,-0.057553925,-0.17649592,0.22883005,0.45398352,0.5789114,0.053605866,0.14110827,-0.65650094,-0.37985557,0.33178192,0.11991559,0.44682682,0.12875913,-0.16896442,0.20058098,0.00917522,-0.18152457,-0.55939484,0.36655244,0.056601487,0.038047414,-0.10780813,0.05174974,0.35207355,0.20379722,-0.39679366,-0.4473835,-0.16995372,0.08216358,-0.3424143,-0.21337071,-0.03987881,-0.1995738,0.20681521,0.1612603,0.029041938,-0.39926618,0.12972546,0.06375786,0.13371588,0.11594296,-0.7334026,-0.47428837,0.17508788,0.23002595,0.30230537,0.08860982,0.3190298,-0.6476882,-0.056803383,0.060279,0.69586736,-0.74127287,0.13140835,0.84790224,0.061408434,-0.28988695,0.38836253,-0.27417406,-0.12085701,-0.26575524,-0.12883715,-0.060790554
combined hepatocellular cholangiocarcinoma cancer,-0.09382807,-0.049595874,0.16901386,-0.09862234,0.24514113,0.029677192,-0.045589812,0.076165505,0.20273697,-0.02994316,0.24504359,-0.12902437,-0.4044958,-0.033559445,0.26613846,-0.0018946311,0.19889933,-0.08347602,-0.0709651,0.03602318,0.21150258,-0.4943142,0.0021568432,0.14957401,0.10181585,-0.23064843,0.32788366,0.0016479518,0.104404226,-0.39805144,-0.0039701625,0.116696596,0.051754724,0.030233916,-0.014001132,0.16459298,-0.0050663804,-0.3072997,0.22263698,-0.06294126,-0.22773185,0.19183254,-0.10464049,-0.10848597,0.10825071,0.107728705,-0.12580338,-0.14653984,-0.1627764,-0.112012215,-0.0570295,0.32968602,0.2629624,0.10815602,0.15432711,-0.0078014988,0.5082267,-0.38701573,-0.09711174,-0.030527003,0.22984093,0.15483603,0.099246316,0.15317509,0.07808829,-0.031434353,-0.09639732,0.12498074,0.24795324,0.31618568,0.029278042,0.07706948,-0.358563,-0.20746681,0.18121016,0.065494634,0.24404454,0.07032476,-0.09228372,0.10955185,0.005011219,-0.09914378,-0.30552638,0.20020087,0.030914137,0.020780504,-0.058881737,0.028264347,0.19229305,0.111308515,-0.21671776,-0.24434853,-0.09282408,0.044875517,-0.1870173,-0.11653726,-0.021780666,-0.109001726,0.11295688,0.08807591,0.015862012,-0.21806838,0.07085261,0.034822814,0.073031835,0.06332485,-0.4005647,-0.2590435,0.095628165,0.12563385,0.1651108,0.04839621,0.1742454,-0.35374963,-0.031024437,0.032922737,0.38006365,-0.404863,0.071771584,0.46310103,0.033539582,-0.15832834,0.212113,-0.14974633,-0.066008806,-0.14514826,-0.070367366,-0.033202186
tubulovillous adenoma cancer,-0.13379772,-0.07072311,0.24101187,-0.14063433,0.34956846,0.042319264,-0.06501061,0.10861116,0.28910077,-0.04269858,0.3494294,-0.18398727,-0.5768066,-0.047855362,0.37951043,-0.0027016317,0.2836282,-0.11903592,-0.10119544,0.05136863,0.30160004,-0.7048862,0.003075764,0.21329093,0.14518829,-0.32890218,0.46755838,0.0023499716,0.14887922,-0.56761676,-0.0056613814,0.16640799,0.07380166,0.043113183,-0.019965423,0.23470774,-0.0072246357,-0.43820584,0.31747764,-0.0897535,-0.32474294,0.2735509,-0.14921622,-0.15469982,0.15436438,0.1536199,-0.1793942,-0.2089641,-0.2321173,-0.15972829,-0.08132341,0.47012854,0.37498167,0.15422927,0.22006884,-0.011124795,0.7247256,-0.5518806,-0.1384802,-0.04353116,0.32775033,0.22079451,0.14152408,0.21842596,0.11135297,-0.044825073,-0.13746148,0.17822115,0.35357854,0.45087722,0.041750148,0.10990019,-0.51130676,-0.29584533,0.2584035,0.09339463,0.34800464,0.10028226,-0.1315956,0.15621972,0.0071460246,-0.1413779,-0.43567708,0.28548416,0.04408326,0.029632738,-0.0839647,0.040304612,0.27420765,0.15872467,-0.30903715,-0.34843835,-0.13236612,0.06399202,-0.2666845,-0.16618091,-0.031059053,-0.1554353,0.16107515,0.12559533,0.022618942,-0.310963,0.101034924,0.049656905,0.104142785,0.09030055,-0.5712005,-0.369393,0.13636483,0.17915241,0.23544616,0.069012456,0.24847198,-0.50444305,-0.044240467,0.04694745,0.5419668,-0.57733,0.10234558,0.660377,0.0478271,-0.2257743,0.3024706,-0.21353658,-0.09412777,-0.20697977,-0.10034309,-0.04734591
medulloblastoma cancer,-0.13955367,-0.07376564,0.25138012,-0.14668436,0.3646068,0.04413985,-0.06780733,0.11328364,0.30153763,-0.04453554,0.36446175,-0.19190244,-0.6016207,-0.049914118,0.39583686,-0.0028179733,0.2958297,-0.12415682,-0.10554883,0.053578574,0.3145749,-0.7352102,0.0032080715,0.22246651,0.1514345,-0.34305134,0.48767263,0.0024510443,0.15528396,-0.59203565,-0.0059049837,0.17356695,0.07697655,0.044967927,-0.02082446,0.24480473,-0.0075355074,-0.45705748,0.33113548,-0.093614765,-0.3387134,0.28531903,-0.1556354,-0.16135493,0.16100506,0.16022855,-0.18711168,-0.21795368,-0.2421029,-0.16659963,-0.08482191,0.49035326,0.39111322,0.16086426,0.22953609,-0.011603416,0.7559033,-0.5756216,-0.14443757,-0.045403946,0.3418502,0.23029305,0.14761242,0.22782263,0.11614343,-0.04675348,-0.14337498,0.18588811,0.36878935,0.47027364,0.04354628,0.114628114,-0.533303,-0.30857244,0.26952016,0.09741237,0.36297584,0.10459633,-0.13725682,0.16294032,0.0074533722,-0.14745985,-0.4544196,0.29776573,0.045979667,0.030907515,-0.087576866,0.04203851,0.28600392,0.16555293,-0.32233196,-0.363428,-0.13806048,0.06674496,-0.27815732,-0.17332998,-0.032395273,-0.16212203,0.1680045,0.13099834,0.023592023,-0.32434037,0.10538139,0.051793102,0.10862295,0.09418517,-0.5957735,-0.3852841,0.14223108,0.1868595,0.24557503,0.0719814,0.25916123,-0.5261441,-0.04614367,0.048967093,0.5652818,-0.60216635,0.10674841,0.688786,0.04988455,-0.23548704,0.31548285,-0.22272293,-0.09817714,-0.21588399,-0.10465977,-0.04938272
Duke C cancer,-0.12737624,-0.06732894,0.22944462,-0.13388464,0.3327914,0.04028825,-0.061890483,0.10339851,0.27522567,-0.04064933,0.332659,-0.17515711,-0.54912335,-0.04555862,0.3612962,-0.0025720503,0.27001578,-0.11332293,-0.09633873,0.048903245,0.2871252,-0.671056,0.0029279923,0.20305417,0.1382203,-0.3131167,0.4451183,0.0022371672,0.14173394,-0.5403747,-0.00538968,0.15842155,0.07025963,0.041044086,-0.019007314,0.22344321,-0.00687799,-0.41717476,0.3022408,-0.08544587,-0.30915743,0.2604222,-0.14205462,-0.14727521,0.14695585,0.146247,-0.17078434,-0.19893518,-0.22097701,-0.15206212,-0.077420354,0.44756514,0.3569848,0.14682712,0.20950685,-0.010590871,0.6899428,-0.5253931,-0.131834,-0.041441943,0.3120204,0.21019772,0.13473178,0.20794281,0.10600875,-0.04267371,-0.13086417,0.16966763,0.3366088,0.42923772,0.03974646,0.10462569,-0.48676717,-0.28164655,0.2460018,0.08891221,0.33130264,0.09546934,-0.12527971,0.14872213,0.0068030134,-0.13459268,-0.4147672,0.27178276,0.041967552,0.028210487,-0.07993483,0.038370322,0.26104727,0.15110685,-0.29420528,-0.33171532,-0.12601335,0.06092077,-0.2538853,-0.15820529,-0.029568408,-0.14797524,0.15334448,0.11956748,0.021533204,-0.29603848,0.096185796,0.047273695,0.09914449,0.08596656,-0.5437865,-0.35166448,0.12982008,0.17055419,0.22414622,0.0657003,0.23654671,-0.48023283,-0.04211719,0.044694223,0.51595545,-0.54962164,0.09743352,0.6286829,0.045531623,-0.21493858,0.2879539,-0.2032881,-0.089610234,-0.19704604,-0.09552726,-0.045073606
esophageal adenocarcinoma cancer,-0.3499553,-0.18498012,0.63038105,-0.36783755,0.9143158,0.11068829,-0.17003946,0.28407964,0.756159,-0.111680515,0.9139527,-0.48122942,-1.5086697,-0.12516853,0.99263173,-0.0070676454,0.74184597,-0.31134522,-0.26468107,0.13435768,0.7888515,-1.84367,0.008044848,0.5578753,0.37974906,-0.8602623,1.2229257,0.006147349,0.38940212,-1.4846349,-0.014808197,0.4352496,0.19303077,0.11276547,-0.052221373,0.61389107,-0.018896993,-1.1461521,0.8303809,-0.23475689,-0.849385,0.71548826,-0.39028382,-0.40462744,0.40374863,0.40180162,-0.46921444,-0.546559,-0.60711515,-0.4177773,-0.21270555,1.2296463,0.9807859,0.40339577,0.57560194,-0.029096883,1.8955625,-1.4434743,-0.36220282,-0.11385786,0.8572506,0.57750064,0.37016526,0.5713062,0.2912497,-0.117242105,-0.35953826,0.466147,0.92480457,1.1792946,0.10920022,0.2874499,-1.3373523,-0.77380073,0.675869,0.2442781,0.9102268,0.2622951,-0.34419498,0.40860194,0.018690964,-0.36978185,-1.1395377,0.7467,0.115302265,0.07750547,-0.21961385,0.10541869,0.7172056,0.41515282,-0.8083062,-0.9113603,-0.34621003,0.16737613,-0.6975296,-0.43465573,-0.081235975,-0.40655196,0.4213015,0.32850066,0.059159804,-0.8133411,0.2642627,0.12988012,0.2723911,0.2361867,-1.4940083,-0.96616906,0.35666946,0.46858275,0.6158236,0.18050598,0.64989364,-1.3193992,-0.11571368,0.12279342,1.417544,-1.5100411,0.2676914,1.7272542,0.12509304,-0.5905262,0.7911303,-0.55851704,-0.24619678,-0.54136837,-0.26245272,-0.123836994
Schwannoma tumors cancer,-0.10452377,-0.05524933,0.18828012,-0.1098645,0.2730853,0.033060163,-0.05078683,0.08484797,0.22584757,-0.03335646,0.27297676,-0.14373225,-0.4506054,-0.037385017,0.2964763,-0.0021106005,0.22157237,-0.092991665,-0.07905463,0.04012949,0.23561226,-0.5506623,0.0024027785,0.16662434,0.11342204,-0.25694072,0.36525983,0.001835851,0.11630549,-0.44342652,-0.004422644,0.12999912,0.057654284,0.033680364,-0.015597122,0.18335538,-0.0056440597,-0.3423296,0.24801585,-0.0701161,-0.25369164,0.21369998,-0.11656872,-0.12085264,0.12059053,0.12000899,-0.14014405,-0.16324426,-0.18133163,-0.12478087,-0.06353035,0.36726767,0.29293826,0.12048502,0.17191927,-0.00869068,0.56616074,-0.4311328,-0.10818168,-0.034006886,0.256041,0.17248617,0.110559724,0.17063595,0.08698974,-0.035017665,-0.10738585,0.13922758,0.27621815,0.35222837,0.03261558,0.08585479,-0.3994363,-0.23111653,0.20186672,0.07296048,0.27186385,0.07834124,-0.10280343,0.12203998,0.0055825254,-0.110445485,-0.3403539,0.2230223,0.034438238,0.023149332,-0.06559396,0.031486306,0.21421294,0.123996876,-0.24142206,-0.2722024,-0.10340534,0.04999113,-0.20833574,-0.12982175,-0.024263553,-0.121427126,0.12583292,0.09811587,0.017670114,-0.24292631,0.07892909,0.03879245,0.08135702,0.070543334,-0.44622603,-0.28857243,0.10652901,0.13995513,0.18393238,0.05391307,0.19410807,-0.39407447,-0.034560967,0.0366756,0.423388,-0.4510143,0.07995308,0.5158912,0.03736293,-0.1763765,0.23629217,-0.1668163,-0.07353341,-0.16169415,-0.0783887,-0.036986955
H. Pylori negative gastric cancer,-0.2065636,-0.10918571,0.37208602,-0.21711838,0.539681,0.065334626,-0.10036696,0.16767952,0.44632798,-0.06592046,0.5394662,-0.284049,-0.8905021,-0.07388119,0.5859073,-0.0041711424,0.43787926,-0.18377352,-0.15623063,0.07930547,0.4656253,-1.0882384,0.0047483025,0.32928914,0.22414894,-0.50777525,0.72183955,0.0036280137,0.22984695,-0.87631524,-0.00874031,0.2569089,0.113938466,0.06656023,-0.030823696,0.36235332,-0.0111537855,-0.67652404,0.49013773,-0.13856612,-0.5013543,0.42232147,-0.23036745,-0.23883308,0.23831525,0.2371661,-0.27695766,-0.32260913,-0.35835397,-0.24659628,-0.12555115,0.7258074,0.57891506,0.23810697,0.339753,-0.017175043,1.1188674,-0.85202014,-0.21379267,-0.06720559,0.50599736,0.34087342,0.21849218,0.3372169,0.17191252,-0.069203325,-0.2122196,0.27514657,0.54587173,0.6960865,0.06445607,0.16966937,-0.7893806,-0.45674065,0.39893648,0.14418702,0.53726685,0.15482081,-0.20316389,0.2411798,0.011032349,-0.21826603,-0.67261964,0.44074494,0.06805788,0.04574855,-0.12962896,0.062223986,0.4233352,0.24504697,-0.4771071,-0.53793645,-0.20435333,0.098793976,-0.41172087,-0.25655836,-0.04795045,-0.23996882,0.2486755,0.1939001,0.034920033,-0.48007986,0.15598252,0.07666268,0.16078076,0.13941027,-0.8818477,-0.57028735,0.2105267,0.27658442,0.36349395,0.10654491,0.3836034,-0.7787842,-0.06830098,0.07247963,0.83671445,-0.89131063,0.15800601,1.0195228,0.07383789,-0.34856176,0.46696922,-0.32966864,-0.14531918,-0.31954592,-0.15491451,-0.07309511
Oncocytoma cancer,-0.4717577,-0.24936241,0.84978354,-0.49586564,1.2325459,0.14921527,-0.22922233,0.3829549,1.019341,-0.15055218,1.2320552,-0.64872074,-2.033764,-0.16873376,1.3381201,-0.009527981,1.0000466,-0.41970763,-0.35680443,0.1811211,1.0634136,-2.4853632,0.010845145,0.7520471,0.5119209,-1.1596794,1.6485685,0.008285432,0.5249344,-2.0013623,-0.019963922,0.5867389,0.26021692,0.15201251,-0.070396245,0.8275587,-0.025473941,-1.5450742,1.1193984,-0.31646353,-1.145016,0.964516,-0.5261216,-0.54545885,0.54427445,0.5416503,-0.63252515,-0.736789,-0.818422,-0.5631852,-0.28673998,1.6576271,1.3221529,0.5437966,0.77593863,-0.039227013,2.555318,-1.945879,-0.48826897,-0.15348478,1.15562,0.77850056,0.49900174,0.77014905,0.39262068,-0.15804918,-0.48467624,0.6283898,1.2466849,1.5897511,0.14720504,0.38749683,-1.8028224,-1.0431242,0.9111069,0.32930052,1.2270328,0.3535868,-0.46399245,0.5508191,0.025196321,-0.4984851,-1.536157,1.0065914,0.15543333,0.104481325,-0.29604873,0.14211003,0.96683335,0.5596492,-1.0896381,-1.2285618,-0.46670955,0.22562872,-0.94030726,-0.58593875,-0.10950929,-0.5480535,0.5679362,0.44283664,0.07975047,-1.0964262,0.3562419,0.17508338,0.36719418,0.3183905,-2.0140026,-1.3024439,0.48080733,0.6316754,0.8301597,0.24333242,0.87609303,-1.7786165,-0.15598986,0.16553187,1.9109241,-2.0356128,0.360862,2.3284295,0.16863102,-0.796059,1.0664823,-0.75291055,-0.3318854,-0.7297917,-0.3537995,-0.16694011
serrated adenoma cancer,-0.268676,-0.14201729,0.48397034,-0.2824046,0.7019597,0.084980056,-0.13054655,0.2181,0.5805361,-0.08574183,0.7016804,-0.36946088,-1.1582713,-0.096096806,0.76208633,-0.005425605,0.56954724,-0.23903325,-0.20320766,0.10315222,0.6056357,-1.4154656,0.006175963,0.4283048,0.29154956,-0.6604602,0.938893,0.004719434,0.29896075,-1.1398184,-0.011368404,0.33415997,0.14819866,0.08657491,-0.04009241,0.47131097,-0.014508203,-0.87995064,0.6375192,-0.18023263,-0.65210915,0.5493113,-0.29963806,-0.3106491,0.30997556,0.3084805,-0.36023682,-0.41961664,-0.46610883,-0.32074612,-0.16330332,0.9440531,0.7529917,0.30970404,0.44191504,-0.02233877,1.4553046,-1.108217,-0.2780786,-0.08741383,0.65814763,0.44337222,0.2841919,0.43861625,0.22360516,-0.090012245,-0.27603304,0.35788155,0.7100124,0.9053957,0.08383819,0.2206875,-1.0267432,-0.59408045,0.5188942,0.1875431,0.6988203,0.20137492,-0.264254,0.31370106,0.014350077,-0.2838976,-0.8748727,0.57327384,0.088522546,0.059504557,-0.16860776,0.08093446,0.55062944,0.3187309,-0.62057096,-0.69969094,-0.26580113,0.12850165,-0.53552306,-0.3337039,-0.062368754,-0.31212673,0.32345143,0.25220442,0.045419816,-0.6244371,0.20288561,0.09971483,0.2091269,0.18133064,-1.1470146,-0.7417699,0.27383095,0.3597513,0.4727946,0.13858227,0.4989508,-1.0129607,-0.08883844,0.09427368,1.0883104,-1.1593232,0.20551795,1.3260878,0.096040234,-0.45337218,0.60738486,-0.42879778,-0.18901578,-0.41563174,-0.20149674,-0.095075265
brainstem gliomas cancer,-0.19126624,-0.10109999,0.34453076,-0.20103936,0.49971473,0.060496062,-0.09293376,0.15526158,0.41327485,-0.061038386,0.4995158,-0.2630133,-0.82455546,-0.06841011,0.5425172,-0.0038620136,0.4054516,-0.17016397,-0.14466079,0.07343231,0.43114287,-1.0076483,0.0043965974,0.30490324,0.20754945,-0.47017175,0.6683832,0.0033593702,0.2128257,-0.8114189,-0.008093128,0.23788334,0.10550077,0.06163118,-0.028541123,0.33551902,-0.010327876,-0.62642366,0.4538404,-0.12830426,-0.46422625,0.39104605,-0.21330722,-0.22114624,0.22066678,0.21960251,-0.2564473,-0.29871807,-0.33181596,-0.22833434,-0.116253264,0.67205745,0.5360429,0.22047359,0.3145925,-0.015903257,1.0360088,-0.788923,-0.19796,-0.062228728,0.46852517,0.3156299,0.20231123,0.31224397,0.15918122,-0.064078264,-0.19650367,0.25477037,0.5054471,0.6445371,0.059682805,0.15710439,-0.7309222,-0.4229162,0.3693926,0.13350919,0.4974791,0.1433553,-0.18811826,0.22331892,0.010215353,-0.20210232,-0.6228083,0.40810513,0.06301789,0.042360626,-0.120029144,0.05761618,0.39198473,0.22689988,-0.44177434,-0.49809888,-0.18921995,0.09147769,-0.3812307,-0.23755875,-0.04439955,-0.22219755,0.23025984,0.1795409,0.03233417,-0.4445271,0.14443116,0.070985466,0.14887394,0.12908627,-0.81654155,-0.52805424,0.19493589,0.25610164,0.3365747,0.09865452,0.3551952,-0.7211107,-0.06324254,0.06711226,0.77475137,-0.82530385,0.14630477,0.9440209,0.068369694,-0.32274857,0.43238738,-0.30525455,-0.13455747,-0.2958814,-0.1434425,-0.06768184
solid pseudopapillary neoplasm of pancreas cancer,-0.12452263,-0.06582051,0.22430442,-0.13088527,0.32533574,0.039385654,-0.060503956,0.10108212,0.26905987,-0.039738655,0.3252064,-0.1712331,-0.53682125,-0.044537943,0.35320228,-0.0025143535,0.26396674,-0.110784166,-0.094180495,0.04780761,0.28069285,-0.6560224,0.002862375,0.1985052,0.13512379,-0.30610204,0.4351463,0.0021871016,0.13855861,-0.5282688,-0.0052689514,0.15487236,0.068685584,0.040124517,-0.018581456,0.2184374,-0.0067239315,-0.4078289,0.29546967,-0.08353165,-0.30223134,0.25458795,-0.13887231,-0.14397569,0.14366364,0.1429707,-0.16695835,-0.19447841,-0.21602663,-0.14865544,-0.07568587,0.43753842,0.34898737,0.14353786,0.20481329,-0.010353647,0.67448646,-0.5136228,-0.12888059,-0.040513583,0.30503026,0.20548877,0.13171345,0.20328435,0.10363391,-0.04171773,-0.12793241,0.1658665,0.32906774,0.41962138,0.038856138,0.10228173,-0.47586215,-0.27533683,0.24049069,0.086920284,0.3238804,0.09333052,-0.12247315,0.14539029,0.0066506183,-0.13157733,-0.40547508,0.265694,0.041027296,0.02757853,-0.07814416,0.03751069,0.25519907,0.14772148,-0.28761417,-0.32428396,-0.12319025,0.05955599,-0.24819757,-0.15466093,-0.02890603,-0.14466019,0.14990897,0.1168888,0.021050975,-0.2894066,0.09403088,0.046214625,0.09692337,0.08404068,-0.531604,-0.34378603,0.12691167,0.16673325,0.2191247,0.06422838,0.23124735,-0.46947432,-0.04117364,0.04369304,0.50439656,-0.5373086,0.09525078,0.6145984,0.044511702,-0.21012329,0.28150287,-0.19873387,-0.08760273,-0.19263156,-0.093387224,-0.04406385
Luminal B cancer,-0.10016057,-0.052943148,0.1804207,-0.1052784,0.26168594,0.031680185,-0.04866672,0.08130597,0.21642004,-0.031963993,0.26158193,-0.1377324,-0.43179566,-0.035824355,0.28410047,-0.0020225393,0.21232331,-0.08910994,-0.07575467,0.038454443,0.22577706,-0.5276759,0.002302493,0.15966895,0.10868769,-0.24621524,0.3500127,0.001759164,0.11145053,-0.42491627,-0.004238118,0.12457261,0.05524764,0.03227437,-0.014946078,0.17570159,-0.005408376,-0.3280397,0.23766297,-0.06718928,-0.24310173,0.20477949,-0.11170277,-0.11580782,0.11555669,0.11499944,-0.13429402,-0.15642995,-0.17376241,-0.11957212,-0.0608785,0.3519369,0.28071007,0.11545557,0.16474287,-0.00832808,0.54252744,-0.41313592,-0.103665836,-0.032587394,0.2453531,0.16528615,0.10594457,0.16351308,0.08335863,-0.03355591,-0.10290329,0.13341586,0.26468796,0.33752534,0.03125405,0.08227092,-0.38276267,-0.22146896,0.19344038,0.06991489,0.26051533,0.075071104,-0.09851209,0.11694565,0.005349494,-0.105835125,-0.3261466,0.21371265,0.03300055,0.022183005,-0.0628557,0.030171985,0.20527098,0.11882084,-0.23134431,-0.26083997,-0.09908894,0.04790423,-0.19963937,-0.12440258,-0.023250738,-0.11635839,0.120580345,0.09402029,0.01693248,-0.23278588,0.07563427,0.037173074,0.07796089,0.06759866,-0.42759907,-0.27652657,0.10208221,0.13411307,0.17625439,0.051662512,0.1860054,-0.3776246,-0.033118386,0.035144735,0.40571463,-0.4321877,0.076615624,0.49435622,0.03580326,-0.169014,0.22642863,-0.1598528,-0.070463814,-0.15494451,-0.075116605,-0.035443023
acute lymphocytic leukemia  cancer,-0.4947161,-0.26149654,0.8911382,-0.51999813,1.2925286,0.15647799,-0.24037854,0.40159202,1.0689474,-0.15787911,1.2920136,-0.68029135,-2.132739,-0.17694485,1.4032409,-0.00999351,1.0487156,-0.44013262,-0.3741685,0.18993585,1.1151657,-2.606314,0.011373932,0.7886473,0.5368328,-1.2161149,1.7287986,0.008689279,0.5504805,-2.0987594,-0.020937158,0.6152916,0.27287987,0.15940927,-0.07382177,0.8678327,-0.026713775,-1.6202657,1.1738743,-0.3318634,-1.2007384,1.0114553,-0.5517258,-0.5720046,0.5707616,0.56801134,-0.6633073,-0.7726457,-0.8582519,-0.59059274,-0.30069464,1.7382957,1.3864967,0.570261,0.81369895,-0.041136697,2.6796765,-2.0405767,-0.5120303,-0.1609544,1.2118597,0.81638837,0.5232862,0.8076296,0.41172814,-0.16574077,-0.5082631,0.6589706,1.3073548,1.6671174,0.15436879,0.40635318,-1.890559,-1.0938886,0.95544654,0.34532616,1.286748,0.37079406,-0.48657233,0.57762533,0.026423054,-0.52274406,-1.6109164,1.055578,0.16299771,0.10956624,-0.31045535,0.14902605,1.0138855,0.5868861,-1.1426655,-1.2883508,-0.4894227,0.23660834,-0.98606855,-0.61445355,-0.11483796,-0.5747264,0.5955749,0.46438769,0.08363157,-1.1497847,0.3735798,0.18360254,0.3850619,0.33388466,-2.1120162,-1.3658293,0.5042052,0.6624175,0.87055993,0.25517452,0.91873026,-1.8651727,-0.16358148,0.1735873,2.003921,-2.1346767,0.37842238,2.4417431,0.17683782,-0.83479977,1.1183829,-0.7895512,-0.3480377,-0.765308,-0.3710164,-0.1750652
neuroendocrine neoplasia,-0.10527225,-0.05564513,0.18962838,-0.11065124,0.27504104,0.03329703,-0.051150512,0.08545554,0.22746502,-0.03359532,0.27493173,-0.14476153,-0.45383245,-0.03765277,0.29859954,-0.0021256427,0.22315903,-0.09365764,-0.07962079,0.040416952,0.23729964,-0.55460566,0.0024199414,0.16781753,0.114234455,-0.2587806,0.3678756,0.0018489468,0.11713833,-0.4466019,-0.0044543925,0.13093005,0.058067154,0.03392157,-0.015708903,0.18466844,-0.005684481,-0.34478104,0.24979213,-0.0706183,-0.2555084,0.21523026,-0.117403455,-0.12171814,0.12145417,0.12086836,-0.14114766,-0.16441336,-0.18263024,-0.12567443,-0.063985415,0.3698979,0.29503608,0.1213478,0.17315045,-0.008753002,0.57021534,-0.43422014,-0.10895652,-0.034250453,0.25787455,0.17372136,0.11135145,0.17185792,0.087612726,-0.035268415,-0.10815492,0.1402246,0.27819607,0.3547508,0.03284912,0.086469665,-0.40229696,-0.23277162,0.20331237,0.073483095,0.27381063,0.07890233,-0.10353965,0.12291392,0.0056225425,-0.111236356,-0.34279147,0.2246195,0.034684826,0.02331507,-0.06606355,0.031711835,0.21574697,0.12488486,-0.24315092,-0.27415174,-0.10414581,0.050349087,-0.20982786,-0.13075145,-0.024437351,-0.12229668,0.1267341,0.09881846,0.017796643,-0.24466605,0.07949438,0.039070174,0.08193964,0.071048506,-0.44942144,-0.29063913,0.107291944,0.14095744,0.18524952,0.054299127,0.19549817,-0.39689657,-0.034808464,0.036938246,0.42642018,-0.45424414,0.08052561,0.5195856,0.03763041,-0.17763959,0.23798433,-0.16801094,-0.07405998,-0.16285199,-0.07895008,-0.037251808
synovial sarcoma cancer,-0.1350464,-0.07138319,0.24326089,-0.14194682,0.35283086,0.042714234,-0.06561728,0.10962476,0.291799,-0.043097183,0.35269055,-0.18570441,-0.58218956,-0.048301935,0.38305235,-0.0027268487,0.28627524,-0.12014684,-0.10213986,0.051847994,0.30441487,-0.71146464,0.0031042034,0.2152814,0.14654341,-0.33197168,0.47192165,0.0023718886,0.1502687,-0.5729142,-0.005714231,0.1679611,0.07449028,0.043515652,-0.020151913,0.23689812,-0.0072921254,-0.44229555,0.32044077,-0.090591155,-0.32777372,0.2761039,-0.15060878,-0.15614349,0.1558051,0.1550535,-0.18106851,-0.21091434,-0.23428354,-0.16121882,-0.08208242,0.4745161,0.378481,0.15566859,0.22212255,-0.011228661,0.7314893,-0.5570306,-0.13977261,-0.043937452,0.33080906,0.22285509,0.14284492,0.22046451,0.11239231,-0.045243442,-0.13874435,0.17988434,0.3568781,0.4550848,0.04213991,0.11092572,-0.51607835,-0.29860628,0.26081517,0.09426616,0.35125253,0.10121816,-0.1328237,0.1576777,0.0072126724,-0.14269732,-0.4397431,0.28814858,0.044494655,0.029909182,-0.08474836,0.040680837,0.2767666,0.16020592,-0.3119213,-0.3516901,-0.13360137,0.0645892,-0.26917353,-0.1677318,-0.031348925,-0.15688579,0.16257831,0.12676741,0.02283006,-0.313865,0.101977795,0.050120384,0.10511465,0.09114324,-0.5765315,-0.3728404,0.13763729,0.18082437,0.23764348,0.06965658,0.25079083,-0.50915074,-0.04465346,0.047385618,0.5470245,-0.5827181,0.103300646,0.66653997,0.048273437,-0.22788146,0.3052935,-0.21552949,-0.09500624,-0.20891148,-0.10127958,-0.047787882
chromophobe renal cell carcinoma cancer,-0.21349367,-0.11284907,0.38456923,-0.2244026,0.55778724,0.06752652,-0.10373384,0.17330523,0.4613022,-0.068132,0.5575652,-0.29357865,-0.92037845,-0.07636001,0.60556424,-0.00431103,0.45257005,-0.18993904,-0.16147202,0.08196616,0.48124686,-1.1247487,0.0049075303,0.3403365,0.2316692,-0.52481085,0.7460572,0.003749727,0.23755865,-0.9057155,-0.009033637,0.2655284,0.117761165,0.0687932,-0.03185787,0.37451026,-0.011528064,-0.6992213,0.5065818,-0.14321473,-0.5181746,0.43649012,-0.23809618,-0.24684583,0.2463108,0.24512282,-0.28624943,-0.33343276,-0.37037683,-0.2548694,-0.12976338,0.7501582,0.5983375,0.2460952,0.35115173,-0.017751295,1.1564052,-0.8806052,-0.22096531,-0.069460355,0.52297336,0.35230982,0.2258225,0.3485305,0.17768018,-0.071525,-0.21933976,0.28437778,0.56418586,0.7194397,0.06661861,0.1753617,-0.815864,-0.47206408,0.4123206,0.14902444,0.55529207,0.16001485,-0.20997977,0.24927136,0.011402559,-0.2255889,-0.6951857,0.4555319,0.070341125,0.04728346,-0.13397813,0.064311646,0.43753803,0.25326818,-0.49311396,-0.555984,-0.2112093,0.10210843,-0.42553413,-0.2651657,-0.0495592,-0.2480197,0.25701866,0.20040551,0.036091406,-0.49618638,0.16121584,0.0792347,0.16617492,0.14408769,-0.91143376,-0.58942026,0.21758977,0.2858638,0.37568882,0.11011945,0.39647332,-0.80491227,-0.07059232,0.07491139,0.8647863,-0.9212138,0.16330713,1.0537269,0.07631497,-0.36025578,0.48263612,-0.34072894,-0.15019448,-0.33026654,-0.16011187,-0.07554743
HPV positive cancer,-0.14387722,-0.07605096,0.2591682,-0.15122883,0.37590268,0.045507323,-0.06990808,0.11679336,0.31087983,-0.045915198,0.3757532,-0.19784784,-0.6202594,-0.0514604,0.4081006,-0.0029052186,0.30499497,-0.12800333,-0.10881889,0.055238515,0.32432076,-0.7579878,0.0033072112,0.2293588,0.15612587,-0.35367918,0.5027813,0.002526968,0.16009493,-0.61037767,-0.0060880003,0.17894408,0.07936134,0.046361003,-0.021469638,0.2523891,-0.007768947,-0.47121775,0.34139436,-0.09651498,-0.34920713,0.29415858,-0.16045716,-0.1663539,0.1659932,0.16519265,-0.19290857,-0.2247063,-0.2496036,-0.17176107,-0.08744976,0.5055448,0.40323034,0.16584797,0.23664746,-0.011962991,0.77932197,-0.59345543,-0.14891244,-0.046810556,0.3524411,0.2374278,0.15218565,0.23488091,0.11974172,-0.048201945,-0.14781696,0.19164722,0.3802149,0.48484322,0.044895448,0.11817936,-0.5498255,-0.31813252,0.27787006,0.10043035,0.37422124,0.10783687,-0.14150915,0.16798827,0.0076843402,-0.15202846,-0.4684984,0.3069908,0.04740422,0.031865135,-0.090290055,0.043340918,0.29486468,0.17068198,-0.33231816,-0.37468746,-0.14233777,0.0688128,-0.28677502,-0.17869993,-0.033398725,-0.16714482,0.17320928,0.13505687,0.0243228,-0.33438885,0.10864624,0.053397704,0.11198822,0.09710319,-0.6142313,-0.39722085,0.14663762,0.19264871,0.25318328,0.07421143,0.26719028,-0.54244435,-0.04757336,0.050484236,0.58279496,-0.62082255,0.11005559,0.7101255,0.051430013,-0.242783,0.32525697,-0.22962317,-0.10121883,-0.2225724,-0.1079024,-0.05091263
cutaneous T-cell lymphoma cancer,-0.29231137,-0.15451044,0.52654475,-0.30724704,0.76371074,0.09245576,-0.14203028,0.2372861,0.6316053,-0.09328444,0.7634067,-0.40196192,-1.2601632,-0.104550324,0.8291261,-0.0059027113,0.6196495,-0.26006073,-0.22108372,0.112226404,0.6589129,-1.5399822,0.0067190556,0.46598223,0.31719688,-0.7185603,1.021486,0.00513468,0.3252605,-1.2400872,-0.01236832,0.36355558,0.16123547,0.09419083,-0.0436194,0.51277167,-0.015784523,-0.9573596,0.6936011,-0.19608721,-0.70947456,0.59763384,-0.32599655,-0.33797655,0.3372441,0.33561686,-0.39192653,-0.4565298,-0.5071118,-0.34896177,-0.17766868,1.0271006,0.81923115,0.33694828,0.48078975,-0.024303967,1.5833257,-1.2057061,-0.3025412,-0.0951037,0.7160438,0.48237535,0.30919185,0.47720096,0.24327539,-0.09793028,-0.30031568,0.38936397,0.77247125,0.98504186,0.09121318,0.24010138,-1.1170641,-0.64634085,0.5645403,0.2040409,0.76029444,0.21908952,-0.2875003,0.34129673,0.015612191,-0.30887184,-0.95183486,0.6237047,0.0963099,0.06473923,-0.1834402,0.08805419,0.5990678,0.3467693,-0.67516184,-0.76124203,-0.2891831,0.13980556,-0.5826323,-0.3630595,-0.06785495,-0.3395839,0.3519047,0.27439076,0.049415745,-0.67936796,0.22073323,0.10848642,0.22752377,0.1972824,-1.2479163,-0.8070221,0.29791927,0.39139834,0.51438564,0.15077311,0.54284334,-1.102069,-0.09665331,0.10256673,1.1840477,-1.2613078,0.22359695,1.442742,0.104488775,-0.49325493,0.6608161,-0.46651888,-0.20564343,-0.45219433,-0.2192218,-0.10343854
B cell lymphoma of MALT type cancer,-0.086513534,-0.045729496,0.15583803,-0.090934075,0.22603072,0.027363637,-0.042035855,0.070227936,0.18693228,-0.027608884,0.22594081,-0.11896608,-0.3729626,-0.03094322,0.24539128,-0.0017468717,0.18339385,-0.07696855,-0.065432936,0.033214927,0.19501449,-0.45577896,0.0019887716,0.13791375,0.093878716,-0.21266785,0.30232283,0.0015195078,0.09626519,-0.36702073,-0.0036606516,0.10759935,0.047720082,0.0278769,-0.012909662,0.1517619,-0.004671425,-0.2833437,0.2052809,-0.05803455,-0.20997863,0.17687781,-0.09648309,-0.10002875,0.09981195,0.09933053,-0.115996204,-0.1351161,-0.1500869,-0.103280194,-0.05258365,0.30398485,0.24246281,0.09972454,0.14229636,-0.0071933167,0.46860704,-0.35684532,-0.08954121,-0.02814726,0.21192329,0.14276558,0.0915094,0.14123413,0.07200087,-0.028983867,-0.08888244,0.115237676,0.22862366,0.29153687,0.026995678,0.07106138,-0.33061063,-0.19129339,0.16708364,0.06038883,0.22501962,0.064842455,-0.085089594,0.101011604,0.0046206326,-0.091414854,-0.28170857,0.1845939,0.028504211,0.019160476,-0.054291546,0.026060939,0.17730257,0.102631345,-0.1998232,-0.22529995,-0.085587874,0.041377153,-0.17243813,-0.10745248,-0.020082818,-0.100504346,0.104151115,0.081209786,0.0146253165,-0.20106842,0.06532894,0.032108102,0.067338616,0.058388155,-0.3693379,-0.23884939,0.0881734,0.11583989,0.15223935,0.044623427,0.16066179,-0.32617253,-0.028605897,0.030356186,0.35043523,-0.37330127,0.066176586,0.4269992,0.030924981,-0.1459855,0.19557735,-0.1380727,-0.060862966,-0.13383305,-0.064881764,-0.030613849
colonic adenomas cancer,-0.26953682,-0.142472,0.48552027,-0.28330916,0.70420784,0.08525218,-0.13096462,0.21879862,0.5823955,-0.08601664,0.7039275,-0.37064415,-1.161981,-0.09640467,0.7645267,-0.005443677,0.57137096,-0.23979847,-0.20385818,0.10348245,0.6075756,-1.4199983,0.0061959005,0.42967656,0.2924831,-0.6625755,0.9418997,0.0047343457,0.29991826,-1.1434689,-0.011405023,0.3352301,0.14867337,0.0868521,-0.040220995,0.47282046,-0.014554533,-0.88276905,0.63956076,-0.18080983,-0.65419763,0.55107063,-0.30059716,-0.3116441,0.3109678,0.30946806,-0.3613899,-0.42096025,-0.4676013,-0.32177344,-0.16382593,0.94707644,0.7554034,0.3106957,0.44332987,-0.022410613,1.4599653,-1.1117662,-0.27896905,-0.08769359,0.66025585,0.44479135,0.28510192,0.44002083,0.22432104,-0.09030062,-0.27691677,0.3590277,0.7122865,0.90829504,0.08410608,0.22139418,-1.0300316,-0.5959831,0.5205557,0.18814361,0.70105815,0.20201959,-0.2651003,0.31470603,0.014396381,-0.2848073,-0.87767446,0.5751097,0.08880662,0.05969494,-0.16914758,0.08119369,0.55239326,0.31975192,-0.6225587,-0.70193154,-0.26665232,0.12891315,-0.5372377,-0.33477262,-0.06256825,-0.31312636,0.32448727,0.2530122,0.045564827,-0.6264367,0.20353545,0.100033976,0.20979658,0.18191102,-1.1506877,-0.7441453,0.2747081,0.36090344,0.47430852,0.13902612,0.5005492,-1.0162042,-0.08912271,0.09457547,1.0917952,-1.1630358,0.2061765,1.3303347,0.096347205,-0.4548243,0.6093299,-0.43017122,-0.18962112,-0.41696283,-0.20214173,-0.09537954
colorectal adenoma cancer,-0.35413554,-0.18718977,0.6379106,-0.3722319,0.9252375,0.11201093,-0.17207077,0.287473,0.765191,-0.11301474,0.92486984,-0.48697767,-1.5266906,-0.1266638,1.0044891,-0.0071523013,0.7507073,-0.31506413,-0.26784286,0.13596255,0.798275,-1.8656939,0.008140587,0.5645397,0.38428527,-0.8705381,1.2375339,0.0062204534,0.39405352,-1.5023689,-0.014985779,0.4404484,0.19533697,0.11411204,-0.052845124,0.6212241,-0.019123046,-1.1598438,0.84030056,-0.23756127,-0.85953116,0.72403526,-0.39494565,-0.4094609,0.40857136,0.40660122,-0.47481906,-0.5530877,-0.614367,-0.42276755,-0.21524674,1.2443343,0.9925025,0.40821424,0.5824768,-0.02944532,1.9182054,-1.4607165,-0.36652943,-0.11521783,0.86749107,0.58439946,0.37458676,0.5781305,0.29472932,-0.11864254,-0.36383238,0.47171497,0.9358521,1.1933817,0.11050428,0.29088348,-1.3533269,-0.7830437,0.6839426,0.24719627,0.92109954,0.2654284,-0.34830624,0.41348326,0.01891426,-0.37419885,-1.1531495,0.7556195,0.116679296,0.078431085,-0.22223657,0.10667812,0.7257731,0.42011228,-0.81796134,-0.9222473,-0.35034582,0.16937518,-0.7058619,-0.43984792,-0.082206294,-0.4114083,0.42633447,0.33242488,0.059866477,-0.8230563,0.2674194,0.13143136,0.27564445,0.2390074,-1.5118554,-0.97770953,0.36093003,0.4741803,0.62317926,0.18266255,0.65765697,-1.3351597,-0.1170959,0.124260195,1.434477,-1.5280778,0.27088916,1.7478868,0.12658708,-0.5975801,0.80058044,-0.56518877,-0.24913748,-0.5478347,-0.26558754,-0.12531623
"Luminal B,triple negative cancer",-0.09966361,-0.05268049,0.17952536,-0.10475601,0.26038745,0.031522922,-0.048425302,0.08090248,0.21534616,-0.031805396,0.26028392,-0.13704894,-0.42965326,-0.03564665,0.28269076,-0.0020124381,0.21126975,-0.08866775,-0.075378746,0.0382636,0.22465679,-0.5250576,0.0022909485,0.15887667,0.10814826,-0.24499348,0.34827602,0.0017504786,0.110897474,-0.4228079,-0.0042170864,0.12395443,0.054973513,0.032114282,-0.014871948,0.17482965,-0.005381485,-0.3264119,0.23648372,-0.06685582,-0.24189538,0.20376329,-0.11114858,-0.11523318,0.11498327,0.11442882,-0.1336276,-0.15565376,-0.17290013,-0.118978694,-0.060576428,0.35019046,0.2793172,0.114882715,0.16392536,-0.008286731,0.5398356,-0.41108602,-0.103151515,-0.032425642,0.24413556,0.16446592,0.105418906,0.16270173,0.08294499,-0.03338945,-0.10239272,0.13275382,0.2633745,0.33585054,0.031098997,0.081862785,-0.38086346,-0.22037002,0.19248037,0.069567956,0.25922266,0.074698485,-0.09802319,0.11636533,0.005322894,-0.1053099,-0.32452813,0.21265225,0.03283684,0.022072893,-0.06254394,0.030022232,0.2042525,0.11823127,-0.23019643,-0.25954556,-0.098597206,0.047666524,-0.19864869,-0.1237853,-0.023135353,-0.115781024,0.11998195,0.093553744,0.016848458,-0.23163086,0.07525908,0.03698856,0.07757421,0.06726319,-0.42547745,-0.27515453,0.101575695,0.1334475,0.17537975,0.051406175,0.1850824,-0.3757509,-0.032953978,0.034970324,0.40370154,-0.43004295,0.07623536,0.49190328,0.03562555,-0.1681754,0.22530518,-0.15905978,-0.070114166,-0.15417571,-0.074743874,-0.0352672
Duke A cancer,-0.32675263,-0.1727157,0.58858454,-0.34344864,0.8536944,0.10334937,-0.15876524,0.26524448,0.7060239,-0.10427563,0.8533554,-0.44932294,-1.4086415,-0.1168693,0.9268176,-0.0065989075,0.6926596,-0.2907023,-0.24713233,0.12544927,0.73654884,-1.7214301,0.007510952,0.5208865,0.35457054,-0.8032244,1.1418426,0.005739682,0.36358386,-1.3861997,-0.013826133,0.40639153,0.18023267,0.10528883,-0.04875908,0.5731886,-0.017644633,-1.0701596,0.77532446,-0.21919169,-0.7930685,0.66804963,-0.36440676,-0.37779915,0.37697947,0.37516087,-0.4381045,-0.51032054,-0.566862,-0.39007783,-0.1986022,1.1481179,0.9157573,0.3766495,0.53743815,-0.02716767,1.769881,-1.3477683,-0.33818784,-0.10630919,0.8004124,0.53921103,0.34562233,0.5334272,0.27193913,-0.1094688,-0.33570006,0.43524072,0.863488,1.1011044,0.10196001,0.2683911,-1.2486821,-0.72249603,0.6310572,0.22808169,0.8498768,0.24490413,-0.32137433,0.38151056,0.017451692,-0.34526485,-1.0639832,0.6971922,0.10765788,0.07236688,-0.20505315,0.09842945,0.6696529,0.38762736,-0.7547133,-0.8509346,-0.32325566,0.15627885,-0.6512809,-0.4058374,-0.07584982,-0.37959608,0.3933683,0.30672058,0.055237558,-0.7594147,0.24674097,0.12126908,0.25433117,0.22052692,-1.3949516,-0.9021094,0.33302122,0.4375144,0.57499295,0.1685379,0.6068035,-1.2319198,-0.10804105,0.114651956,1.3235573,-1.4099207,0.2499428,1.6127331,0.11679944,-0.5513727,0.7386763,-0.52148587,-0.22987333,-0.5054742,-0.2450517,-0.11562638
anaplastic astrocytoma cancer,-0.08398588,-0.044393435,0.15128493,-0.088277265,0.21942687,0.026564142,-0.0408077,0.068176135,0.18147083,-0.02680223,0.21933953,-0.11549028,-0.36206606,-0.03003918,0.23822175,-0.0016958875,0.17803566,-0.074719764,-0.063521095,0.0322445,0.1893168,-0.4424626,0.0019306525,0.13388443,0.09113594,-0.20645443,0.29349,0.0014751249,0.09345269,-0.3562976,-0.0035537237,0.10445562,0.04632582,0.027062487,-0.012532548,0.14732791,-0.004535022,-0.27506515,0.19928339,-0.056339037,-0.20384376,0.17171009,-0.09366421,-0.097106256,0.09689577,0.09642842,-0.11260717,-0.13116853,-0.14570187,-0.100262605,-0.05104738,0.2951033,0.2353789,0.09681091,0.13813892,-0.0069830734,0.454916,-0.3464195,-0.0869251,-0.027324876,0.2057316,0.13859443,0.08883586,0.13710776,0.06989723,-0.028137062,-0.08628561,0.111870825,0.22194399,0.28301913,0.026206944,0.06898517,-0.32095122,-0.18570442,0.162202,0.058624476,0.21844536,0.062947966,-0.08260357,0.098060414,0.0044856,-0.08874403,-0.2734779,0.17920071,0.027671438,0.01860073,-0.05270532,0.025299523,0.17212231,0.09963271,-0.19398512,-0.21871752,-0.083087236,0.04016832,-0.16740008,-0.10431302,-0.019496027,-0.09756799,0.101108104,0.078837104,0.014198026,-0.19519387,0.06342037,0.031170024,0.06537122,0.056682374,-0.35854727,-0.23187096,0.08559719,0.112455435,0.14779146,0.043319665,0.15596788,-0.31664285,-0.027770158,0.029469289,0.34019667,-0.36239463,0.064243115,0.41452387,0.030021455,-0.14172037,0.18986323,-0.13403857,-0.059084736,-0.1299229,-0.06298612,-0.029719515
HPV negative cancer,-0.124784954,-0.065959156,0.2247772,-0.13116111,0.32602143,0.039468654,-0.060631502,0.10129501,0.2696269,-0.039822403,0.32589182,-0.17159392,-0.53795254,-0.044631835,0.35394636,-0.0025196876,0.26452288,-0.11101763,-0.09437889,0.047908418,0.28128424,-0.6574051,0.0028684644,0.1989235,0.13540849,-0.30674726,0.43606347,0.0021916972,0.13885061,-0.529382,-0.0052799624,0.15519872,0.0688303,0.040209066,-0.018620638,0.2188976,-0.0067380043,-0.40868816,0.29609245,-0.08370772,-0.30286828,0.2551244,-0.13916494,-0.1442792,0.14396632,0.14327198,-0.16731031,-0.19488825,-0.21648167,-0.14896877,-0.07584542,0.43846044,0.34972274,0.1438405,0.20524488,-0.010375526,0.675908,-0.51470536,-0.12915222,-0.040598966,0.30567312,0.20592177,0.13199109,0.20371279,0.1038523,-0.041805614,-0.12820198,0.16621614,0.3297612,0.42050576,0.03893791,0.10249728,-0.4768647,-0.27591702,0.24099746,0.08710341,0.32456306,0.09352725,-0.12273124,0.14569674,0.0066644843,-0.13185467,-0.40632966,0.2662539,0.04111373,0.027636684,-0.07830888,0.037589684,0.25573683,0.148033,-0.28822035,-0.32496744,-0.1234499,0.059681587,-0.24872066,-0.15498687,-0.028966974,-0.14496505,0.15022486,0.1171351,0.02109521,-0.29001632,0.094229035,0.046312004,0.097127706,0.084217764,-0.5327243,-0.34451064,0.1271791,0.16708466,0.2195865,0.06436377,0.23173466,-0.4704636,-0.04126054,0.043785147,0.50545955,-0.5384409,0.09545155,0.6158936,0.044605527,-0.21056609,0.2820962,-0.19915268,-0.08778733,-0.19303764,-0.09358398,-0.044156678
Duke B cancer,-0.20143355,-0.106474236,0.36284524,-0.21172613,0.5262782,0.06371192,-0.097873904,0.16351512,0.43524364,-0.06428315,0.5260688,-0.27699444,-0.86838686,-0.072046556,0.57135636,-0.004067295,0.42700455,-0.17920947,-0.15235074,0.07733594,0.45406154,-1.061212,0.0046303323,0.32111114,0.21858244,-0.49516484,0.70391285,0.003537916,0.2241389,-0.85455215,-0.008523357,0.25052863,0.111108966,0.06490717,-0.030058265,0.35335445,-0.010876779,-0.6597224,0.47796535,-0.13512462,-0.4889031,0.41183317,-0.22464617,-0.23290172,0.23239677,0.2312761,-0.27007946,-0.31459728,-0.34945455,-0.24047214,-0.12243312,0.7077822,0.564538,0.23219326,0.33131537,-0.01674854,1.0910801,-0.83086026,-0.20848307,-0.065536566,0.49343085,0.3324079,0.2130657,0.32884216,0.16764301,-0.067484654,-0.2069493,0.26831335,0.5323155,0.678799,0.062855266,0.16545556,-0.7697763,-0.44539747,0.3890286,0.14060624,0.5239238,0.1509758,-0.19811822,0.23519003,0.010758452,-0.2128455,-0.6559155,0.42979875,0.066367745,0.04461237,-0.1264097,0.0606789,0.4128219,0.23896119,-0.46525806,-0.52457666,-0.19927838,0.09634039,-0.40149584,-0.25018668,-0.046759617,-0.23400915,0.24249977,0.18908477,0.034052853,-0.46815714,0.15210877,0.07475889,0.15678784,0.13594826,-0.8599472,-0.5561243,0.20529807,0.26971552,0.35446623,0.10389887,0.37407655,-0.75944316,-0.06660439,0.070679866,0.81593525,-0.8691754,0.15408196,0.994203,0.07200406,-0.33990508,0.455372,-0.32148114,-0.14171006,-0.31160972,-0.15106739,-0.07127976
colorectal adenocarcinoma cancer,-0.10852606,-0.05736496,0.1954895,-0.11407133,0.28354204,0.034326036,-0.052731447,0.08809665,0.23449552,-0.03463366,0.28342927,-0.1492359,-0.4678595,-0.038816467,0.30782866,-0.0021914109,0.23005657,-0.096552454,-0.082081676,0.04166607,0.24463409,-0.5717478,0.0024947622,0.17300451,0.11776522,-0.26677927,0.37924585,0.0019061104,0.12075893,-0.4604056,-0.0045920373,0.134977,0.059861995,0.034969967,-0.016194392,0.19037618,-0.0058601014,-0.35543773,0.25751275,-0.07280083,-0.2634057,0.22188266,-0.121032335,-0.12548019,0.1252082,0.12460423,-0.1455103,-0.16949505,-0.18827514,-0.1295588,-0.065963015,0.3813309,0.30415502,0.12509856,0.1785023,-0.00902366,0.5878396,-0.44764134,-0.11232411,-0.03530907,0.26584515,0.1790911,0.11479309,0.17716974,0.09032079,-0.036358487,-0.11149779,0.14455877,0.28679478,0.36571574,0.03386445,0.08914226,-0.4147312,-0.23996608,0.20959657,0.075754225,0.28227374,0.08134095,-0.10673991,0.12671293,0.0057962486,-0.11467453,-0.3533863,0.2315621,0.035756774,0.024035744,-0.06810564,0.03269193,0.22241533,0.1287448,-0.25066626,-0.28262532,-0.107364886,0.051905174,-0.21631326,-0.1347927,-0.025192697,-0.12607664,0.13065124,0.10187283,0.018346595,-0.25222835,0.08195132,0.040277775,0.08447225,0.073244564,-0.46331236,-0.29962227,0.11060817,0.14531428,0.19097525,0.05597737,0.20154046,-0.40916398,-0.035884388,0.038080025,0.43960017,-0.46828416,0.08301455,0.5356452,0.03879354,-0.18313019,0.24534011,-0.1732039,-0.07634895,-0.16788548,-0.08139041,-0.038403258
cholangiocellular carcinoma cancer,-0.38725922,-0.20469823,0.6975762,-0.40704873,1.0117781,0.12248845,-0.18816544,0.31436163,0.8367623,-0.1235863,1.0113772,-0.532526,-1.669488,-0.13851096,1.0984437,-0.007821703,0.8209239,-0.34453344,-0.29289553,0.1486794,0.8729413,-2.0401988,0.008903306,0.61734444,0.42022872,-0.9519635,1.3532857,0.006802368,0.43091097,-1.6428908,-0.016387956,0.48164532,0.21360777,0.124784894,-0.057788275,0.67932975,-0.020910803,-1.2683283,0.9188974,-0.25978145,-0.9399268,0.7917566,-0.4318858,-0.44775987,0.4467868,0.44463274,-0.5192309,-0.6048196,-0.67183137,-0.4623111,-0.23537984,1.3607213,1.0853351,0.44639486,0.6369578,-0.03219993,2.097623,-1.5973446,-0.40081248,-0.12599432,0.9486313,0.6390598,0.4096235,0.63220537,0.3222966,-0.12973973,-0.3978632,0.51583606,1.0233855,1.3050035,0.12084022,0.3180909,-1.4799104,-0.8562852,0.7479146,0.27031827,1.0072539,0.29025483,-0.38088444,0.45215917,0.020683479,-0.40919927,-1.2610097,0.82629615,0.12759304,0.08576715,-0.24302281,0.11665659,0.7936588,0.4594078,-0.89446884,-1.0085089,-0.38311437,0.1852169,-0.77188456,-0.4809893,-0.08989517,-0.44988927,0.4662104,0.3635179,0.06546524,-0.9000399,0.29243237,0.14372429,0.30142552,0.26136246,-1.6532661,-1.0691588,0.39468902,0.5185328,0.68146783,0.19974789,0.71917117,-1.4600421,-0.12804836,0.13588221,1.5686494,-1.6710052,0.29622662,1.911374,0.13842715,-0.65347373,0.87546086,-0.61805266,-0.2724407,-0.5990764,-0.29042876,-0.13703765
diffuse large B-cell lymphoma cancer,-0.17986651,-0.09507435,0.32399607,-0.18905713,0.46993077,0.056890633,-0.087394744,0.14600757,0.3886431,-0.05740033,0.46974382,-0.2473373,-0.7754108,-0.064332776,0.51018226,-0.003631981,0.38128614,-0.16002193,-0.13603885,0.069055736,0.40544623,-0.9475906,0.0041345824,0.28673047,0.19517912,-0.44214857,0.6285463,0.0031591246,0.20014085,-0.7630568,-0.0076107667,0.22370523,0.09921284,0.057957776,-0.026839953,0.31552148,-0.009712285,-0.58908755,0.4267909,-0.1206571,-0.4365576,0.3677392,-0.20059392,-0.20796555,0.20751463,0.20651379,-0.24116267,-0.280914,-0.31203926,-0.21472532,-0.10932443,0.6320015,0.504094,0.2073331,0.2958422,-0.014955407,0.9742609,-0.7419019,-0.18616119,-0.05851984,0.4406005,0.29681787,0.19025321,0.2936338,0.14969379,-0.060259074,-0.18479168,0.23958556,0.47532147,0.60612154,0.056125656,0.14774066,-0.6873579,-0.39770973,0.34737626,0.12555185,0.46782863,0.13481103,-0.17690608,0.21000877,0.009606444,-0.19005665,-0.58568794,0.3837812,0.059261817,0.03983586,-0.112875156,0.054182224,0.36862195,0.21337625,-0.41544384,-0.46841127,-0.17794198,0.08602553,-0.35850856,-0.22339971,-0.04175323,-0.20895422,0.21653594,0.16883992,0.030407071,-0.41803265,0.13582277,0.06675464,0.14000082,0.12139249,-0.76787466,-0.4965812,0.18331732,0.24083759,0.31651428,0.09277467,0.3340249,-0.6781313,-0.05947318,0.063112274,0.72857463,-0.7761146,0.13758472,0.8877557,0.064294845,-0.3035122,0.4066163,-0.28706086,-0.12653752,-0.2782464,-0.1348931,-0.063647926
rhabdomyosarcomas cancer,-0.19431134,-0.1027095,0.35001573,-0.2042399,0.50767016,0.0614593,-0.09441334,0.15773343,0.41985428,-0.062010203,0.5074681,-0.26720047,-0.8376825,-0.06949911,0.5511543,-0.0039235465,0.41190648,-0.17287308,-0.14696394,0.07460139,0.43800694,-1.0236899,0.0044664983,0.30975732,0.21085387,-0.47765705,0.67902386,0.0034128951,0.21621373,-0.8243369,-0.008221938,0.24167049,0.107180305,0.06261228,-0.028995452,0.34086058,-0.010492257,-0.63639635,0.46106538,-0.13034695,-0.47161666,0.39727163,-0.21670315,-0.22466688,0.2241799,0.22309856,-0.2605301,-0.30347377,-0.33709854,-0.23196948,-0.11810419,0.68275666,0.54457676,0.2239835,0.3196008,-0.016156333,1.052502,-0.80148274,-0.20111161,-0.06321941,0.47598422,0.32065463,0.20553227,0.31721497,0.1617155,-0.06509843,-0.19963208,0.25882632,0.5134939,0.6547982,0.06063296,0.15960546,-0.74255896,-0.42964923,0.3752737,0.13563469,0.50539905,0.14563762,-0.19111314,0.22687425,0.010377961,-0.20531982,-0.6327234,0.41460222,0.06402113,0.043034997,-0.121940084,0.058533445,0.3982254,0.23051208,-0.4488074,-0.5060289,-0.19223213,0.09293395,-0.3872998,-0.24134076,-0.045106363,-0.22573498,0.2339254,0.182399,0.032848887,-0.45160404,0.14673059,0.072115555,0.15124403,0.1311414,-0.8295411,-0.53646076,0.19803923,0.26017904,0.34193313,0.10022516,0.36085,-0.73259085,-0.06424948,0.068180636,0.7870854,-0.83844304,0.14863406,0.95904976,0.069458164,-0.32788673,0.43927112,-0.3101142,-0.13669965,-0.30059198,-0.14572601,-0.06875946
serous ovarian cancers cancer,-0.17174959,-0.0907839,0.30937496,-0.18052538,0.448724,0.054323275,-0.083450966,0.13941877,0.37110454,-0.05481019,0.44854543,-0.23617561,-0.74041855,-0.061429556,0.48715898,-0.003467999,0.36407965,-0.1528006,-0.12989974,0.06593945,0.38714963,-0.90482825,0.003948087,0.2737911,0.18637134,-0.42219552,0.60018164,0.0030165508,0.19110888,-0.7286219,-0.0072673033,0.21360993,0.09473552,0.055342324,-0.025628738,0.30128288,-0.009273896,-0.56250364,0.40753075,-0.115212254,-0.4168567,0.35114393,-0.19154158,-0.19858058,0.19814996,0.19719432,-0.23027962,-0.26823708,-0.2979577,-0.20503531,-0.10439085,0.60348094,0.4813454,0.19797647,0.28249153,-0.014280408,0.93029445,-0.7084214,-0.17776024,-0.055878878,0.4207173,0.28342316,0.18166766,0.2803829,0.14293858,-0.057539776,-0.17645258,0.22877379,0.45387146,0.57876897,0.05359276,0.14107355,-0.6563394,-0.37976214,0.33170015,0.11988603,0.44671667,0.12872754,-0.1689228,0.20053165,0.009172924,-0.18147992,-0.5592572,0.36646217,0.05658752,0.038038142,-0.10778159,0.0517371,0.35198694,0.20374711,-0.39669606,-0.44727325,-0.16991186,0.082143456,-0.34233007,-0.21331832,-0.039868988,-0.19952457,0.2067643,0.16122052,0.029034728,-0.39916793,0.12969351,0.06374201,0.13368285,0.11591426,-0.7332225,-0.47417194,0.17504476,0.2299692,0.3022307,0.088587955,0.3189514,-0.6475288,-0.056789447,0.0602642,0.6956962,-0.7410906,0.13137597,0.8476935,0.06139333,-0.28981546,0.38826692,-0.2741066,-0.12082719,-0.2656899,-0.12880565,-0.06077575
myeloma cancer,-0.15609902,-0.082511105,0.28118333,-0.16407508,0.407834,0.04937298,-0.07584643,0.12671433,0.33728778,-0.049815558,0.4076718,-0.21465419,-0.67294794,-0.05583179,0.44276673,-0.0031520776,0.33090293,-0.13887657,-0.118062496,0.059930705,0.3518705,-0.8223759,0.003588307,0.24884194,0.16938818,-0.38372293,0.54549026,0.0027415666,0.1736942,-0.6622265,-0.0066051264,0.1941447,0.086102836,0.050299212,-0.02329338,0.27382857,-0.008428863,-0.51124555,0.3703945,-0.104713395,-0.3788707,0.31914604,-0.17408723,-0.18048498,0.18009356,0.17922504,-0.20929538,-0.24379396,-0.27080625,-0.18635155,-0.09487829,0.5484887,0.43748307,0.17993593,0.25674963,-0.012979167,0.84552175,-0.64386666,-0.16156195,-0.05078689,0.38237935,0.25759628,0.16511314,0.25483295,0.12991324,-0.052296475,-0.16037333,0.20792687,0.41251275,0.5260286,0.048709102,0.1282181,-0.5965307,-0.34515643,0.301474,0.10896146,0.40600964,0.11699714,-0.15352969,0.18225814,0.008337051,-0.16494255,-0.50829506,0.33306837,0.05143102,0.034571867,-0.097959824,0.04702247,0.3199122,0.18518068,-0.36054716,-0.40651554,-0.15442862,0.07465809,-0.31113517,-0.19387968,-0.036235858,-0.18134294,0.18792273,0.14652939,0.026388919,-0.3627936,0.117875315,0.057933614,0.12150112,0.105351664,-0.6664073,-0.43096307,0.15909387,0.20901337,0.27469012,0.08051537,0.28988695,-0.58852273,-0.05161437,0.054772597,0.6323009,-0.6735587,0.11940432,0.7704477,0.05579877,-0.26340622,0.35288614,-0.24912877,-0.10981681,-0.24147888,-0.11706801,-0.05523756
testicular cancer,-0.25746548,-0.13609189,0.4637764,-0.2706211,0.67267126,0.08143467,-0.12509912,0.20899908,0.5563136,-0.08216441,0.6724035,-0.35404503,-1.1099433,-0.09208755,0.7302884,-0.0051986827,0.5457829,-0.22905964,-0.19472967,0.09884805,0.58036613,-1.3564049,0.0059183855,0.41043347,0.27938443,-0.63290286,0.89971733,0.004522104,0.28648674,-1.0922589,-0.010894156,0.32021737,0.1420157,0.08296216,-0.038419493,0.45164567,-0.013902428,-0.84323543,0.61091936,-0.17271182,-0.62490004,0.52639115,-0.28713518,-0.2976873,0.2970417,0.29560927,-0.34520647,-0.40210766,-0.44666106,-0.30736324,-0.15648971,0.9046634,0.721573,0.29678172,0.42347613,-0.021407355,1.3945819,-1.0619775,-0.26647592,-0.08376677,0.6306868,0.42487267,0.2723334,0.42031497,0.21427567,-0.086256385,-0.2645156,0.34294915,0.6803873,0.8676183,0.08033958,0.21147993,-0.9839025,-0.569292,0.4972434,0.17971824,0.66966206,0.19297226,-0.2532281,0.30061203,0.01375103,-0.2720521,-0.8383689,0.5493544,0.084828876,0.057021998,-0.16157232,0.07755786,0.52765495,0.3054323,-0.59467703,-0.6704961,-0.2547109,0.123139314,-0.5131786,-0.3197803,-0.059766743,-0.29910246,0.30995533,0.24168187,0.04352541,-0.5983828,0.19442019,0.09555457,0.2004008,0.17376418,-1.0991555,-0.7108193,0.26240522,0.34474126,0.4530667,0.13280001,0.47813186,-0.9706947,-0.085131556,0.0903407,1.0429006,-1.1109502,0.19694246,1.2707564,0.092033334,-0.43445536,0.58204126,-0.41090617,-0.18112925,-0.3982891,-0.19308935,-0.09110724
primary papillary thyroid carcinomas cancer,-0.26867744,-0.14201804,0.48397276,-0.28240573,0.70196414,0.08498074,-0.1305467,0.21810086,0.5805393,-0.08574262,0.70168453,-0.36946276,-1.1582776,-0.09609753,0.76209015,-0.005425115,0.5695502,-0.23903461,-0.2032092,0.10315286,0.60563946,-1.4154737,0.006176144,0.42830676,0.2915513,-0.6604639,0.9388977,0.0047190036,0.29896262,-1.1398246,-0.011368641,0.33416197,0.14820005,0.08657486,-0.040092483,0.4713135,-0.014507782,-0.8799558,0.63752294,-0.18023305,-0.65211195,0.54931396,-0.29963925,-0.31065077,0.30997714,0.30848205,-0.36023948,-0.41961828,-0.46611178,-0.320748,-0.16330476,0.944059,0.75299585,0.30970576,0.44191742,-0.022339698,1.4553128,-1.1082233,-0.27808058,-0.08741452,0.6581513,0.44337478,0.28419307,0.4386185,0.22360696,-0.090012856,-0.27603453,0.35788363,0.71001637,0.9054006,0.08383833,0.22068901,-1.0267484,-0.5940829,0.5188971,0.18754435,0.6988238,0.20137557,-0.26425552,0.31370276,0.014349846,-0.28389916,-0.8748776,0.57327724,0.0885229,0.059505183,-0.1686088,0.080935,0.5506327,0.31873277,-0.6205736,-0.6996947,-0.26580256,0.12850149,-0.535526,-0.33370566,-0.062369246,-0.3121277,0.3234528,0.2522062,0.045420684,-0.6244407,0.20288692,0.09971531,0.20912786,0.1813315,-1.1470208,-0.74177337,0.27383223,0.3597538,0.47279674,0.13858317,0.49895343,-1.0129656,-0.088838845,0.09427461,1.0883162,-1.1593289,0.20551875,1.326094,0.096041024,-0.45337448,0.6073875,-0.42880026,-0.18901668,-0.41563368,-0.20149751,-0.0950749
