disease,0,1,2,3,4,5,6,7,8,9,10,11,12,13,14,15,16,17,18,19,20,21,22,23,24,25,26,27,28,29,30,31,32,33,34,35,36,37,38,39,40,41,42,43,44,45,46,47,48,49,50,51,52,53,54,55,56,57,58,59,60,61,62,63,64,65,66,67,68,69,70,71,72,73,74,75,76,77,78,79,80,81,82,83,84,85,86,87,88,89,90,91,92,93,94,95,96,97,98,99,100,101,102,103,104,105,106,107,108,109,110,111,112,113,114,115,116,117,118,119,120,121,122,123,124,125,126,127
hepatocellular carcinoma,1.8124733,1.511636,2.5449483,1.6383785,4.3725467,1.8522383,-3.192091,-1.8148772,-0.8347028,2.2352614,2.981859,-0.23754786,-2.0202818,1.4887779,-2.44045,3.6037405,-3.0443685,2.7531343,1.8893577,2.8956816,4.1693044,-0.43438324,-2.4539793,-1.9902885,4.2635565,-3.9999428,4.4964375,-3.5642335,-1.3294339,-4.8654346,-2.8390615,2.1784966,-2.9299548,2.4978087,-2.3417702,-3.4972682,3.0514925,0.51035243,4.160674,-5.186086,0.49210688,3.5439487,-4.288191,2.1131837,3.9424279,1.7119656,-1.5883472,-2.5521994,-3.0426984,-2.3734338,-3.225711,4.6791387,3.0662458,2.8593476,4.395816,2.9535222,-0.14364114,2.1598387,2.378314,2.0524023,3.72334,-2.8720558,2.0985627,2.5331035,-2.5246346,-2.801371,-2.5320067,-1.3703847,3.1682265,3.2593575,-1.9871256,3.867393,0.6551033,-3.397051,-1.4500139,2.5652041,-1.3524265,3.1697273,0.4030184,-2.9735875,-2.830971,-2.4471035,0.8223661,3.7106235,3.0210755,-1.8102264,-2.4349391,2.1912098,2.6948364,-1.326124,0.3349559,-2.0615003,2.9471636,-1.5350478,-2.6164386,2.4128606,-3.735712,1.6210113,-1.8006783,-2.8040853,-3.0949676,2.1251254,-3.059467,2.0997787,2.759604,-3.2596135,1.0972552,-3.4119794,-1.6885841,-3.4934087,-1.901998,2.956427,2.7467701,0.15932663,-2.3796918,-2.6781006,-0.7942313,-4.6533566,-2.6528919,-0.33583376,3.1689446,2.6156807,3.991505,-2.5660868,-2.3903062,-1.8055283,-4.0371304,-2.802907
lung adenocarcinoma cancer,2.1234486,1.772229,2.9867377,1.9176298,5.1276855,2.1683578,-3.7398963,-2.123854,-0.9725703,2.619144,3.4980938,-0.28062463,-2.3719292,1.7449625,-2.8543687,4.2270217,-3.5653143,3.2241666,2.2149053,3.396937,4.8883834,-0.51640236,-2.877159,-2.3312714,4.9965177,-4.6863523,5.271967,-4.1759405,-1.5536283,-5.709373,-3.3266404,2.5570166,-3.4363396,2.9277158,-2.746157,-4.092977,3.5756834,0.59332025,4.8803496,-6.0775757,0.5709317,4.1554427,-5.028131,2.4747236,4.622369,2.0053794,-1.8627307,-2.994311,-3.5672522,-2.7825394,-3.7785296,5.488515,3.5988042,3.3494692,5.1561017,3.465012,-0.16143368,2.5244992,2.7847629,2.4041529,4.3665147,-3.364571,2.4589238,2.9714348,-2.9583933,-3.2840967,-2.9703178,-1.6050712,3.7168658,3.8208141,-2.3264985,4.5342965,0.7634022,-3.9854212,-1.6958231,3.0054274,-1.580515,3.7117436,0.46916723,-3.4789448,-3.317678,-2.8675668,0.96130997,4.352186,3.5417852,-2.1189132,-2.8536496,2.5678566,3.1571481,-1.5522693,0.39054143,-2.4166465,3.453257,-1.8015707,-3.068051,2.8240385,-4.3787146,1.8976399,-2.1068463,-3.28365,-3.6255963,2.4858484,-3.5828898,2.4628918,3.2373374,-3.818292,1.2794861,-4.0002027,-1.9752343,-4.093638,-2.2267218,3.4639318,3.220059,0.18364383,-2.7885273,-3.135072,-0.9249468,-5.459586,-3.109611,-0.38854915,3.7147367,3.0586107,4.679003,-3.008474,-2.801242,-2.117823,-4.7300577,-3.282587
HER2+ positive cancer,1.9504642,1.6252382,2.7373297,1.7646068,4.7088265,1.9939983,-3.4382885,-1.9547093,-0.8995019,2.4062927,3.2088878,-0.25889307,-2.1781204,1.6005872,-2.631034,3.8796005,-3.2802365,2.9657507,2.0322752,3.1157138,4.49038,-0.4683817,-2.6410704,-2.142686,4.5933433,-4.309891,4.842627,-3.8392265,-1.4325511,-5.238098,-3.0573711,2.342098,-3.153659,2.688383,-2.519166,-3.7705362,3.2855906,0.54996914,4.4797792,-5.588419,0.53008825,3.8160157,-4.6183786,2.275577,4.2458687,1.8421881,-1.7071497,-2.74527,-3.275747,-2.553605,-3.4751663,5.038742,3.2989476,3.0798872,4.733155,3.1783936,-0.15492912,2.329054,2.5618055,2.2094145,4.00901,-3.09362,2.258632,2.7253823,-2.7182972,-3.0155272,-2.724183,-1.4740201,3.4096637,3.5096245,-2.1395864,4.1649947,0.70469636,-3.6562562,-1.5614927,2.7622097,-1.4570364,3.4153056,0.432454,-3.205943,-3.048407,-2.6333401,0.8847878,3.9949949,3.25239,-1.9491194,-2.6204038,2.3572927,2.901914,-1.4269822,0.35919,-2.2203326,3.1741667,-1.649054,-2.818233,2.5998795,-4.023576,1.7448862,-1.939582,-3.0210342,-3.3339868,2.2902038,-3.2964914,2.2585196,2.9690435,-3.511715,1.182787,-3.673296,-1.8188943,-3.7628987,-2.0481625,3.1840034,2.955936,0.17038625,-2.5617692,-2.8856802,-0.85600066,-5.0098987,-2.8551834,-0.36083552,3.4123094,2.820545,4.2984557,-2.7619379,-2.5719795,-1.9405504,-4.34977,-3.0180614
lung cancer,0.922789,0.77167267,1.291125,0.83292073,2.2086916,0.9436257,-1.6160383,-0.92324096,-0.43011498,1.1349902,1.5105755,-0.10803088,-1.0091038,0.7609876,-1.2368498,1.8224647,-1.5407536,1.3954386,0.9621857,1.4681959,2.1063788,-0.2063868,-1.2450854,-1.0116172,2.1537895,-2.0211413,2.2718534,-1.8041883,-0.67782813,-2.4558766,-1.4386615,1.1077201,-1.4839056,1.2682765,-1.1904806,-1.7679287,1.5476048,0.2651114,2.1023362,-2.6166337,0.2581695,1.7923568,-2.1659849,1.0732492,1.9922088,0.87245536,-0.8115057,-1.2959561,-1.5411559,-1.2067621,-1.6325295,2.3621464,1.5526673,1.4484845,2.2206318,1.4958785,-0.08325072,1.0958729,1.2066782,1.0434757,1.8824451,-1.4544997,1.0670409,1.285157,-1.2802976,-1.4203917,-1.2844195,-0.70033157,1.6041843,1.6498331,-1.0109441,1.9546353,0.34091783,-1.7188882,-0.7400748,1.3010956,-0.6903439,1.6048375,0.21356262,-1.5050522,-1.4343166,-1.2450604,0.42265275,1.8758867,1.5305107,-0.921662,-1.2378367,1.1165445,1.3667841,-0.6776608,0.1770888,-1.0419275,1.4923602,-0.7844206,-1.3204559,1.223683,-1.8888966,0.82640564,-0.916202,-1.4204166,-1.5668187,1.0791137,-1.5485901,1.067481,1.3998209,-1.6494393,0.5628345,-1.7282037,-0.8598138,-1.7672943,-0.96718234,1.4977682,1.395064,0.08902474,-1.2081097,-1.3572627,-0.4097241,-2.3500378,-1.3471746,-0.18053772,1.6040462,1.3252382,2.0192142,-1.3015814,-1.2163986,-0.9219062,-2.0402255,-1.4240764
liver cancer,0.997012,0.8335136,1.3959014,0.90004253,2.38919,1.0193827,-1.7474221,-0.9975285,-0.4637312,1.2267753,1.6334188,-0.118758224,-1.0934176,0.821802,-1.3370041,1.9711219,-1.666023,1.508567,1.039625,1.5874097,2.2784286,-0.22551578,-1.3460014,-1.093244,2.3296397,-2.1860144,2.4573774,-1.9508888,-0.73205394,-2.6570191,-1.555414,1.1972368,-1.6046093,1.3708932,-1.2866304,-1.9118626,1.6730117,0.28547123,2.2740808,-2.8307426,0.2775729,1.9384862,-2.342986,1.1599548,2.1548712,0.9424908,-0.87645876,-1.4009049,-1.6664174,-1.3041612,-1.7652748,2.5554621,1.6790985,1.5660937,2.402131,1.6176088,-0.08815384,1.1843365,1.3043078,1.127606,2.036026,-1.572656,1.1531135,1.3893896,-1.3840749,-1.5356159,-1.3886158,-0.7562606,1.7347572,1.7840809,-1.0923157,2.1141698,0.3670821,-1.8589945,-0.79919636,1.4064887,-0.7454514,1.7351975,0.22935742,-1.6272589,-1.550805,-1.345372,0.4559838,2.0289993,1.6548847,-0.99573207,-1.3377528,1.2062492,1.4774998,-0.7317523,0.19028848,-1.1269492,1.6136566,-0.8472185,-1.428526,1.3227232,-2.042897,0.8926615,-0.9898762,-1.535701,-1.6941882,1.1661723,-1.6744663,1.1537291,1.5134014,-1.7836254,0.6072359,-1.8686761,-0.92882246,-1.9111953,-1.0450879,1.6193798,1.5078707,0.09487287,-1.3058423,-1.467269,-0.44165346,-2.5422754,-1.4561481,-0.19342296,1.7345858,1.4325564,2.1837144,-1.4071256,-1.3143926,-0.9957933,-2.2066214,-1.5390285
pancreatic cancer,1.6759509,1.3982222,2.3526578,1.5149381,4.040679,1.7129308,-2.9504597,-1.6781762,-0.7727405,2.0665696,2.7561631,-0.21778814,-1.8653221,1.377207,-2.2560136,3.330539,-2.8138375,2.5448952,1.7472241,2.6767647,3.8529565,-0.39942658,-2.2686818,-1.8402826,3.940042,-3.6964307,4.1552315,-3.2942832,-1.2295798,-4.49596,-2.6242094,2.0141718,-2.7081978,2.3093479,-2.165193,-3.2322054,2.8207743,0.47285128,3.8449147,-4.7920547,0.45631287,3.27537,-3.9627535,1.9538107,3.643401,1.5831376,-1.4692463,-2.3594978,-2.812319,-2.1944673,-2.981309,4.3238277,2.8340094,2.643088,4.062226,2.7300634,-0.13444443,1.9967002,2.198651,1.8975778,3.4409418,-2.654692,1.940424,2.3417666,-2.3338041,-2.5895357,-2.340659,-1.267612,2.9282477,3.012506,-1.8374131,3.574084,0.60701245,-3.1396801,-1.341059,2.3712564,-1.2509494,2.9297593,0.37390143,-2.7485063,-2.6168675,-2.2627466,0.761143,3.4292998,2.7925582,-1.6740199,-2.2514443,2.026328,2.4910774,-1.2267098,0.3108,-1.9051491,2.724127,-1.4198188,-2.4176471,2.2305632,-3.4525583,1.4991647,-1.665065,-2.5919435,-2.860691,1.9646767,-2.8278427,1.9415257,2.5511277,-3.0127594,1.0153648,-3.153694,-1.5614204,-3.2287478,-1.7585939,2.7327487,2.5393682,0.14850463,-2.2000415,-2.4755526,-0.7353156,-4.300085,-2.4526947,-0.31199563,2.9290428,2.417788,3.6891112,-2.3722513,-2.2103617,-1.6700411,-3.7308614,-2.5914547
renal cell carcinoma cancer,1.3789383,1.1501045,1.932333,1.2467909,3.3185322,1.4100504,-2.4253109,-1.3814957,-0.6390408,1.6993223,2.2639923,-0.17532913,-1.5281993,1.1332636,-1.8567749,2.735354,-2.3135812,2.0930347,1.4368091,2.1989744,3.1647983,-0.32223332,-1.8644775,-1.5137608,3.2373102,-3.0379205,3.4132142,-2.7080367,-1.0133995,-3.690333,-2.157476,1.654846,-2.2247963,1.8984622,-1.7798239,-2.658246,2.3192744,0.3919788,3.1575072,-3.9367745,0.37934467,2.6906078,-3.2547305,1.6071601,2.9927108,1.3028934,-1.2084653,-1.9386629,-2.311115,-1.8043033,-2.4511135,3.550148,2.3271227,2.173023,3.3357434,2.242198,-0.11563417,1.6444927,1.8086637,1.5611634,2.8263545,-2.1824996,1.5958958,1.9239379,-1.9187258,-2.1283662,-1.9230157,-1.0436293,2.4052017,2.475462,-1.5121982,2.9359257,0.5025948,-2.5784042,-1.1051111,1.9499137,-1.0311937,2.409257,0.31076014,-2.2613225,-2.1509008,-1.8611571,0.6278541,2.8163097,2.2947252,-1.3779787,-1.8513408,1.6670669,2.0485036,-1.0102987,0.2578028,-1.5651469,2.2391791,-1.1674652,-1.9854745,1.8352444,-2.836731,1.234242,-1.3709291,-2.1315167,-2.351721,1.6175362,-2.3251543,1.5956312,2.0957885,-2.476664,0.8387804,-2.5915668,-1.2860662,-2.6535206,-1.4473379,2.2465703,2.0877192,0.12520503,-1.8089998,-2.0364583,-0.6084359,-3.530346,-2.0163703,-0.2608577,2.4067545,1.9903712,3.0310874,-1.9495916,-1.8178688,-1.3733547,-3.0661893,-2.1319327
sarcoma,1.007026,0.84162295,1.4096388,0.90931314,2.4136379,1.0297382,-1.7654366,-1.007815,-0.46862358,1.2392058,1.6497681,-0.12041842,-1.104946,0.8297944,-1.3511931,1.9910811,-1.6833798,1.5241878,1.0498891,1.6032228,2.3018136,-0.22784209,-1.3595102,-1.1043419,2.3537996,-2.208795,2.4825976,-1.9710305,-0.7397259,-2.683921,-1.5713626,1.2088625,-1.6207665,1.3846824,-1.299375,-1.9321622,1.6900795,0.28848764,2.297212,-2.8602905,0.28048638,1.9582434,-2.3670242,1.171823,2.1769578,0.951943,-0.88489646,-1.4147286,-1.6833411,-1.3171502,-1.7836046,2.5815516,1.695777,1.5822395,2.4265833,1.6337787,-0.08915681,1.1970212,1.3177855,1.1390537,2.0567608,-1.5888853,1.1647186,1.403194,-1.3981802,-1.5511436,-1.4024163,-0.76374626,1.7521597,1.8022892,-1.1034751,2.135834,0.37075183,-1.8776784,-0.8074258,1.4208757,-0.75322,1.7532859,0.23150475,-1.6445465,-1.5666382,-1.3588549,0.46054173,2.0495884,1.6716574,-1.0059006,-1.3511645,1.2182381,1.4926336,-0.73908776,0.19201304,-1.138532,1.6302409,-0.8552558,-1.4432397,1.3365306,-2.0639002,0.9017039,-1.0001153,-1.5516562,-1.7117066,1.1784296,-1.6919084,1.1650914,1.5284297,-1.8021289,0.6136934,-1.8876446,-0.9384553,-1.9309026,-1.0558074,1.6360092,1.5229993,0.09569563,-1.3190755,-1.4825885,-0.44633913,-2.568056,-1.4707843,-0.19533044,1.7522817,1.4478811,2.2060616,-1.4212848,-1.3275114,-1.0053738,-2.229582,-1.5547556
squamous cell cancer,1.6234291,1.3544103,2.278526,1.4672589,3.9127865,1.6591916,-2.8572414,-1.6254436,-0.7487642,2.0014906,2.669232,-0.21005,-1.8054531,1.3341372,-2.1847625,3.225259,-2.7249157,2.4646723,1.6923565,2.5923665,3.730997,-0.3859301,-2.1971278,-1.7823597,3.8153093,-3.5795166,4.023775,-3.1902812,-1.1910092,-4.3534627,-2.5415108,1.9509522,-2.6227024,2.2365751,-2.0971391,-3.1298828,2.731952,0.4582693,3.7233179,-4.640175,0.44242337,3.1717892,-3.8372855,1.8922452,3.528071,1.5335822,-1.4232781,-2.2852604,-2.7236485,-2.1255343,-2.8872118,4.186841,2.7446208,2.5596008,3.9336438,2.64381,-0.13083203,1.9338096,2.1293874,1.8380247,3.332189,-2.5708783,1.8793972,2.2679417,-2.2602506,-2.5079415,-2.266915,-1.2280117,2.835885,2.9173777,-1.7797202,3.4609923,0.58836406,-3.0404742,-1.2991718,2.2966108,-1.2117732,2.837253,0.36275735,-2.6616118,-2.5342336,-2.1916971,0.7374489,3.3207924,2.7043781,-1.6214451,-2.1805944,1.9628574,2.4126585,-1.188348,0.30141732,-1.8448733,2.6380734,-1.3755268,-2.3410766,2.1602187,-3.343329,1.4521852,-1.6127667,-2.5101156,-2.7703001,1.9028933,-2.7384748,1.8804371,2.4706802,-2.9175198,0.98373324,-3.0542138,-1.5124983,-3.1266737,-1.7033787,2.6465118,2.459551,0.14438611,-2.1307657,-2.3974783,-0.71255577,-4.16395,-2.3754635,-0.30284235,2.8364582,2.3415334,3.5724607,-2.2974188,-2.1408865,-1.6177678,-3.6128588,-2.5099502
melanoma,0.89295197,0.7475227,1.2502224,0.8052715,2.135831,0.9127521,-1.562326,-0.892562,-0.41550022,1.0979391,1.461879,-0.10305881,-0.97472924,0.7371863,-1.1944977,1.7629949,-1.4889847,1.3488572,0.9316115,1.4210963,2.0366747,-0.19947562,-1.2048321,-0.97853297,2.0817523,-1.9532121,2.1966877,-1.7441386,-0.6549309,-2.3757255,-1.3911233,1.0731211,-1.4357655,1.2271818,-1.1525218,-1.7073547,1.4967383,0.2560926,2.0334156,-2.5285244,0.2494576,1.7334746,-2.0943387,1.0378599,1.9263763,0.8442916,-0.7863853,-1.2547921,-1.4907259,-1.1680707,-1.5778749,2.2843964,1.5030069,1.40034,2.147767,1.4477106,-0.08022851,1.0580059,1.1664877,1.0093577,1.8206595,-1.406111,1.0324558,1.2440398,-1.2382524,-1.3741224,-1.2433156,-0.67803055,1.552348,1.595564,-0.977674,1.8900622,0.3299642,-1.6632305,-0.71553445,1.2582113,-0.6671605,1.5508908,0.20716617,-1.453458,-1.387118,-1.2048876,0.40906006,1.8145353,1.4805263,-0.8913401,-1.1978694,1.0808312,1.3216741,-0.65579575,0.17195149,-1.0073994,1.442917,-0.76051486,-1.2766007,1.1824949,-1.8262868,0.7994507,-0.8856626,-1.3728317,-1.5145807,1.0425451,-1.4965677,1.0336415,1.3550593,-1.5942621,0.54354733,-1.6716802,-0.831084,-1.708539,-0.9352233,1.448191,1.3499955,0.08657267,-1.1686692,-1.3115683,-0.39572597,-2.2732258,-1.3035619,-0.17484033,1.5512995,1.2794986,1.9526007,-1.2593896,-1.1773076,-0.8933865,-1.9717579,-1.3771901
clear cell renal cell carcinoma cancer,0.8685751,0.7271852,1.2157645,0.78325295,2.076562,0.88788754,-1.5192118,-0.86819595,-0.40450227,1.067801,1.4215082,-0.09956132,-0.94705796,0.7171892,-1.1616853,1.7141613,-1.4478971,1.3117464,0.906158,1.3819124,1.9801898,-0.19316328,-1.1716776,-0.951735,2.0240507,-1.8991271,2.1357794,-1.6959995,-0.6371644,-2.3096392,-1.3528017,1.0436685,-1.3961092,1.1934747,-1.1209177,-1.6601876,1.4555687,0.2494385,1.9770062,-2.458285,0.24312049,1.685488,-2.0362258,1.0094045,1.8729712,0.82129055,-0.76501554,-1.2202852,-1.4495897,-1.136065,-1.5343275,2.2209084,1.4614391,1.361748,2.088155,1.4077021,-0.078658916,1.0290412,1.13446,0.98173875,1.7702215,-1.3673398,1.0041869,1.2097775,-1.2041819,-1.3362781,-1.2090654,-0.6596549,1.509439,1.551485,-0.9509713,1.8376849,0.32138836,-1.6171913,-0.6961468,1.2236171,-0.64910156,1.5081366,0.20198043,-1.4134175,-1.3488752,-1.1719368,0.3981208,1.7642418,1.4396784,-0.8670352,-1.1650472,1.0513566,1.2853354,-0.6380357,0.16760993,-0.9794897,1.4031067,-0.7398391,-1.2411237,1.1500204,-1.7757363,0.77770346,-0.8615015,-1.3350173,-1.47279,1.014013,-1.4552821,1.0052843,1.3177224,-1.5502404,0.52902013,-1.6255478,-0.8084579,-1.6613138,-0.9096615,1.4082781,1.312936,0.084655695,-1.1365772,-1.2754956,-0.38528448,-2.2100725,-1.2677654,-0.17062807,1.5084383,1.2443525,1.8985935,-1.2247177,-1.1451128,-0.8690752,-1.9171692,-1.3394635
Synovial sarcoma cancer,0.83701885,0.70048535,1.1705035,0.7551355,2.0000257,0.85594594,-1.4639175,-0.8371164,-0.3908849,1.0288893,1.3688796,-0.09541034,-0.9115255,0.6909601,-1.1203882,1.650803,-1.3955089,1.2643231,0.8729195,1.3307519,1.9073942,-0.18456852,-1.1286104,-0.91721505,1.9501224,-1.8300353,2.0572739,-1.6342905,-0.6147849,-2.2237344,-1.3035316,1.0047785,-1.3445807,1.1497791,-1.0796353,-1.6006554,1.40253,0.24129851,1.9039288,-2.3685083,0.23542991,1.6234696,-1.9612949,0.97288704,1.8041099,0.7915203,-0.736821,-1.1750612,-1.3963846,-1.0943855,-1.4786723,2.1387725,1.4069923,1.3122959,2.0109572,1.355516,-0.07721246,0.99282634,1.0935334,0.94614875,1.7049655,-1.3176581,0.9676025,1.1650137,-1.1602716,-1.28727,-1.1643094,-0.6357736,1.453538,1.4946064,-0.9167209,1.7701474,0.31054062,-1.5572445,-0.6714731,1.1791226,-0.6263045,1.4536586,0.19528767,-1.3629717,-1.299599,-1.1292106,0.38408002,1.6990536,1.386819,-0.8358897,-1.1224742,1.0130135,1.2386291,-0.61512226,0.16190583,-0.9435644,1.3519726,-0.71233284,-1.1954327,1.108759,-1.7107127,0.7497373,-0.83074474,-1.28677,-1.419287,0.97794926,-1.4026437,0.9681371,1.26892,-1.4939586,0.5110182,-1.5658696,-0.7797119,-1.6007042,-0.8769296,1.357006,1.2648112,0.08222583,-1.0951338,-1.2296242,-0.37241665,-2.1280851,-1.2213402,-0.16545925,1.4531302,1.2002975,1.8289789,-1.1797289,-1.1032938,-0.83696705,-1.8473892,-1.291013
esophageal cancer,2.7394688,2.2814553,3.8489366,2.4796672,6.6284313,2.800316,-4.8370085,-2.7461758,-1.259182,3.3825123,4.513527,-0.37438896,-3.0756547,2.2459755,-3.7001648,5.4595137,-4.6149325,4.1706324,2.8546143,4.381586,6.3206816,-0.67025846,-3.713547,-3.0111947,6.465651,-6.065963,6.8161817,-5.4009857,-2.0113297,-7.3753457,-4.2997127,3.2909625,-4.4362445,3.779253,-3.5400543,-5.3063526,4.6196675,0.7682257,6.305372,-7.868804,0.7382881,5.3699985,-6.5012445,3.1986382,5.976237,2.5866902,-2.3958552,-3.8590155,-4.607496,-3.5881748,-4.8889055,7.0941715,4.6407137,4.3321595,6.662646,4.4712625,-0.20920251,3.274123,3.6016657,3.10431,5.6418386,-4.3516345,3.1738055,3.832132,-3.822287,-4.24041,-3.8304408,-2.0682797,4.7964478,4.9375057,-3.0058024,5.862059,0.9838661,-5.1445565,-2.1914496,3.8836129,-2.0450327,4.804325,0.60037726,-4.510244,-4.2877603,-3.6995325,1.2396629,5.62258,4.574822,-2.7377882,-3.6824672,3.310239,4.080068,-2.002367,0.49928808,-3.1249743,4.4652214,-2.3139405,-3.9679704,3.655663,-5.6623883,2.4499612,-2.7247257,-4.2492304,-4.6903043,3.2188082,-4.637692,3.1739793,4.1749763,-4.940903,1.657765,-5.166803,-2.5544107,-5.294698,-2.8776343,4.4783463,4.154585,0.23269317,-3.6011915,-4.0581517,-1.1978128,-7.0527883,-4.0134826,-0.49880096,4.8008657,3.9666095,6.048474,-3.8837607,-3.6133947,-2.7238553,-6.1219163,-4.2415423
thyroid carcinoma cancer,2.8949845,2.4108727,4.0681486,2.6205778,7.0067935,2.959228,-5.1126614,-2.9021297,-1.330008,3.5749366,4.770737,-0.3971195,-3.252554,2.3732514,-3.9107685,5.7709613,-4.8779297,4.408045,3.0167646,4.63118,6.681427,-0.7101149,-3.924991,-3.1823845,6.8346176,-6.4119797,7.20515,-5.7087493,-2.1253428,-7.796701,-4.5445395,3.4780922,-4.6890974,3.994311,-3.7413423,-5.6089005,4.882591,0.81119907,6.6652236,-8.318154,0.7792679,5.676314,-6.8723564,3.3805642,6.317297,2.7334323,-2.5316935,-4.0786276,-4.869986,-3.7921355,-5.167465,7.4993324,4.905275,4.578951,7.0429935,4.726182,-0.21982862,3.4602377,3.8065693,3.280671,5.963684,-4.599546,3.3542123,4.0503616,-4.0398765,-4.481853,-4.0485635,-2.1854317,5.069842,5.2189407,-3.1765049,6.196553,1.0388755,-5.437977,-2.315554,4.1046085,-2.160866,5.078008,0.63346547,-4.7671723,-4.532044,-3.909707,1.3096107,5.943429,4.8355093,-2.8932154,-3.8918478,3.4981003,4.312242,-2.1157806,0.52692467,-3.3032706,4.719669,-2.4450896,-4.1945667,3.863682,-5.9853835,2.5889215,-2.8794234,-4.4912415,-4.95759,3.401725,-4.901968,3.354507,4.412765,-5.2225375,1.7512902,-5.4611845,-2.6993086,-5.59658,-3.041082,4.733435,4.390869,0.2449615,-3.806072,-4.289154,-1.2651081,-7.455511,-4.241825,-0.52595145,5.074568,4.192316,6.393409,-4.104923,-3.8187144,-2.8783545,-6.4711103,-4.482659
colorectal cancer,1.3813637,1.1530764,1.9373355,1.2482136,3.3241284,1.4120493,-2.4285693,-1.382949,-0.6388057,1.7021899,2.2689028,-0.17489909,-1.5304384,1.1361108,-1.8575289,2.7406356,-2.3159854,2.0953858,1.4401008,2.203962,3.169828,-0.32385042,-1.8682617,-1.5161622,3.2414627,-3.0412908,3.418607,-2.7115307,-1.013847,-3.6979141,-2.1605484,1.6595095,-2.229283,1.9021058,-1.7838764,-2.6596687,2.3228261,0.39165094,3.1633093,-3.9413154,0.37887663,2.695297,-3.2599878,1.6094102,2.9975696,1.3051672,-1.2118807,-1.9434118,-2.315126,-1.8080935,-2.4538581,3.556518,2.3327289,2.1758797,3.3418803,2.2472336,-0.1145021,1.6445379,1.8107214,1.5635364,2.8313518,-2.1853106,1.5987916,1.9283996,-1.9217539,-2.1322286,-1.9274466,-1.0457071,2.4103017,2.4795258,-1.5141897,2.940672,0.5029545,-2.5838819,-1.1060629,1.9527212,-1.0317498,2.411648,0.31119797,-2.262325,-2.1543338,-1.8646678,0.6287481,2.821659,2.2988973,-1.3797742,-1.8549428,1.6704475,2.0513759,-1.0119554,0.25847644,-1.5675298,2.2423716,-1.1711824,-1.9885226,1.8368307,-2.8409834,1.2360415,-1.3722235,-2.1338012,-2.3546727,1.618431,-2.3275757,1.5995632,2.1007087,-2.4795935,0.83847284,-2.596129,-1.2870826,-2.657172,-1.4490961,2.249744,2.0917647,0.12525372,-1.8120581,-2.0382595,-0.6080542,-3.5372896,-2.0202482,-0.26062414,2.4107816,1.9906627,3.0359633,-1.9534262,-1.8215357,-1.3773022,-3.0697117,-2.1348937
uterus cancer,0.986351,0.8254693,1.3823313,0.8895152,2.3628268,1.007936,-1.7273583,-0.9857994,-0.45748788,1.2133495,1.6166042,-0.11635501,-1.0806367,0.813835,-1.3199239,1.9500834,-1.6462018,1.4909059,1.0291464,1.5712671,2.2529674,-0.22372836,-1.3318267,-1.0811234,2.3026228,-2.1602287,2.4299457,-1.9284306,-0.72284865,-2.6289139,-1.5378761,1.1861119,-1.5877002,1.3562769,-1.2736533,-1.8877026,1.6544151,0.28146088,2.2495296,-2.7973597,0.27361336,1.9172534,-2.316875,1.1467638,2.1308722,0.9324206,-0.8683271,-1.3870834,-1.6483184,-1.2907274,-1.7445725,2.5275652,1.6623825,1.5480372,2.3761158,1.6010053,-0.086114556,1.168712,1.2890646,1.1151518,2.0138779,-1.5545194,1.1407179,1.3753393,-1.3687207,-1.5191008,-1.3745929,-0.7484382,1.7168084,1.7643775,-1.0799022,2.0906346,0.36273882,-1.8396487,-0.78974426,1.3906955,-0.73620963,1.714493,0.22704583,-1.6065373,-1.5335366,-1.3311199,0.45091608,2.0071807,1.6369646,-0.98436177,-1.3235776,1.1937879,1.4608352,-0.7238007,0.18857922,-1.1142659,1.5953116,-0.83988416,-1.4124644,1.3067216,-2.0198193,0.8827163,-0.97810584,-1.5175314,-1.6745241,1.1516861,-1.6545392,1.142324,1.498142,-1.7627326,0.59902596,-1.8483995,-0.9176737,-1.8893212,-1.0330832,1.6010001,1.4920099,0.09391817,-1.2915691,-1.449586,-0.4355879,-2.5151825,-1.44068,-0.19092913,1.7154176,1.4138582,2.1593924,-1.3921912,-1.3006274,-0.9866189,-2.1807005,-1.5216293
ovarian cancer,1.0902276,0.91024035,1.5259424,0.9850747,2.6161544,1.1149776,-1.913413,-1.0917617,-0.5072358,1.3421601,1.7868174,-0.13297887,-1.1997885,0.89733046,-1.4652138,2.1573942,-1.8249727,1.6519436,1.1361253,1.736053,2.495059,-0.24857074,-1.472248,-1.1960003,2.5520172,-2.3950293,2.691013,-2.1363816,-0.8014314,-2.9086218,-1.7027615,1.3079685,-1.755658,1.499466,-1.4064885,-2.0957947,1.8310378,0.31199428,2.4895785,-3.1020062,0.30300447,2.1220737,-2.5657728,1.2693952,2.3595793,1.0304623,-0.95676386,-1.5314174,-1.8238064,-1.4258864,-1.9335341,2.7981694,1.8364447,1.7147352,2.6298544,1.7694358,-0.095562816,1.2981948,1.4280111,1.2336314,2.228918,-1.7220546,1.2611152,1.5192508,-1.5147495,-1.6802218,-1.5184674,-0.826254,1.8979281,1.9529839,-1.1951512,2.314961,0.4004121,-2.0340633,-0.8744024,1.5394667,-0.81586045,1.9007198,0.24927475,-1.7836223,-1.6974448,-1.4711164,0.49802318,2.2209353,1.8109602,-1.0893495,-1.4628887,1.3184686,1.6172696,-0.7997845,0.20662335,-1.2341017,1.7667223,-0.92446935,-1.564715,1.4486955,-2.2370415,0.9762197,-1.0834767,-1.6819111,-1.8553071,1.2774012,-1.8341789,1.2609481,1.6548523,-1.9535431,0.6647011,-2.045112,-1.016695,-2.092922,-1.1436919,1.7728766,1.6491922,0.102359526,-1.4287024,-1.6071585,-0.48313233,-2.7830412,-1.5926818,-0.21024355,1.8987389,1.5704542,2.3907695,-1.5392826,-1.4369918,-1.0870837,-2.4174461,-1.6841565
T cell leukemia cancer,2.5757616,2.1457028,3.618919,2.3310747,6.230094,2.632884,-4.5464916,-2.581642,-1.1841049,3.179965,4.243191,-0.35017905,-2.889315,2.1124268,-3.4774973,5.1319113,-4.337451,3.9201727,2.684327,4.11939,5.940779,-0.6287505,-3.4912808,-2.8309572,6.0766683,-5.700905,6.4065056,-5.0765104,-1.8908008,-6.932375,-4.041681,3.0947244,-4.170379,3.5530992,-3.3286042,-4.98659,4.3426824,0.72262174,5.926691,-7.3948407,0.69471914,5.047613,-6.1104603,3.0069768,5.6171265,2.4322088,-2.2534783,-3.6284428,-4.331158,-3.3737636,-4.5950093,6.667804,4.362873,4.0720534,6.262454,4.203487,-0.19748905,3.0770268,3.3855357,2.9184897,5.3030753,-4.0902863,2.9840064,3.6029503,-3.593131,-3.9863298,-3.6013234,-1.9450892,4.5090284,4.641169,-2.8258579,5.5098453,0.92580366,-4.8361416,-2.0603733,3.6507132,-1.9226143,4.515492,0.5654898,-4.238609,-4.030553,-3.4784362,1.1660011,5.285088,4.300555,-2.5739727,-3.4623027,3.112692,3.8353524,-1.8829758,0.47033498,-2.9371665,4.197137,-2.1765869,-3.7292647,3.43606,-5.3221593,2.3035648,-2.5614464,-3.9939158,-4.4085207,3.0254357,-4.358866,2.9845052,3.9252799,-4.6439123,1.5586057,-4.8569427,-2.4013462,-4.9765606,-2.7052548,4.209548,3.9060223,0.21970034,-3.3855236,-3.8142657,-1.126396,-6.6292286,-3.7733305,-0.4699284,4.5127587,3.7276704,5.685279,-3.6512175,-3.3975604,-2.5619373,-5.753569,-3.9874394
kidney chromophobe cancer,2.6325805,2.1931877,3.6994448,2.3821619,6.368076,2.6906812,-4.646671,-2.6381896,-1.2094295,3.2500992,4.3374,-0.35812348,-2.9535918,2.1591206,-3.5533767,5.245725,-4.4328003,4.0063767,2.743701,4.210832,6.0722,-0.643619,-3.5685155,-2.893266,6.210738,-5.8265324,6.548259,-5.1884055,-1.9318955,-7.0864186,-4.1308475,3.1636887,-4.2628217,3.6315851,-3.4023743,-5.095762,4.4385133,0.737876,6.0581493,-7.5579705,0.7092325,5.1593213,-6.245686,3.0730717,5.7413807,2.4858212,-2.303448,-3.7090626,-4.4270062,-3.4484346,-4.6961875,6.815647,4.4600067,4.1616855,6.401317,4.2967896,-0.20087773,3.143962,3.459911,2.9828026,5.42058,-4.1803718,3.049819,3.682894,-3.67241,-4.074508,-3.6812785,-1.9879341,4.609173,4.743773,-2.88793,5.6317225,0.9456303,-4.943521,-2.1053996,3.7312152,-1.9644145,4.6147146,0.5775921,-4.3312483,-4.119492,-3.5552185,1.1913944,5.402239,4.395653,-2.6304243,-3.5387397,3.1814551,3.919904,-1.9242946,0.4804534,-3.0020874,4.2896643,-2.2250996,-3.8118255,3.5113509,-5.4396996,2.3541374,-2.6174996,-4.081681,-4.505581,3.091558,-4.454664,3.0507004,4.012401,-4.746122,1.5920858,-4.9644117,-2.4538612,-5.08632,-2.7646692,4.3023467,3.9924555,0.22416425,-3.4602213,-3.8979461,-1.1504306,-6.776436,-3.8567193,-0.47963652,4.6124763,3.8089507,5.810916,-3.7319756,-3.4725635,-2.6188092,-5.8803716,-4.0751567
breast cancer,1.0401658,0.8702908,1.4582963,0.93813515,2.4936516,1.0628297,-1.8225539,-1.0396199,-0.48181522,1.2798632,1.7056664,-0.12409631,-1.1417146,0.8579162,-1.392447,2.0578415,-1.7369608,1.5728875,1.0852726,1.6576875,2.3776565,-0.23760512,-1.4049561,-1.1402637,2.430048,-2.27971,2.5644143,-2.0347478,-0.76211584,-2.7747035,-1.6225064,1.2510427,-1.6751914,1.4306357,-1.3433592,-1.9919475,1.7453209,0.2961796,2.3740323,-2.9525054,0.2876432,2.0231574,-2.4451532,1.2095754,2.2487512,0.98319936,-0.91541564,-1.4631792,-1.739129,-1.3613414,-1.8407803,2.6676757,1.7540662,1.6332419,2.5076685,1.6892315,-0.08963555,1.2327832,1.3598063,1.176145,2.1252108,-1.6401372,1.2030923,1.4508915,-1.4439332,-1.6026269,-1.450133,-0.78898185,1.8114858,1.8616792,-1.1388724,2.206251,0.38167545,-1.9412123,-0.8325993,1.4670931,-0.77612054,1.8089479,0.23850656,-1.6950411,-1.6179426,-1.4038316,0.4750548,2.1181505,1.7270962,-1.0380243,-1.3959816,1.2588278,1.5410912,-0.76299703,0.19813779,-1.1758815,1.6832001,-0.88544935,-1.4907962,1.3784662,-2.1314116,0.9307302,-1.0314828,-1.6010559,-1.7668064,1.2147659,-1.7457316,1.2048391,1.5804693,-1.8599515,0.6311687,-1.9502268,-0.96768796,-1.9935925,-1.0895472,1.6891288,1.5738007,0.09816385,-1.3623983,-1.52929,-0.4586984,-2.6545331,-1.5196576,-0.20026402,1.8100095,1.4915944,2.278598,-1.4686755,-1.3716418,-1.040188,-2.301282,-1.6049337
kidney renal clear cell carcinoma cancer,1.227729,1.027042,1.724098,1.1068085,2.9491637,1.253639,-2.1532872,-1.2263162,-0.5654481,1.5113977,2.0166512,-0.15034118,-1.3539345,1.0120537,-1.6429956,2.4335542,-2.0517554,1.8574809,1.2812719,1.95954,2.8115196,-0.28667325,-1.6599257,-1.3459665,2.8726711,-2.6944587,3.0323768,-2.404158,-0.8978079,-3.28322,-1.9168653,1.4786669,-1.9803492,1.689739,-1.5868714,-2.3524246,2.0616798,0.3465622,2.8079922,-3.491076,0.33558074,2.391934,-2.8915706,1.4277883,2.6589463,1.1601793,-1.0803607,-1.7292917,-2.0555317,-1.6078302,-2.1748104,3.1557398,2.074687,1.9291552,2.9660795,1.9972372,-0.10084908,1.453798,1.6053528,1.388452,2.5131135,-1.9375486,1.4203546,1.7147934,-1.7056531,-1.893714,-1.7140592,-0.93041646,2.1420567,2.2003987,-1.3437957,2.6085985,0.4471447,-2.2956772,-0.98124945,1.7328511,-0.9141359,2.136536,0.27845156,-2.0009212,-1.911565,-1.6573049,0.5588922,2.5048885,2.0410388,-1.2243996,-1.6483171,1.485815,1.820214,-0.8994047,0.23154259,-1.3902035,1.988676,-1.0455635,-1.7633469,1.6270466,-2.5194523,1.097689,-1.2165433,-1.8908185,-2.0872478,1.4330789,-2.0620148,1.4233538,1.8680673,-2.1974041,0.741728,-2.304988,-1.1410632,-2.3559532,-1.2856956,1.9954853,1.859115,0.11289937,-1.6089903,-1.8055652,-0.53806734,-3.1404817,-1.7949383,-0.23231936,2.1392076,1.7599629,2.6933591,-1.7352711,-1.619241,-1.2279041,-2.7199132,-1.8945142
prostate cancer,1.5663816,1.3091861,2.2022772,1.4127277,3.772435,1.5990567,-2.7522924,-1.564944,-0.7184484,1.9299688,2.5771947,-0.19900726,-1.738275,1.2895311,-2.0992115,3.1117182,-2.6227767,2.3732884,1.6345421,2.5034807,3.5961497,-0.37407866,-2.120182,-1.7181349,3.674449,-3.4462078,3.8785434,-3.0731182,-1.1448252,-4.2007704,-2.4493885,1.8874062,-2.5309844,2.157718,-2.0256057,-3.00821,2.633708,0.43912074,3.5915127,-4.467238,0.4237939,3.0583937,-3.6988008,1.8230327,3.400735,1.4797285,-1.376796,-2.2082644,-2.626995,-2.0522513,-2.7801235,4.0374722,2.6517642,2.4652889,3.793977,2.5525458,-0.12291384,1.8567868,2.0504508,1.7722503,3.2137327,-2.476272,1.8128935,2.1903374,-2.1789436,-2.4193554,-2.189519,-1.1855811,2.7379203,2.8127036,-1.7148466,3.3361547,0.5662838,-2.9348955,-1.2508546,2.213575,-1.1652099,2.7307987,0.3505628,-2.557666,-2.44272,-2.1149046,0.7107933,3.203265,2.6082602,-1.5620615,-2.103993,1.8951449,2.3252063,-1.1460664,0.29171968,-1.7779288,2.5417125,-1.3324254,-2.256254,2.0784216,-3.2216637,1.3998191,-1.552367,-2.4163365,-2.6679006,1.8298893,-2.635776,1.8168588,2.3862574,-2.8091083,0.94387466,-2.9457889,-1.4557034,-3.0120738,-1.6409636,2.5500252,2.3738492,0.1396017,-2.0547187,-2.307012,-0.68339986,-4.0174727,-2.291982,-0.29101083,2.7344713,2.2489178,3.4435,-2.2166345,-2.0661814,-1.5651444,-3.4785984,-2.4186978
bladder cancer,1.927184,1.6062677,2.7052634,1.7430015,4.6519094,1.9698789,-3.396336,-1.9307725,-0.8881206,2.3773196,3.1708004,-0.25500336,-2.1512287,1.5819081,-2.5980172,3.8331056,-3.239847,2.9294412,2.0082998,3.0788317,4.435928,-0.4629123,-2.6095276,-2.1168034,4.537121,-4.2569494,4.783944,-3.7923899,-1.4147003,-5.1753597,-3.0203059,2.315002,-3.1159947,2.6561947,-2.4894474,-3.7233243,3.2459111,0.5429275,4.425946,-5.5197005,0.523307,3.7699764,-4.5624027,2.2478986,4.1944127,1.8202184,-1.6874156,-2.7130358,-3.2363904,-2.5233495,-3.4325879,4.977958,3.2600985,3.0422647,4.676194,3.140637,-0.15261604,2.2996235,2.5304549,2.182821,3.960762,-3.0558505,2.2315679,2.6931539,-2.6854577,-2.979382,-2.6920028,-1.4565806,3.369157,3.4672384,-2.1136293,4.114541,0.6961196,-3.6127014,-1.5424148,2.7287753,-1.4389657,3.3732498,0.42749143,-3.165739,-3.0114963,-2.6019332,0.87413734,3.9469945,3.2132788,-1.9254273,-2.5890968,2.329386,2.866749,-1.4098828,0.3551317,-2.193366,3.135534,-1.630323,-2.784008,2.567754,-3.9746552,1.7238358,-1.9157689,-2.9839065,-3.293194,2.2617626,-3.255898,2.2319686,2.9339507,-3.4686391,1.1677897,-3.6291518,-1.7965512,-3.7170146,-2.023255,3.1452944,2.9207413,0.16849923,-2.5309396,-2.8500717,-0.8451237,-4.94984,-2.8210518,-0.35643578,3.3710523,2.7849965,4.2463846,-2.7288918,-2.5413537,-1.9181491,-4.2963905,-2.9814644
small intestinal neuroendocrine tumor,1.4794374,1.2355208,2.076945,1.3364269,3.56249,1.5118636,-2.601534,-1.4804711,-0.6823345,1.823438,2.4318862,-0.18857156,-1.6415707,1.2171235,-1.9881978,2.9374218,-2.4804018,2.2439578,1.5430251,2.362313,3.396835,-0.3498406,-2.00204,-1.6239063,3.4727926,-3.2577798,3.6633415,-2.9045105,-1.0846199,-3.9645264,-2.3143096,1.7790146,-2.3892171,2.0379946,-1.9116066,-2.8476691,2.488169,0.41790792,3.3904164,-4.222598,0.40378064,2.8884115,-3.49359,1.7236544,3.2122793,1.3976947,-1.2986662,-2.083048,-2.4805942,-1.9372473,-2.628164,3.812091,2.5008414,2.3306873,3.5819337,2.4089239,-0.12009689,1.7594712,1.9389766,1.674432,3.034309,-2.3407633,1.7126466,2.0669444,-2.0586717,-2.2845821,-2.0658915,-1.1198053,2.5834324,2.6567426,-1.6212728,3.1512299,0.5372284,-2.76971,-1.183483,2.0915442,-1.1037374,2.5826483,0.33199352,-2.4218023,-2.308083,-1.9974197,0.6727019,3.0243142,2.463405,-1.4772663,-1.9872916,1.7893068,2.1971564,-1.0833901,0.2761191,-1.6796376,2.4021888,-1.25532,-2.1310127,1.9666108,-3.0440252,1.3233674,-1.4688332,-2.2851622,-2.522209,1.7321118,-2.4928002,1.7143801,2.2517226,-2.6559684,0.8959496,-2.7817616,-1.377395,-2.8466642,-1.5514977,2.4099345,2.2410839,0.13286503,-1.9411576,-2.182407,-0.6492733,-3.7918448,-2.1645355,-0.27718255,2.583201,2.1302454,3.2530825,-2.0932486,-1.9514301,-1.4760637,-3.2882912,-2.2862773
lung squamous cell carcinoma cancer,1.6207275,1.3519009,2.274156,1.4653236,3.9065444,1.6567731,-2.8531456,-1.6232941,-0.7482493,1.9983681,2.664461,-0.210124,-1.8028364,1.3316766,-2.1824875,3.219819,-2.7213056,2.4612448,1.68937,2.5877047,3.7252226,-0.38484043,-2.1934793,-1.7796953,3.8098514,-3.5745354,4.017485,-3.1856441,-1.1897557,-4.346017,-2.537626,1.9469309,-2.6182342,2.232953,-2.0933473,-3.1263974,2.7276826,0.45810294,3.7170887,-4.63372,0.44230774,3.166736,-3.831313,1.8895704,3.5226095,1.5310335,-1.4204783,-2.2809515,-2.71916,-2.1217957,-2.8831446,4.180045,2.7394097,2.5560122,3.9271674,2.639167,-0.13128783,1.9319551,2.1264617,1.8351189,3.3267064,-2.567209,1.8763961,2.2638757,-2.256757,-2.5037932,-2.2627864,-1.2259216,2.830802,2.9127765,-1.7771374,3.4556165,0.5877609,-3.0351512,-1.2974248,2.2930827,-1.2104361,2.833496,0.36216554,-2.6587474,-2.5303943,-2.1880531,0.7364465,3.3153157,2.7000406,-1.6191796,-2.1770391,1.95943,2.4089825,-1.1865313,0.30091003,-1.842064,2.6342194,-1.3724742,-2.3374372,2.1575282,-3.3383288,1.4500268,-1.6106867,-2.5067623,-2.7664287,1.9006324,-2.7348673,1.8769926,2.4662328,-2.913517,0.9830031,-3.0492148,-1.5105312,-3.1221256,-1.7009308,2.6426013,2.455311,0.14419569,-2.127413,-2.3943977,-0.7121037,-4.1568646,-2.3715482,-0.3026455,2.8320713,2.3391495,3.5669742,-2.293641,-2.1373363,-1.6145381,-3.6078022,-2.5062542
Kaposi's sarcoma cancer,1.5449528,1.2877009,2.1654716,1.3975428,3.7225134,1.5798831,-2.7200124,-1.5484285,-0.7152846,1.904738,2.5380688,-0.19994551,-1.7172121,1.2686312,-2.0827858,3.0675433,-2.5951133,2.34713,1.6094428,2.4647853,3.550109,-0.36424953,-2.0898457,-1.6965652,3.6319067,-3.4082837,3.8287187,-3.0371914,-1.1357349,-4.1394777,-2.4192014,1.8537121,-2.494371,2.1277878,-1.9941846,-2.9827807,2.6002073,0.43830767,3.5415123,-4.4176173,0.42361662,3.0175495,-3.651069,1.8015757,3.3569245,1.4595522,-1.3527532,-2.172383,-2.5913534,-2.0216908,-2.749278,3.982526,2.6087663,2.4368806,3.7415674,2.513674,-0.12761645,1.8445926,2.0279317,1.7496312,3.169898,-2.4476192,1.7883683,2.156273,-2.1511412,-2.386023,-2.1552851,-1.1685376,2.6966076,2.7760038,-1.6947329,3.2931457,0.5615183,-2.8910983,-1.2381101,2.1861463,-1.1554383,2.7023134,0.3461439,-2.537025,-2.4117699,-2.0853558,0.7025727,3.1585376,2.5728579,-1.5441562,-2.0745862,1.8673635,2.2967267,-1.1313843,0.28714705,-1.7556351,2.51111,-1.3066233,-2.227584,2.0580776,-3.1818233,1.3827329,-1.5365986,-2.3905516,-2.6375785,1.8137877,-2.6080484,1.7876955,2.3489165,-2.7779624,0.9394788,-2.9057956,-1.4413855,-2.9762306,-1.6222094,2.5192242,2.339758,0.13839178,-2.0277207,-2.283925,-0.6809744,-3.95983,-2.2598858,-0.29018745,2.698949,2.2329311,3.3994477,-2.1853888,-2.0367167,-1.5374366,-3.4398804,-2.3896809
melanoma brain metastasis cancer,0.88384175,0.7396345,1.2368424,0.79733604,2.1138217,0.903646,-1.5466075,-0.883809,-0.4118627,1.0867529,1.4465095,-0.10203858,-0.96460694,0.7294503,-1.1831348,1.7446339,-1.4742391,1.3354605,0.921877,1.4061171,2.01581,-0.19679195,-1.1923263,-0.96864605,2.060773,-1.9337038,2.1741846,-1.7266119,-0.64876425,-2.3507535,-1.3770595,1.0615301,-1.420796,1.214536,-1.1404269,-1.6908926,1.4815471,0.25396723,2.012292,-2.5031514,0.24748096,1.7156162,-2.0728455,1.0274668,1.906623,0.8356996,-0.7779916,-1.2414712,-1.4753875,-1.1559204,-1.5621489,2.260705,1.4869845,1.3863008,2.1254644,1.4324536,-0.080089524,1.0481601,1.1549253,0.999161,1.801837,-1.3920085,1.0218967,1.230919,-1.2256663,-1.359965,-1.2301947,-0.6710905,1.5360401,1.5792283,-0.96793646,1.8706893,0.32695222,-1.6457574,-0.70861316,1.2455025,-0.6608544,1.5355747,0.2052442,-1.4395525,-1.3729997,-1.1925174,0.40506235,1.7956743,1.4652724,-0.8824982,-1.1855361,1.0696716,1.3083493,-0.6492168,0.17026377,-0.99712425,1.4283434,-0.7522215,-1.263521,1.1709509,-1.8077099,0.79146534,-0.87703013,-1.3592365,-1.4994162,1.0325478,-1.481754,1.022707,1.3407441,-1.5783486,0.5387321,-1.6544703,-0.8230446,-1.6912894,-0.9259435,1.4335774,1.33603,0.08589585,-1.1567508,-1.2987163,-0.3923193,-2.2494426,-1.2901161,-0.17348304,1.5354143,1.2674657,1.9326423,-1.2463492,-1.1651645,-0.8838123,-1.9520329,-1.3633859
glioma cancer,1.0685785,0.8923584,1.4956388,0.9653726,2.563459,1.0928044,-1.8749238,-1.0699363,-0.49721462,1.3153685,1.7511322,-0.12972383,-1.175114,0.8797329,-1.4355935,2.114104,-1.7881609,1.6187286,1.1136625,1.701459,2.4447813,-0.24315292,-1.442893,-1.1721495,2.500469,-2.346612,2.636792,-2.0933824,-0.7854005,-2.8501203,-1.6685873,1.2821417,-1.7205415,1.4695837,-1.3785925,-2.0532808,1.7943703,0.3058952,2.439516,-3.0391576,0.29716668,2.0794384,-2.514062,1.2440121,2.3120623,1.010032,-0.93802935,-1.5010215,-1.7872585,-1.3975767,-1.8945559,2.7417948,1.7998079,1.6802723,2.5769508,1.7341038,-0.09392294,1.2719302,1.3993514,1.2090315,2.1841197,-1.6874214,1.2360245,1.4890212,-1.4844215,-1.6466302,-1.4882432,-0.8099815,1.8599784,1.9137754,-1.1713092,2.2683551,0.3927008,-1.9933448,-0.8569986,1.5086234,-0.79958534,1.8623947,0.24465461,-1.7474928,-1.6634086,-1.4418966,0.48827022,2.176334,1.7747022,-1.0676446,-1.4338018,1.2923771,1.5848551,-0.7839901,0.20281303,-1.2092391,1.7312192,-0.90642315,-1.5331148,1.4195411,-2.1919973,0.9568356,-1.0618073,-1.6480458,-1.8179595,1.2516916,-1.7971901,1.2359738,1.6219207,-1.9141693,0.65146506,-2.0041358,-0.99636555,-2.0507793,-1.1208408,1.7372761,1.6163484,0.10063053,-1.4001752,-1.5747812,-0.4735882,-2.7270787,-1.560949,-0.20637861,1.8606266,1.5386301,2.3427098,-1.5085616,-1.4084864,-1.0657828,-2.3686025,-1.6504993
stomach adenocarcinoma cancer,1.4711033,1.2265235,2.0618222,1.3304372,3.5427794,1.5043049,-2.5888553,-1.4741185,-0.6813008,1.8133432,2.4161813,-0.18895201,-1.6330934,1.2084433,-1.9821181,2.9197807,-2.469786,2.2340324,1.5326704,2.3465793,3.3786654,-0.3455992,-1.9895978,-1.6152215,3.456287,-3.2434347,3.6438448,-2.8907042,-1.0812473,-3.939701,-2.3027408,1.7653246,-2.374466,2.0257711,-1.8988612,-2.8382483,2.4752102,0.4176452,3.3706918,-4.2035937,0.40386692,2.8720927,-3.4747214,1.7150507,3.194869,1.3898643,-1.2886163,-2.0684667,-2.4666865,-1.9250094,-2.6165679,3.7901714,2.4835427,2.3194442,3.5610337,2.3929393,-0.12222479,1.755447,1.9303341,1.6657777,3.017068,-2.3296258,1.70274,2.0529542,-2.0477297,-2.2714052,-2.052,-1.1129811,2.5670137,2.6422868,-1.6134993,3.1342044,0.53527594,-2.7520273,-1.1789056,2.0810304,-1.100106,2.5718567,0.33040416,-2.4142306,-2.2956927,-1.9856259,0.6693173,3.0062985,2.4491212,-1.4701954,-1.9752771,1.7782809,2.1862724,-1.0775088,0.27409843,-1.6708734,2.3900945,-1.244796,-2.1198566,1.9588656,-3.0282595,1.3166558,-1.4628457,-2.2752442,-2.5103474,1.7263983,-2.4821157,1.7022934,2.2363527,-2.6438515,0.89459914,-2.7660055,-1.3722389,-2.8326154,-1.5443823,2.3978906,2.2276554,0.13252269,-1.9304087,-2.1737535,-0.6486379,-3.7687929,-2.1515613,-0.27711296,2.5689414,2.124882,3.2355452,-2.080497,-1.9393691,-1.4645046,-3.2735527,-2.2749794
colon cancer stage 2 cancer,0.92765623,0.7764628,1.2992623,0.83661675,2.2202036,0.9481478,-1.6237047,-0.92725337,-0.4311617,1.1408405,1.5193449,-0.10803845,-1.0141199,0.76564544,-1.2412183,1.8325089,-1.5474828,1.4016974,0.9678379,1.4768676,2.117084,-0.20845363,-1.252021,-1.016678,2.163901,-2.0302205,2.2833984,-1.8126761,-0.6802281,-2.4697914,-1.4456832,1.1150404,-1.4922132,1.2751585,-1.197506,-1.7745155,1.5553519,0.26556718,2.1137187,-2.6285305,0.25848332,1.8017838,-2.1770658,1.0783657,2.0023992,0.877038,-0.8167951,-1.3039058,-1.5492892,-1.2136298,-1.6398801,2.3747702,1.5621747,1.4552777,2.2326257,1.5046511,-0.08246925,1.0992572,1.2120874,1.0486816,1.8924628,-1.4613087,1.0726935,1.2928029,-1.2867546,-1.427996,-1.292066,-0.7041873,1.6134286,1.6583146,-1.0156914,1.9646255,0.34217158,-1.7287636,-0.74314344,1.3074652,-0.69287395,1.6117648,0.21455167,-1.5104716,-1.4415567,-1.2517921,0.42463008,1.886124,1.5386695,-0.92594045,-1.2445853,1.1227889,1.3734126,-0.6810771,0.1781272,-1.0471321,1.4995892,-0.78994113,-1.3271092,1.2287314,-1.8982483,0.8304115,-0.92006296,-1.4266692,-1.5740756,1.0831764,-1.555348,1.0739985,1.4081974,-1.6569356,0.564237,-1.7373539,-0.86330533,-1.7757703,-0.97161835,1.5050141,1.4027525,0.08930412,-1.2143525,-1.3629299,-0.41059783,-2.3631222,-1.3545151,-0.18084179,1.6123114,1.3295522,2.0294807,-1.3087394,-1.2231303,-0.9279825,-2.04948,-1.430901
non-small cell lung cancer,0.8708016,0.72904587,1.2189152,0.7852643,2.0819767,0.890159,-1.5231491,-0.8704211,-0.40550593,1.0705549,1.4251975,-0.099880956,-0.9495866,0.71901786,-1.164681,1.7186236,-1.451649,1.3151342,0.9084854,1.3854938,1.9853497,-0.19374204,-1.1747086,-0.95418423,2.0293202,-1.9040645,2.1413434,-1.7003955,-0.638786,-2.3156796,-1.3563011,1.0463611,-1.3997335,1.1965557,-1.1238064,-1.6644934,1.4593289,0.25004578,1.9821594,-2.4646978,0.24369857,1.6898727,-2.0415351,1.0120045,1.8778503,0.8233911,-0.7669707,-1.2234398,-1.4533467,-1.1389897,-1.5383025,2.2267098,1.4652381,1.3652736,2.0936024,1.4113597,-0.07880084,1.0316828,1.1373845,0.9842607,1.7748295,-1.3708802,1.0067706,1.21291,-1.2072945,-1.3397347,-1.2121961,-0.6613341,1.51336,1.5555124,-0.9534097,1.8424695,0.32217205,-1.6213986,-0.69791573,1.2267761,-0.6507501,1.5120401,0.20245337,-1.4170717,-1.3523698,-1.1749477,0.39912108,1.7688384,1.4434117,-0.8692554,-1.1680472,1.0540495,1.288653,-0.6396586,0.16800778,-0.98203915,1.4067429,-0.7417297,-1.2443638,1.1529857,-1.7803545,0.7796899,-0.8637075,-1.3384708,-1.4766059,1.0166165,-1.4590518,1.0078775,1.3211371,-1.5542607,0.53034496,-1.6297617,-0.81052226,-1.6656272,-0.91199505,1.411923,1.3163215,0.08482997,-1.1395097,-1.2787884,-0.38623664,-2.2158434,-1.2710369,-0.17101163,1.5123547,1.2475578,1.9035285,-1.227887,-1.1480559,-0.87129927,-1.9221534,-1.3429091
kidney cancer,1.3495519,1.1253345,1.8903921,1.2204098,3.247129,1.380173,-2.3735526,-1.3523388,-0.6260874,1.662998,2.2150946,-0.1712843,-1.4949318,1.1089287,-1.8177899,2.6763594,-2.2644284,2.048608,1.4059151,2.15145,3.0968163,-0.31437725,-1.8243567,-1.4814931,3.168101,-2.9731896,3.3399267,-2.6503,-0.99228173,-3.6103737,-2.1114554,1.6189198,-2.1768363,1.8577226,-1.7414886,-2.6021333,2.269769,0.38417685,3.0894434,-3.8526566,0.37195632,2.6327465,-3.1847677,1.572966,2.9284048,1.2751704,-1.182372,-1.8967323,-2.2615395,-1.765562,-2.398994,3.4735627,2.276649,2.1267023,3.2637987,2.1936743,-0.1140448,1.6102473,1.7703096,1.5279616,2.765543,-2.1359909,1.5617731,1.8823501,-1.8777237,-2.0827084,-1.8814625,-1.0214094,2.3532686,2.4223816,-1.4801567,2.8728635,0.49235716,-2.5226605,-1.081981,1.9083601,-1.0097075,2.3581452,0.30453536,-2.213737,-2.1048543,-1.8213621,0.6146959,2.755561,2.2454226,-1.3488071,-1.8116585,1.6314213,2.0048738,-0.98890114,0.252499,-1.5315802,2.191342,-1.142142,-1.9428122,1.7964672,-2.7759411,1.2080998,-1.3420566,-2.0862617,-2.3016012,1.5836058,-2.27576,1.5611506,2.0504553,-2.4239118,0.8216769,-2.535945,-1.2590904,-2.5968115,-1.4167085,2.1986246,2.0429542,0.12293488,-1.7703246,-1.9933876,-0.596182,-3.454026,-1.9731125,-0.2559414,2.3551052,1.948765,2.966063,-1.9076663,-1.7789135,-1.3436561,-3.0008228,-2.0866249
PR positive cancer,1.1249734,0.94006515,1.5764867,1.0156854,2.7002873,1.1499314,-1.9738272,-1.1255434,-0.52162796,1.3849442,1.8451674,-0.137197,-1.2386777,0.92659575,-1.509549,2.227345,-1.8818944,1.7035524,1.1730641,1.7928737,2.5749433,-0.25848052,-1.519884,-1.2338885,2.632698,-2.4701958,2.777151,-2.2037425,-0.8254754,-3.0036602,-1.7566767,1.3515717,-1.8126372,1.5477055,-1.4523526,-2.1598644,1.8891915,0.32050836,2.5701277,-3.1997483,0.31097513,2.1903195,-2.6480381,1.3093388,2.4351907,1.0632354,-0.98838854,-1.5818055,-1.8823524,-1.4720511,-1.9940962,2.8886287,1.897058,1.7687395,2.7149465,1.8273703,-0.09657277,1.3367877,1.4725631,1.2726496,2.3007607,-1.7762835,1.3014326,1.569012,-1.5629338,-1.734226,-1.5682074,-0.85266095,1.9598547,2.0154655,-1.2325622,2.3891118,0.41213188,-2.100472,-0.9011293,1.5881724,-0.8404,1.9598627,0.25660932,-1.8378181,-1.7515304,-1.5182657,0.51339394,2.292865,1.8692075,-1.12336,-1.5099136,1.3608887,1.6683606,-0.8249629,0.21301238,-1.2734791,1.8226753,-0.955507,-1.6148047,1.493383,-2.308284,1.0068471,-1.11684,-1.7343652,-1.9136693,1.3162317,-1.8913739,1.3023491,1.7091293,-2.014855,0.6837297,-2.110809,-1.047789,-2.1591816,-1.1793771,1.8289682,1.7023432,0.10497101,-1.4742721,-1.6568568,-0.4966584,-2.8736107,-1.6439407,-0.21564078,1.9595271,1.6175133,2.4671922,-1.5889896,-1.4832442,-1.1231261,-2.4934165,-1.737145
testicular germ cell tumor cancer,1.1371708,0.9508933,1.594941,1.0258654,2.7294812,1.1618292,-1.9942709,-1.1367675,-0.52585834,1.3997453,1.8660413,-0.13815092,-1.251847,0.9372058,-1.5235304,2.25198,-1.9007874,1.7208625,1.1862816,1.813255,2.602462,-0.26244718,-1.5366443,-1.2468716,2.6599483,-2.4953864,2.806877,-2.2265766,-0.83308405,-3.0372643,-1.7751735,1.3678012,-1.8327767,1.5645717,-1.4688358,-2.1803267,1.9092641,0.32284236,2.598406,-3.2325141,0.31308973,2.2140205,-2.6764185,1.3228436,2.461253,1.0747375,-1.0000551,-1.6001105,-1.9028279,-1.4885125,-2.0144486,2.9201686,1.9190828,1.7869333,2.744723,1.8480374,-0.09617953,1.3487169,1.4874804,1.2861542,2.325879,-1.7946047,1.3154756,1.5868646,-1.5795414,-1.7531539,-1.5861071,-0.8620125,1.9820035,2.0370958,-1.2452605,2.414687,0.41586155,-2.1241035,-0.9100143,1.6049058,-0.8482403,1.9794767,0.2591894,-1.8550057,-1.7701004,-1.534838,0.518571,2.31807,1.889495,-1.1348227,-1.5263875,1.3759868,1.6858745,-0.8336469,0.2153104,-1.2869889,1.8417032,-0.96731824,-1.6320565,1.5080189,-2.3326359,1.0173184,-1.1278567,-1.7518157,-1.9332978,1.3287795,-1.9103398,1.3173038,1.7286233,-2.035381,0.68937075,-2.133761,-1.0580451,-2.181673,-1.1914469,1.8480822,1.7211708,0.105848975,-1.4900639,-1.6732256,-0.50057256,-2.9055693,-1.6619271,-0.21720089,1.9804995,1.6322227,2.4934936,-1.6064299,-1.4995242,-1.1364703,-2.5189204,-1.7551973
 ovarian carcinoma cancer,2.7962437,2.3289607,3.9294217,2.5308337,6.766423,2.858154,-4.9372697,-2.80278,-1.2845985,3.4526844,4.607684,-0.382418,-3.1400256,2.2926774,-3.776212,5.5733104,-4.7103763,4.2568655,2.91401,4.4730096,6.4521446,-0.6851069,-3.790836,-3.0735657,6.599802,-6.1916294,6.9579353,-5.51291,-2.052512,-7.5294113,-4.388851,3.3598166,-4.5286856,3.8578,-3.6137946,-5.4157186,4.7154717,0.78357536,6.4367776,-8.032028,0.75288326,5.4817476,-6.6365094,3.264823,6.1005497,2.6402576,-2.445817,-3.9395778,-4.7032905,-3.6628077,-4.9900913,7.2420397,4.7377467,4.421892,6.8015165,4.5646005,-0.21266729,3.3411615,3.6760902,3.1685798,5.7593064,-4.4417768,3.2396557,3.9120862,-3.9015818,-4.328563,-3.910363,-2.1111133,4.8965073,5.040116,-3.0678942,5.98398,1.0037656,-5.2519164,-2.2364578,3.9640882,-2.0869076,4.9036207,0.6124443,-4.6030536,-4.3767734,-3.7763102,1.2651105,5.7397633,4.6699724,-2.7943008,-3.758959,3.378953,4.164591,-2.0437136,0.5094349,-3.189919,4.5578246,-2.3623414,-4.0505257,3.7310517,-5.780002,2.5005572,-2.7808313,-4.3370795,-4.7874556,3.2849705,-4.7335963,3.2401881,4.2621117,-5.043213,1.6913385,-5.2742395,-2.6069252,-5.4045277,-2.9370494,4.571188,4.24095,0.23713647,-3.6759136,-4.1419,-1.2219205,-7.1999693,-4.0968986,-0.5085139,4.9006553,4.0479865,6.174182,-3.9645693,-3.6884456,-2.7807035,-6.2487664,-4.3292894
Lymphoblastoid cancer,3.0285943,2.5220191,4.256478,2.7415278,7.3317533,3.0956752,-5.3493333,-3.0360172,-1.3907439,3.740172,4.991709,-0.41655648,-3.404404,2.482567,-4.091477,6.038479,-5.1037087,4.611916,3.156022,4.845577,6.9912233,-0.7443743,-4.10655,-3.329357,7.151428,-6.709113,7.539224,-5.9730463,-2.2231755,-8.158583,-4.754833,3.6389332,-4.9062724,4.178966,-3.91426,-5.86855,5.1084313,0.84801114,6.9743447,-8.703982,0.8143802,5.9393616,-7.191057,3.5367305,6.610169,2.8595068,-2.6483858,-4.2673135,-5.0954833,-3.9673574,-5.4066963,7.847296,5.1326103,4.7908173,7.3696632,4.945113,-0.22887425,3.6199675,3.982503,3.432182,6.2401457,-4.8124146,3.509127,4.237798,-4.2267423,-4.6892476,-4.2359443,-2.2860637,5.3047442,5.460651,-3.323093,6.483801,1.086051,-5.69002,-2.422151,4.294437,-2.2602732,5.3129864,0.6619152,-4.9876575,-4.7417865,-4.0902333,1.3696367,6.2189746,5.0593643,-3.0266469,-4.0716343,3.6594992,4.511672,-2.2131643,0.5506386,-3.456382,4.938135,-2.5578465,-4.3891854,4.042239,-6.262721,2.7082472,-3.0122328,-4.6990104,-5.187064,3.5587764,-5.128838,3.5095596,4.617003,-5.4643235,1.8315157,-5.71405,-2.823747,-5.8557873,-3.1814559,4.952479,4.593869,0.25551614,-3.9820168,-4.4874806,-1.3228266,-7.8014336,-4.4379225,-0.54926145,5.309581,4.3860497,6.6895957,-4.294833,-3.9950213,-3.0110855,-6.770966,-4.6897135
colon cancer,1.2323205,1.0304568,1.7296557,1.1118659,2.9609337,1.2589325,-2.1626399,-1.2318875,-0.5687676,1.5174829,2.0237541,-0.15182503,-1.3599725,1.0154179,-1.6515933,2.4427333,-2.061174,1.8656842,1.2858092,1.9663932,2.8230464,-0.2871909,-1.666258,-1.3515799,2.8852174,-2.7064338,3.0446827,-2.4144669,-0.90242505,-3.2955158,-1.9247204,1.4828991,-1.9877217,1.6963288,-1.5923418,-2.3643932,2.0699563,0.34883347,2.818677,-3.50667,0.33781353,2.401476,-2.9033706,1.4340212,2.6698484,1.1645117,-1.0836581,-1.7349651,-2.0634122,-1.613538,-2.1843486,3.1681635,2.0814755,1.9376689,2.9775727,2.0044556,-0.102252245,1.4616352,1.6124957,1.393925,2.5228186,-1.9459747,1.4259373,1.7208135,-1.7125846,-1.9009389,-1.7199546,-0.9337944,2.149577,2.2092211,-1.3494971,2.61925,0.4493873,-2.3039968,-0.98559606,1.7399064,-0.9187171,2.1463282,0.27939034,-2.011248,-1.9195055,-1.6635473,0.5613401,2.5145764,2.0491052,-1.2297512,-1.6546845,1.4910932,1.8276778,-0.9030322,0.2323294,-1.3959748,1.997185,-1.0481285,-1.7705534,1.6347786,-2.5300694,1.1022416,-1.2221546,-1.8994311,-2.096486,1.4400322,-2.0715177,1.428203,1.8746015,-2.2072654,0.7460169,-2.3138976,-1.1462668,-2.366083,-1.2911896,2.003926,1.865869,0.11329258,-1.6154164,-1.8139803,-0.5412758,-3.1522639,-1.8018064,-0.23358072,2.14796,1.769235,2.7044532,-1.741954,-1.6253767,-1.2315747,-2.7319543,-1.9024888
adenocarcinoma cancer,1.9346677,1.6132575,2.7169254,1.749516,4.6701603,1.9773903,-3.4092474,-1.9378374,-0.8908692,2.3866887,3.1838276,-0.2557693,-2.159695,1.5887058,-2.60694,3.8485334,-3.2517276,2.9401696,2.0167582,3.0916865,4.4531946,-0.4654791,-2.6202755,-2.1251028,4.5541983,-4.272537,4.802455,-3.8065717,-1.4195496,-5.19662,-3.0316825,2.3250568,-3.1286805,2.6670005,-2.4998116,-3.736268,3.2582967,0.5445579,4.4435005,-5.5401464,0.5247376,3.7849321,-4.5802197,2.256563,4.2108526,1.827263,-1.6948868,-2.7245061,-3.2490127,-2.533616,-3.4451053,4.9977946,3.2737668,3.053847,4.6948767,3.1538398,-0.15242521,2.3069966,2.539784,2.19107,3.9763508,-3.0673459,2.2404957,2.7045171,-2.6958535,-2.991162,-2.7032537,-1.462434,3.3828578,3.480754,-2.1215408,4.1306186,0.6986215,-3.627565,-1.5477644,2.7390585,-1.443931,3.385488,0.4289758,-3.1766129,-3.0233033,-2.6123161,0.87753296,3.9629352,3.226166,-1.9327123,-2.5996444,2.3387368,2.8775036,-1.4153934,0.35670185,-2.2018383,3.1475732,-1.637598,-2.7947156,2.5769908,-3.9900343,1.7304107,-1.9226732,-2.9948816,-3.3056002,2.2694466,-3.2678638,2.241544,2.9463787,-3.4815977,1.1713613,-3.643421,-1.802775,-3.731173,-2.030692,3.1572788,2.932356,0.16895667,-2.5408878,-2.8602633,-0.84759915,-4.969855,-2.8324542,-0.35732907,3.3843837,2.7940438,4.2630115,-2.7400398,-2.5517728,-1.9266661,-4.3122234,-2.9927478
ER positive cancer,1.2907766,1.077803,1.8098865,1.165912,3.103591,1.3193357,-2.2677038,-1.2918653,-0.5972423,1.5900078,2.1192076,-0.16145708,-1.4271985,1.0620815,-1.7342575,2.559231,-2.1623816,1.9567928,1.3457215,2.0587163,2.9594834,-0.3008054,-1.7450862,-1.4163116,3.0261307,-2.8392944,3.1918316,-2.5319557,-0.9471219,-3.4525304,-2.0177798,1.5508382,-2.0820305,1.7767867,-1.6667542,-2.482674,2.1695461,0.36636963,2.953687,-3.6789885,0.354749,2.5167537,-3.0436132,1.5032301,2.7987025,1.2196907,-1.1329442,-1.8157004,-2.162195,-1.6893709,-2.291264,3.3204083,2.1788876,2.0318222,3.1202745,2.098835,-0.1080371,1.5355335,1.6910924,1.4607373,2.6438336,-2.0406282,1.4936485,1.8014007,-1.7948855,-1.9915686,-1.8005377,-0.9774899,2.2511942,2.3154671,-1.4145916,2.7456455,0.47076002,-2.413062,-1.0335975,1.8238575,-0.96398693,2.2517998,0.2919318,-2.1119776,-2.0118659,-1.7422373,0.58791226,2.6347237,2.1469648,-1.2890512,-1.732943,1.5610905,1.9159814,-0.94582593,0.24238953,-1.4635489,2.0939126,-1.0951223,-1.8564043,1.7152647,-2.6525774,1.154988,-1.2818507,-1.9924655,-2.1986473,1.511488,-2.1732128,1.4945389,1.9623327,-2.3151598,0.78361005,-2.4246006,-1.2024442,-2.4810278,-1.3537198,2.1009321,1.9541905,0.11809774,-1.6926273,-1.9033005,-0.56854737,-3.3027446,-1.8872169,-0.24468967,2.2511935,1.8585274,2.8348234,-1.8245727,-1.7019306,-1.287542,-2.8658717,-1.9942312
gastric cancer,1.2269183,1.0243524,1.719244,1.1085756,2.9485517,1.2544299,-2.155223,-1.2284089,-0.5689112,1.5112051,2.0132468,-0.15260927,-1.3550146,1.0095276,-1.6492271,2.4312842,-2.0553892,1.8600417,1.2789278,1.9558505,2.8118453,-0.28400385,-1.6582485,-1.346319,2.8756113,-2.6983004,3.0325882,-2.4063249,-0.9010668,-3.279324,-1.9176384,1.4731662,-1.9780942,1.6885614,-1.5837653,-2.3602984,2.0618966,0.3493264,2.8059292,-3.4958909,0.3385467,2.3912258,-2.8916953,1.4290125,2.6591122,1.1594365,-1.0766677,-1.724974,-2.0544822,-1.6053957,-2.1777031,3.154256,2.0695834,1.9311932,2.9641995,1.993885,-0.10435383,1.4605796,1.6076165,1.3884915,2.5117764,-1.9394878,1.4196837,1.7114617,-1.7058256,-1.8924608,-1.7105865,-0.92931634,2.1385655,2.200189,-1.3448961,2.6087244,0.44853032,-2.2923038,-0.9830831,1.7334427,-0.91713166,2.1404667,0.27833548,-2.0081573,-1.9119542,-1.6559238,0.5593982,2.5030384,2.0400872,-1.2256719,-1.6470169,1.4837672,1.8210262,-0.8994033,0.23099867,-1.3906286,1.9900048,-1.04044,-1.7636645,1.6308117,-2.5205612,1.0981884,-1.2189652,-1.8939742,-2.089687,1.4373585,-2.065717,1.4200461,1.864313,-2.200434,0.7461531,-2.3038282,-1.1435395,-2.3577805,-1.28702,1.9967213,1.8570167,0.11309181,-1.6086969,-1.8094282,-0.5416737,-3.137247,-1.7934769,-0.23384064,2.1391575,1.7674872,2.6936848,-1.7337862,-1.6176032,-1.2234888,-2.723547,-1.895731
brain cancer,2.07524,1.7314875,2.9176664,1.874647,5.0107565,2.1195455,-3.6553862,-2.076336,-0.95171314,2.5596988,3.4177363,-0.27425274,-2.3176324,1.7049351,-2.791179,4.1302547,-3.4852145,3.1516662,2.1641657,3.3188334,4.777156,-0.5033168,-2.8113964,-2.2785294,4.8835177,-4.580717,5.1520114,-4.081615,-1.5193866,-5.578189,-3.2513392,2.4976816,-3.357649,2.860984,-2.6831336,-4.001899,3.4946342,0.5808471,4.7687225,-5.940326,0.55913836,4.0607014,-4.913644,2.4189181,4.51716,1.959899,-1.819719,-2.9252844,-3.4859686,-2.718897,-3.6934397,5.363048,3.5156925,3.2738862,5.0381823,3.3853455,-0.15916985,2.4690547,2.7221937,2.3497655,4.2668257,-3.2886338,2.4030442,2.9031022,-2.8913,-3.2092345,-2.9019935,-1.5686005,3.6315024,3.733912,-2.2741487,4.431109,0.74681354,-3.893887,-1.6580853,2.9374268,-1.5456381,3.6284416,0.4589373,-3.4017591,-3.2423916,-2.802308,0.9398562,4.252622,3.461045,-2.0713103,-2.7886333,2.509302,3.085764,-1.5172633,0.3818403,-2.3617504,3.3751128,-1.7596219,-2.998231,2.7609382,-4.279353,1.8549037,-2.0598145,-3.2098851,-3.543816,2.4306703,-3.502409,2.4061985,3.162842,-3.732258,1.2519114,-3.9090345,-1.9312658,-4.001009,-2.1766841,3.385575,3.1465545,0.1799237,-2.7252133,-3.064922,-0.90523016,-5.3343716,-3.038707,-0.38062277,3.6302404,2.991172,4.5726395,-2.9397702,-2.737384,-2.0688426,-4.6233788,-3.2085378
nasopharyngeal cancer,1.4455304,1.206612,2.028094,1.3060483,3.4800375,1.4774113,-2.5418909,-1.4469666,-0.6676099,1.781447,2.3751967,-0.1840004,-1.6031492,1.1887585,-1.9436126,2.8691463,-2.4239328,2.1929371,1.5070891,2.3071187,3.3183756,-0.34051973,-1.9554727,-1.5866046,3.393135,-3.1834605,3.578817,-2.8381004,-1.0604622,-3.8718157,-2.2613528,1.7371616,-2.3336425,1.9907559,-1.8670894,-2.7834654,2.4311354,0.4090396,3.3117673,-4.125926,0.39543635,2.821513,-3.412824,1.6841797,3.1380074,1.3657134,-1.2681712,-2.0343008,-2.423387,-1.8923566,-2.5683465,3.7235317,2.4422364,2.2772892,3.4987211,2.3525193,-0.118514955,1.720532,1.894893,1.6362135,2.964079,-2.2872221,1.6731404,2.0185852,-2.01136,-2.2318165,-2.0176296,-1.0940714,2.5232952,2.5954726,-1.5843962,3.0784202,0.5254398,-2.705066,-1.1570367,2.0437253,-1.0791472,2.523987,0.3248636,-2.3674004,-2.254877,-1.9513742,0.6574786,2.9539688,2.4063303,-1.4436438,-1.9412696,1.7480507,2.1469655,-1.058655,0.2698893,-1.6409223,2.3470168,-1.2257413,-2.0818408,1.922118,-2.9738836,1.2932235,-1.4356965,-2.233156,-2.4644957,1.6933745,-2.436037,1.674213,2.1989872,-2.5952694,0.87654054,-2.7175179,-1.3465525,-2.7813156,-1.5163078,2.3546834,2.189332,0.13030529,-1.8964643,-2.133028,-0.63540345,-3.7034912,-2.1144202,-0.2716707,2.5234823,2.0829027,3.1779752,-2.0446265,-1.9062244,-1.441353,-3.2132006,-2.234089
uterine corpus endometrial carcinoma cancer,1.2652435,1.0573642,1.7752873,1.1420057,3.041117,1.2927583,-2.2214081,-1.2653195,-0.5843457,1.5582331,2.077762,-0.15696423,-1.3975959,1.0419225,-1.6972721,2.5084238,-2.1175754,1.9165426,1.3197322,2.0186775,2.8996255,-0.2951538,-1.7107245,-1.3878887,2.964,-2.7805855,3.127291,-2.480186,-0.9271367,-3.3841531,-1.9768881,1.5217055,-2.04095,1.7416507,-1.634499,-2.429879,2.125857,0.35835227,2.8947387,-3.6028643,0.34697086,2.4662964,-2.9821103,1.4727402,2.7421885,1.1955866,-1.1117743,-1.7808173,-2.1190097,-1.6564126,-2.244044,3.2538342,2.1367855,1.9902999,3.0579326,2.0578544,-0.10508378,1.5023268,1.6563632,1.4314399,2.5909348,-1.9988971,1.4640412,1.7664644,-1.7587806,-1.9519821,-1.7656195,-0.95846313,2.2070572,2.26891,-1.385921,2.6902142,0.46122444,-2.365645,-1.0123335,1.7869799,-0.9437824,2.2050893,0.28644693,-2.066953,-1.971325,-1.707901,0.5762018,2.5822666,2.104173,-1.2629006,-1.6987861,1.5306438,1.8771683,-0.9270632,0.23804373,-1.4338715,2.051345,-1.0751282,-1.8187253,1.6795284,-2.5987322,1.1318024,-1.2553898,-1.9512998,-2.1535654,1.4796497,-2.1281857,1.465848,1.9243143,-2.267494,0.7666016,-2.3762019,-1.1775197,-2.4304144,-1.3261466,2.0582542,1.9157168,0.11596788,-1.6588095,-1.8636788,-0.55616134,-3.2371528,-1.8499434,-0.2396385,2.2059376,1.8184832,2.7776258,-1.7885258,-1.6685613,-1.2635291,-2.8067248,-1.9538635
rectum adenocarcinoma cancer,1.5318724,1.2772597,2.147782,1.3853029,3.6905243,1.5662746,-2.6963053,-1.5348297,-0.70867264,1.888474,2.5168574,-0.19764544,-1.7020634,1.2583288,-2.063831,3.0415373,-2.5721579,2.3265026,1.5961554,2.4443052,3.5194592,-0.36137187,-2.072273,-1.6820201,3.6000812,-3.378195,3.7956634,-3.0106673,-1.1254936,-4.104494,-2.3982465,1.8388106,-2.4733489,2.109817,-1.9776838,-2.9557219,2.5778234,0.4342012,3.5113254,-4.3786144,0.41962826,2.9917223,-3.6195786,1.785971,3.3279924,1.4472034,-1.3419389,-2.154539,-2.5692327,-2.004821,-2.7250724,3.9484487,2.5872211,2.4156218,3.7096546,2.49272,-0.12609315,1.827555,2.0101385,1.7346159,3.1428075,-2.4262457,1.7732178,2.1384094,-2.132652,-2.365753,-2.1374233,-1.1587994,2.6740117,2.7521627,-1.680045,3.2647653,0.5566402,-2.866837,-1.2272017,2.1672485,-1.1450835,2.6783752,0.34332764,-2.5139482,-2.3910203,-2.06778,0.6965838,3.1316943,2.5509593,-1.5307667,-2.0571172,1.8517756,2.2768362,-1.121782,0.28493142,-1.7404381,2.4893143,-1.2963989,-2.2082844,2.0397675,-3.1542559,1.3708599,-1.5230395,-2.369463,-2.6144907,1.7974564,-2.584983,1.773031,2.32948,-2.7535489,0.93075365,-2.8810127,-1.4286001,-2.9503112,-1.6080776,2.4973674,2.3200552,0.13729495,-2.0104098,-2.263617,-0.6746188,-3.9262571,-2.2408147,-0.28758892,2.6757882,2.2123852,3.370167,-2.166951,-2.0196507,-1.525169,-3.4095714,-2.3690033
T acute lymphoblastic leukemia cancer,1.1294377,0.9439894,1.5830746,1.019682,2.711183,1.1544732,-1.9816769,-1.129923,-0.5235089,1.3905135,1.8527247,-0.13778023,-1.2437694,0.9304327,-1.5153188,2.2364137,-1.8892709,1.7102045,1.1779017,1.8002673,2.5853016,-0.25979233,-1.526123,-1.2388397,2.6431463,-2.4798765,2.788283,-2.2124333,-0.82860315,-3.0160382,-1.7636077,1.3572078,-1.820044,1.5540205,-1.4583119,-2.168178,1.8966782,0.32164723,2.5805285,-3.21238,0.31202698,2.1991916,-2.6587074,1.3145633,2.445017,1.0674429,-0.9925372,-1.5883466,-1.8898902,-1.4780276,-2.001877,2.9003744,1.9048926,1.7757785,2.7259846,1.8349519,-0.09670845,1.3417454,1.478326,1.2776515,2.3100362,-1.7833095,1.3066926,1.5755146,-1.5691744,-1.741208,-1.574671,-0.85608447,1.9678432,2.0235534,-1.237396,2.398734,0.41368878,-2.1091,-0.90453273,1.5944314,-0.8435859,1.9675032,0.25752673,-1.8448483,-1.7585816,-1.5243785,0.51542276,2.3022292,1.8768039,-1.1277905,-1.5160685,1.3663635,1.6749241,-0.82824314,0.21387482,-1.278582,1.8299527,-0.9595097,-1.6212696,1.4991815,-2.3175433,1.0108186,-1.1211575,-1.7411652,-1.9212524,1.3212079,-1.8987963,1.3077742,1.7162266,-2.0228167,0.6861937,-2.1192968,-1.0517607,-2.1677804,-1.1839668,1.8362356,1.7091905,0.10528552,-1.4801921,-1.6632707,-0.49840778,-2.8853538,-1.6506202,-0.21631438,1.9674525,1.623549,2.4771326,-1.5954909,-1.4892977,-1.1278477,-2.5032125,-1.7440016
esophageal squamous cell carcinomas cancer,2.2610378,1.8868841,3.1812112,2.0415313,5.461857,2.308425,-3.982733,-2.2610505,-1.0342689,2.7889745,3.725929,-0.30006424,-2.5276797,1.857736,-3.0388095,4.5024557,-3.7966616,3.433297,2.3584037,3.6179905,5.206748,-0.5520915,-3.063973,-2.4821794,5.3215966,-4.991142,5.615388,-4.4472623,-1.6535083,-6.0819983,-3.5427775,2.7234845,-3.659978,3.117618,-2.924486,-4.3582654,3.8078935,0.63052344,5.1985965,-6.473283,0.60638386,4.425911,-5.355681,2.6348908,4.9233203,2.1352124,-1.9833055,-3.1891057,-3.7993655,-2.963153,-4.024009,5.846435,3.833556,3.5667403,5.49224,3.69056,-0.17001532,2.6874225,2.9651747,2.5600078,4.6510386,-3.582992,2.618219,3.16465,-3.150447,-3.4975693,-3.163586,-1.70873,3.9591053,4.069334,-2.4769895,4.829506,0.8115287,-4.2451234,-1.8051636,3.2005556,-1.6820818,3.9525437,0.49851012,-3.7041118,-3.533099,-3.0534024,1.0228249,4.635701,3.7719707,-2.2557614,-3.0385778,2.7342236,3.362112,-1.6523308,0.41494787,-2.5739424,3.6774926,-1.9185503,-3.2680984,3.0068057,-4.6635056,2.020191,-2.2428875,-3.4965808,-3.8609369,2.6465495,-3.8153224,2.6227987,3.447881,-4.066179,1.3610655,-4.2604165,-2.1027794,-4.359684,-2.370826,3.6888442,3.4292417,0.19450882,-2.969409,-3.3382187,-0.9835592,-5.8157988,-3.3113904,-0.41226068,3.9562051,3.2563818,4.9833055,-3.2038476,-2.9826634,-2.2550304,-5.0376596,-3.4951978
biliary tract cancer,1.4030262,1.1708553,1.9674964,1.2679511,3.376834,1.4342445,-2.4671125,-1.404838,-0.6489135,1.7289718,2.3045135,-0.1781919,-1.5551184,1.1536194,-1.8873124,2.7838807,-2.3529088,2.1287067,1.4624766,2.2384508,3.220131,-0.32918096,-1.8975399,-1.5400058,3.2931156,-3.089871,3.472877,-2.7546315,-1.029964,-3.7562969,-2.1947951,1.6852098,-2.2643394,1.9319278,-1.8116906,-2.7024043,2.3595467,0.39780316,3.2133622,-4.004341,0.38478366,2.737912,-3.3117192,1.6348053,3.0450933,1.3256118,-1.2304906,-1.9736975,-2.3516948,-1.8363546,-2.4929733,3.6128628,2.3692586,2.2103834,3.394749,2.282444,-0.11623289,1.6710234,1.8394607,1.588183,2.8761573,-2.2200112,1.623852,1.9585179,-1.9521012,-2.1658115,-1.9575788,-1.061956,2.448197,2.5187516,-1.5380807,2.987293,0.5106807,-2.6245122,-1.1235627,1.9836283,-1.0481083,2.450111,0.31583878,-2.2986581,-2.188367,-1.8938608,0.6384946,2.866202,2.3351142,-1.4015074,-1.8839666,1.6965094,2.0838642,-1.027745,0.26225105,-1.5924137,2.2779078,-1.1891127,-2.0201619,1.8660942,-2.8860576,1.2554458,-1.3939708,-2.1677642,-2.3920858,1.6443026,-2.3646715,1.6244198,2.1335115,-2.5190544,0.85183424,-2.6371078,-1.3075246,-2.6993732,-1.4720145,2.2853932,2.1245947,0.12700447,-1.8405802,-2.0707707,-0.6177009,-3.5931852,-2.0519297,-0.26454785,2.4488773,2.0227416,3.0840297,-1.9840807,-1.8499702,-1.3984615,-3.1187034,-2.1686037
leukemia,1.6991566,1.4160814,2.3829317,1.5372039,4.097652,1.7374145,-2.993257,-1.7029947,-0.78541654,2.0955212,2.7931664,-0.22242448,-1.8925722,1.3948826,-2.2914286,3.376384,-2.8557613,2.5824454,1.7702662,2.7123344,3.9077585,-0.40383303,-2.2995245,-1.8662823,3.997639,-3.7512407,4.214353,-3.3422616,-1.2486892,-4.5573263,-2.6619115,2.039381,-2.7451174,2.341037,-2.193829,-3.2825382,2.8608723,0.4808437,3.898336,-4.862996,0.46417135,3.3212602,-4.019,1.9819152,3.6950614,1.6050563,-1.4875255,-2.3902264,-2.8516216,-2.2239685,-3.0253785,4.384259,2.871192,2.6815107,4.1187053,2.7665012,-0.13806233,2.02894,2.231024,1.9244813,3.4890203,-2.6933608,1.9672477,2.372721,-2.366865,-2.625431,-2.3716295,-1.2847146,2.9677486,3.0550344,-1.8639454,3.6247716,0.6160223,-3.182096,-1.3611028,2.4052336,-1.2702035,2.9735515,0.37895074,-2.7915707,-2.6539528,-2.2937672,0.7719108,3.4766886,2.8313382,-1.6982216,-2.2822106,2.0536675,2.5268908,-1.2438285,0.31456226,-1.9323945,2.763346,-1.4367795,-2.4522314,2.2642183,-3.502027,1.5204906,-1.6899102,-2.630411,-2.902513,1.995028,-2.8699677,1.966764,2.5847704,-3.0571089,1.0320904,-3.197688,-1.5849766,-3.2754817,-1.7842224,2.7720973,2.5740685,0.15054893,-2.230856,-2.5128512,-0.7476006,-4.3591876,-2.486314,-0.3170666,2.9703116,2.4565127,3.7414224,-2.4046988,-2.2403212,-1.6907288,-3.7859924,-2.6287026
kidney renal papillary cell carcinoma cancer,1.8315126,1.5264852,2.5700417,1.6566565,4.4193664,1.8723469,-3.2272196,-1.8352027,-0.84502405,2.2590919,3.0123696,-0.24133264,-2.0427098,1.5034493,-2.4693747,3.6414914,-3.0786939,2.7838483,1.9084411,2.925077,4.2143307,-0.43813378,-2.479473,-2.011699,4.310772,-4.0447626,4.544967,-3.6035292,-1.345043,-4.9160757,-2.8699331,2.1993754,-2.960399,2.523977,-2.3654277,-3.5383732,3.0843608,0.5168766,4.204587,-5.244162,0.49849126,3.5817177,-4.3344145,2.1363049,3.9849095,1.7299439,-1.6035633,-2.5776103,-3.0749564,-2.397747,-3.2617285,4.7288756,3.09694,2.8909075,4.4423018,2.9836812,-0.14650244,2.1860373,2.4048214,2.074428,3.7628412,-2.9037611,2.1206758,2.558726,-2.5517893,-2.8308814,-2.5575979,-1.3844762,3.2007487,3.2942982,-2.008869,3.9090564,0.66251427,-3.4320488,-1.4663352,2.5930257,-1.3681539,3.2055423,0.4071234,-3.008739,-2.8614895,-2.4726446,0.83125025,3.7496824,3.0530403,-1.8301013,-2.4603486,2.2137094,2.7241538,-1.3402151,0.33811435,-2.083873,2.9793797,-1.5491304,-2.6448064,2.4403965,-3.77636,1.6385204,-1.821003,-2.8355887,-3.1292777,2.149839,-3.0939713,2.1207147,2.7874641,-3.2959745,1.1108463,-3.4481285,-1.7077734,-3.531764,-1.9229614,2.9887147,2.7752945,0.1609657,-2.4050398,-2.7085786,-0.80419904,-4.702037,-2.680616,-0.3399127,3.202923,2.6471574,4.034528,-2.592883,-2.4150624,-1.822748,-4.082238,-2.8334575
oral squamous cell carcinoma,2.7672293,2.3049288,3.888635,2.5046349,6.695951,2.8285775,-4.8859677,-2.7737455,-1.2714373,3.41688,4.5597677,-0.378239,-3.107151,2.2690265,-3.7370405,5.5153084,-4.6614084,4.2126117,2.883872,4.4265575,6.3849735,-0.67771286,-3.7515416,-3.041741,6.53109,-6.127123,6.8854628,-5.4555535,-2.0313034,-7.4510145,-4.343188,3.3249347,-4.4816194,3.8178298,-3.5763242,-5.3594093,4.666445,0.7756248,6.3697114,-7.948318,0.7452848,5.4247375,-6.56741,3.2310104,6.03707,2.6128778,-2.4205754,-3.8986826,-4.6543403,-3.6248112,-4.9381366,7.1666136,4.688439,4.375994,6.7306957,4.5172114,-0.21070342,3.3064623,3.637923,3.1356654,5.6993217,-4.3956137,3.2061007,3.8715081,-3.8610568,-4.2835746,-3.8697577,-2.0892954,4.8455377,4.9876957,-3.03609,5.9217057,0.9935749,-5.1972923,-2.213274,3.922866,-2.065352,4.852634,0.60623914,-4.555238,-4.3313365,-3.737169,1.2521337,5.6800613,4.621482,-2.7653897,-3.7200422,3.3439343,4.1212807,-2.0226157,0.5043309,-3.1567178,4.510478,-2.3378823,-4.0082936,3.6923325,-5.7198915,2.4746833,-2.752021,-4.292023,-4.737714,3.2508452,-4.6844044,3.2066395,4.2179017,-4.990795,1.6739314,-5.219383,-2.5798717,-5.3483305,-2.9065704,4.5236845,4.19689,0.23482233,-3.6377766,-4.0988555,-1.2093937,-7.124971,-4.0544195,-0.5034281,4.8497458,4.005894,6.109993,-3.9234576,-3.6502814,-2.7519858,-6.1836877,-4.2843776
hepatoblastoma cancer,1.1372863,0.95145595,1.5958456,1.0256693,2.7296772,1.1617674,-1.9940727,-1.1364805,-0.52534676,1.399871,1.8666567,-0.13785066,-1.2518058,0.93771863,-1.5226285,2.2524421,-1.9002811,1.7204629,1.1867862,1.8139695,2.6025243,-0.26293153,-1.5370804,-1.2469295,2.6595724,-2.4947755,2.8069098,-2.2262568,-0.83261245,-3.0381107,-1.7750329,1.3687167,-1.833249,1.5649235,-1.4694207,-2.1791646,1.9092287,0.32246628,2.5987864,-3.2318168,0.31265485,2.2142682,-2.6765203,1.3227758,2.4613683,1.0748378,-1.0007681,-1.6008872,-1.9029957,-1.4889543,-2.0139592,2.920561,1.9199492,1.7867426,2.745155,1.8487653,-0.09562662,1.3476123,1.4871594,1.2861143,2.3261342,-1.7943629,1.3156908,1.5875486,-1.5795726,-1.7533996,-1.5867572,-0.8622256,1.9825879,2.0371969,-1.2451111,2.414785,0.41571498,-2.1247678,-0.90966135,1.6047918,-0.8478014,1.9788868,0.25916576,-1.8539292,-1.7701751,-1.5351266,0.5185686,2.3185282,1.8897977,-1.1346993,-1.526753,1.3763355,1.6857214,-0.83370805,0.21546035,-1.2869735,1.8416046,-0.9681515,-1.6320295,1.5074853,-2.332596,1.0172826,-1.1275028,-1.7513819,-1.9330163,1.3280565,-1.9098392,1.3179834,1.7293962,-2.035002,0.68868315,-2.1339922,-1.0575985,-2.181487,-1.1912271,1.8479544,1.7215128,0.10578375,-1.4901936,-1.6726303,-0.50000656,-2.9062166,-1.6622876,-0.21692449,1.9806633,1.6309808,2.4936006,-1.6068269,-1.4999411,-1.1373059,-2.5183635,-1.7550555
Hodgkin lymphoma cancer,1.2181033,1.0170363,1.7068403,1.1005973,2.927119,1.2454299,-2.1396105,-1.2195735,-0.5648982,1.5003105,1.9986811,-0.15132593,-1.3450028,1.0023298,-1.6372962,2.4136467,-2.0404885,1.8465834,1.2697556,1.9417232,2.7914116,-0.28175464,-1.6462861,-1.33663,2.8547082,-2.6786854,3.0105505,-2.3888829,-0.8946071,-3.2554736,-1.9037591,1.4625709,-1.9637783,1.6763936,-1.5723705,-2.3431535,2.046995,0.3468957,2.7855415,-3.470428,0.33622533,2.3738816,-2.870677,1.4187151,2.6397994,1.1511182,-1.0689874,-1.7125416,-2.039606,-1.5938449,-2.1619089,3.1313128,2.0546007,1.9172198,2.9426594,1.9794642,-0.103748575,1.4500211,1.5960058,1.3784918,2.4935412,-1.9254436,1.4094725,1.6991147,-1.6934988,-1.8787835,-1.6982392,-0.922682,2.1230776,2.1842465,-1.3352233,2.5897806,0.44542006,-2.2756915,-0.9760399,1.7209142,-0.91056824,2.1249557,0.2764553,-1.9935967,-1.8981246,-1.6440219,0.55544245,2.4848752,2.0253317,-1.2168713,-1.6351702,1.4731246,1.8078631,-0.8929826,0.22944038,-1.3805293,1.975595,-1.0330137,-1.7508243,1.6190256,-2.5022712,1.090317,-1.2101982,-1.8802626,-2.0745494,1.4269822,-2.0507457,1.4098362,1.8508614,-2.1844811,0.7408501,-2.2871509,-1.1353184,-2.3406813,-1.2777534,1.9822708,1.8436282,0.11239221,-1.5970953,-1.7963337,-0.5378567,-3.1144412,-1.7805518,-0.23229565,2.1236637,1.7546816,2.674153,-1.7212721,-1.6059867,-1.2147529,-2.7037544,-1.88207
adrenocortical carcinoma cancer,1.061322,0.8866371,1.4859543,0.9584987,2.5456684,1.0852008,-1.8616595,-1.0622936,-0.49341646,1.3063204,1.7394379,-0.12836769,-1.1666439,0.87408334,-1.4248301,2.0997005,-1.7752576,1.6071562,1.1063455,1.6901813,2.4277053,-0.24164182,-1.4331677,-1.1640404,2.482649,-2.3297267,2.61838,-2.0785387,-0.7795883,-2.8307757,-1.6568921,1.27403,-1.7089137,1.459619,-1.3695107,-2.0379496,1.7818992,0.3035163,2.422778,-3.0172775,0.29484588,2.0650826,-2.4965243,1.2352835,2.295948,1.0031805,-0.9321343,-1.4912328,-1.7749757,-1.3882666,-1.8809798,2.722871,1.7879846,1.6683685,2.5592456,1.7225521,-0.092956066,1.2622133,1.3893673,1.2006685,2.1690807,-1.6754547,1.2276129,1.4791889,-1.4741218,-1.6353867,-1.4784158,-0.8045966,1.8475149,1.9005078,-1.1630936,2.252549,0.38993877,-1.9799511,-0.8508608,1.4980799,-0.7937185,1.8489329,0.24308984,-1.7343985,-1.6518433,-1.4321575,0.48491943,2.161451,1.7625434,-1.0601475,-1.42412,1.2837663,1.5737512,-0.77864397,0.20159918,-1.2007631,1.7190399,-0.9009037,-1.5223581,1.4092187,-2.176611,0.95020795,-1.0541751,-1.6361961,-1.8050236,1.2424524,-1.7842222,1.2279221,1.6112264,-1.9004737,0.64645666,-1.9903754,-0.98916143,-2.0362864,-1.1129271,1.7250639,1.6054482,0.10001238,-1.3905463,-1.5633427,-0.46992734,-2.708495,-1.5503812,-0.20487995,1.8477339,1.526934,2.3263962,-1.4983479,-1.3990409,-1.0591029,-2.3516011,-1.6389452
prostate adenocarcinoma cancer,4.1803336,3.4778373,5.8754864,3.7874286,10.134862,4.274015,-7.393925,-4.193884,-1.9191836,5.165727,6.8940845,-0.5872107,-4.716122,3.4227552,-5.658603,8.343919,-7.0563946,6.374116,4.3548055,6.6909814,9.66472,-1.0367112,-5.6712317,-4.5980554,9.888696,-9.277582,10.421934,-8.256128,-3.0714464,-11.276387,-6.5701694,5.0198007,-6.7774153,5.770977,-5.4024196,-8.118816,7.0572243,1.1692103,9.638903,-12.039051,1.1211141,8.208286,-9.941141,4.88588,9.137508,3.9463017,-3.6507635,-5.890007,-7.039722,-5.4761744,-7.4743333,10.8479,7.087708,6.621551,10.186008,6.8301454,-0.31132418,5.006574,5.503345,4.739387,8.623823,-6.651566,4.8450646,5.8510666,-5.8393197,-6.477141,-5.8484507,-3.152994,7.3271055,7.545955,-4.589277,8.9625025,1.4949522,-7.860595,-3.344057,5.9329634,-3.121781,7.3453465,0.9071599,-6.899212,-6.552147,-5.6461754,1.8883075,8.594323,6.989827,-4.1796236,-5.621464,5.049504,6.233312,-3.0534892,0.75466424,-4.7780285,6.8249106,-3.5243216,-6.0687814,5.5876727,-8.657203,3.7384813,-4.1611857,-6.495709,-7.170185,4.91909,-7.09106,4.843447,6.3747106,-7.5544195,2.529278,-7.894378,-3.9004095,-8.094667,-4.3942275,6.844054,6.342738,0.34676248,-5.499819,-6.203512,-1.8253545,-10.782182,-6.128219,-0.75221705,7.3374424,6.066944,9.245754,-5.9317837,-5.5143876,-4.150967,-9.362686,-6.4777822
head and neck cancer,5.791937,4.818537,8.146592,5.2476587,14.055629,5.9207606,-10.250476,-5.810108,-2.6533294,7.1596303,9.559219,-0.82279575,-6.54915,4.741297,-7.8413606,11.571116,-9.781929,8.834635,6.0347524,9.276986,13.402957,-1.4494206,-7.8619714,-6.371896,13.712362,-12.863688,14.452757,-11.445602,-4.2531147,-15.642175,-9.107446,6.9585934,-9.397366,7.999212,-7.4879723,-11.254512,9.781937,1.6146091,13.367848,-16.695911,1.5459424,11.382314,-13.786782,6.771016,12.671679,5.466987,-5.057961,-8.16539,-9.759859,-7.589565,-10.361365,15.046216,9.828915,9.178971,14.127158,9.471274,-0.42166972,6.935843,7.626877,6.567141,11.958967,-9.220711,6.7143664,8.11203,-8.09413,-8.979054,-8.108428,-4.366899,10.160013,10.462346,-6.3582997,12.42863,2.0649533,-10.900847,-4.6304173,8.223257,-4.322308,10.181763,1.2501367,-9.562132,-9.083409,-7.8240104,2.6130688,11.918858,9.690973,-5.7902637,-7.7908792,6.9961305,8.639495,-4.2286935,1.0408918,-6.6256585,9.46164,-4.8830366,-8.416998,7.7435107,-12.004246,5.1784654,-5.7644386,-9.003796,-9.940047,6.8150744,-9.829853,6.713717,8.8383255,-10.473022,3.4987516,-10.94493,-5.4022737,-11.223016,-6.088169,9.487501,8.791198,0.473997,-7.6228337,-8.59766,-2.5229747,-14.955134,-8.494188,-1.0337814,10.173502,8.406608,12.8200445,-8.223289,-7.6416693,-5.7514744,-12.981651,-8.9765
aryngeal squamous cell carcinoma cancer,3.2100184,2.6712487,4.5092463,2.907484,7.773834,3.2820446,-5.67302,-3.219891,-1.4759941,3.9649878,5.2900996,-0.44463235,-3.6118789,2.6294584,-4.342143,6.4010825,-5.4138684,4.8915234,3.3438077,5.1347313,7.4133267,-0.78898513,-4.352408,-3.5296729,7.585055,-7.116728,7.994372,-6.3346496,-2.3587995,-8.648358,-5.041902,3.8538992,-5.200292,4.429416,-4.147386,-6.227965,5.4162393,0.900119,7.393841,-9.233054,0.86436,6.2969913,-7.6251297,3.7502022,7.0090623,3.0307238,-2.8044355,-4.521025,-5.4018836,-4.204169,-5.7347693,8.319994,5.438434,5.080756,7.8130903,5.2405977,-0.24378869,3.8426204,4.2237916,3.6386492,6.6157017,-5.1037364,3.7195122,4.4904513,-4.4813476,-4.970778,-4.4884925,-2.4222834,5.622106,5.789669,-3.5235643,6.875032,1.1512421,-6.030687,-2.5688043,4.553494,-2.3978615,5.635946,0.70064104,-5.2932763,-5.027606,-4.3350325,1.4516747,6.592741,5.363395,-3.2092497,-4.3153663,3.8778129,4.7839794,-2.3457406,0.5824533,-3.6651993,5.236573,-2.707629,-4.654507,4.2881794,-6.641159,2.871109,-3.1949022,-4.984291,-5.501325,3.7759469,-5.4405146,3.7181165,4.8921943,-5.7958,1.9440607,-6.0575876,-2.9951684,-6.2100997,-3.3736725,5.2516885,4.868841,0.27008402,-4.221365,-4.760489,-1.4041145,-8.270081,-4.7037954,-0.582189,5.629471,4.6556034,7.0930986,-4.55222,-4.233764,-3.1884437,-7.182105,-4.972602
medullary thyroid cancer,3.2624476,2.7158096,4.584633,2.9543698,7.9012055,3.3352463,-5.765122,-3.271645,-1.4987257,4.029815,5.3776627,-0.45164773,-3.6711547,2.6731994,-4.410992,6.5065327,-5.5011015,4.9703946,3.399234,5.21993,7.534512,-0.80333346,-4.4242353,-3.5872328,7.708117,-7.231622,8.124977,-6.437293,-2.3961048,-8.791466,-5.1237855,3.918553,-5.286098,4.5022893,-4.216112,-6.3271446,5.50441,0.9137741,7.5153747,-9.3824415,0.8772303,6.4002814,-7.749872,3.8111095,7.1237473,3.0801783,-2.8514543,-4.5962925,-5.4903183,-4.273508,-5.827273,8.456748,5.5289702,5.163184,7.941601,5.3276052,-0.24623516,3.9028506,4.291907,3.697762,6.72423,-5.186444,3.780485,4.56506,-4.554429,-5.0523005,-4.563004,-2.4620275,5.7150435,5.884323,-3.5805504,6.9874787,1.1694012,-6.130492,-2.6097467,4.6274343,-2.4358447,5.7266026,0.7117022,-5.377321,-5.10973,-4.406149,1.4751378,6.7013326,5.4514823,-3.2611551,-4.3863635,3.9415643,4.8615904,-2.3839207,0.59202564,-3.7250025,5.3217583,-2.753329,-4.7305007,4.3569083,-6.749467,2.9176702,-3.246102,-5.0646286,-5.590448,3.8358765,-5.5281863,3.7800636,4.973547,-5.8895445,1.9740567,-6.1568527,-3.0428996,-6.3110285,-3.428083,5.3370385,4.948831,0.27407187,-4.290381,-4.836811,-1.425555,-8.406535,-4.781149,-0.5907454,5.7216454,4.728847,7.2090616,-4.6272316,-4.303498,-3.241974,-7.29817,-5.0532346
colon adenocarcinoma cancer,0.9199294,0.7692877,1.2871004,0.8302983,2.2017062,0.9406813,-1.6109273,-0.9203445,-0.42877862,1.1314313,1.5058482,-0.107587196,-1.0058172,0.75864446,-1.2329093,1.8167251,-1.5358683,1.3910416,0.9591958,1.463604,2.0997105,-0.20566356,-1.2411761,-1.0084426,2.1469526,-2.0147328,2.2646713,-1.7984947,-0.675696,-2.4481053,-1.4341447,1.1043044,-1.4792447,1.2642978,-1.1867801,-1.7622801,1.5427555,0.2642905,2.0957098,-2.6083052,0.2573872,1.7866958,-2.1591256,1.0698686,1.9859008,0.86975765,-0.8090113,-1.2919265,-1.5363241,-1.2030122,-1.6273763,2.354666,1.5478193,1.4439014,2.2136154,1.4911765,-0.083028644,1.0923955,1.2028786,1.0402282,1.8765147,-1.4499052,1.0637052,1.281137,-1.2762765,-1.4159427,-1.2804105,-0.6981741,1.5991644,1.6446354,-1.0077851,1.9484507,0.33988333,-1.7134856,-0.7377815,1.297019,-0.68818134,1.5997581,0.21295911,-1.5002519,-1.4297916,-1.2411867,0.42134887,1.8699626,1.5256909,-0.91877645,-1.2339646,1.1130925,1.3625007,-0.6755615,0.1765747,-1.0386298,1.4876441,-0.78203744,-1.316272,1.2198112,-1.8829147,0.8238344,-0.9133277,-1.4159223,-1.5618593,1.0757158,-1.5436788,1.0641557,1.3954406,-1.6442107,0.5610756,-1.722778,-0.8571312,-1.7617011,-0.9641601,1.4930466,1.3907213,0.08880198,-1.2043227,-1.3529725,-0.40845615,-2.3426173,-1.342958,-0.18003057,1.5989792,1.3210281,2.0128303,-1.2974927,-1.2126037,-0.91907144,-2.0337565,-1.4196147
familial ovarian cancer,7.9367995,6.6016893,11.167359,7.19174,19.273872,8.112775,-14.053086,-7.9620442,-3.631701,9.813298,13.105155,-1.1370443,-8.989044,6.495077,-10.748789,15.865552,-13.410889,12.110623,8.269568,12.717372,18.378567,-1.997632,-10.776839,-8.7328205,18.80269,-17.63839,19.817883,-15.691696,-5.8270392,-21.451174,-12.485013,9.537048,-12.883471,10.964201,-10.262517,-15.430987,13.408778,2.2082906,18.330343,-22.896019,2.1123972,15.606475,-18.905222,9.280348,17.375479,7.490882,-6.9292746,-11.192194,-13.380136,-10.401537,-14.205313,20.633389,13.475547,12.5834255,19.371973,12.984909,-0.5698439,9.506399,10.454113,9.0000515,16.397587,-12.640884,9.201953,11.119838,-11.095266,-12.308642,-11.114998,-5.9821525,13.929373,14.343946,-8.713315,17.04197,2.8239927,-14.945975,-6.343486,11.272036,-5.921275,13.958543,1.7067183,-13.109142,-12.45245,-10.722111,3.5777185,16.342812,13.285527,-7.9343266,-10.677546,9.586356,11.842574,-5.7927675,1.4215096,-9.084934,12.971435,-6.689602,-11.542641,10.614275,-16.459333,7.0952706,-7.89927,-12.343152,-13.627482,9.340443,-13.476463,9.2014885,12.115607,-14.358678,4.7907934,-15.004799,-7.402424,-15.3874235,-8.343407,13.006292,12.049403,0.6435054,-10.448332,-11.785757,-3.4528549,-20.507965,-11.642526,-1.4092282,13.948023,11.523763,17.57727,-11.272376,-10.472161,-7.8798018,-17.799969,-12.302715
ER negative cancer,0.91259766,0.7631025,1.276616,0.82374924,2.1839168,0.93324953,-1.5980575,-0.9131029,-0.4255867,1.1223866,1.4936383,-0.10660646,-0.9975495,0.7525669,-1.2232615,1.8020127,-1.5236604,1.3799957,0.9514876,1.4517386,2.0827832,-0.20368639,-1.2311784,-1.0004162,2.1297426,-1.9986387,2.2464178,-1.7841297,-0.67046857,-2.4281657,-1.4226816,1.0953037,-1.4672827,1.2541494,-1.1772059,-1.7483807,1.5304209,0.26237828,2.0787346,-2.5873947,0.25557756,1.7722839,-2.1417036,1.0613713,1.9698908,0.86284065,-0.8024859,-1.2814449,-1.5239605,-1.1933405,-1.6144129,2.3355818,1.5351992,1.4323906,2.1956823,1.4790716,-0.082665905,1.083923,1.1933459,1.031952,1.861352,-1.4383401,1.0552058,1.2707568,-1.2660661,-1.4045572,-1.270032,-0.6926305,1.5861934,1.6314133,-0.9998134,1.9327487,0.3373523,-1.6995744,-0.7320294,1.286668,-0.68285847,1.5870616,0.21140273,-1.488469,-1.4183335,-1.231263,0.4180819,1.8548219,1.5134104,-0.911527,-1.2240784,1.104193,1.3516335,-0.67023504,0.17525382,-1.0302742,1.475747,-0.77568036,-1.3056462,1.2101897,-1.8677901,0.8173288,-0.90615827,-1.4046813,-1.5494021,1.067297,-1.531413,1.055547,1.3841251,-1.6311041,0.5568567,-1.7089112,-0.8504274,-1.7475964,-0.9565391,1.4811171,1.3795474,0.08823464,-1.1946907,-1.3422779,-0.40543696,-2.3235812,-1.3321768,-0.17881645,1.5861224,1.3107264,1.9966444,-1.2870466,-1.2028956,-0.9116421,-2.0175045,-1.4083413
B cell lymphoma cancer,3.7133393,3.0902545,5.2189713,3.3634026,8.998328,3.7962706,-6.5649796,-3.724463,-1.7049896,4.5877333,6.122703,-0.51805925,-4.1843066,3.0415132,-5.0233207,7.4091387,-6.2647395,5.659678,3.8687189,5.942693,8.580753,-0.91813666,-5.036801,-4.083666,8.77892,-8.236259,9.253137,-7.3304906,-2.7275724,-10.012207,-5.834155,4.4598274,-6.018718,5.125478,-4.7989883,-7.206584,6.267086,1.0390282,8.558516,-10.686929,0.99680275,7.2883387,-8.826118,4.33889,8.1128025,3.5056462,-3.2442815,-5.2320065,-6.2514086,-4.864381,-6.636054,9.631276,6.2949185,5.8793173,9.044086,6.065797,-0.2779605,4.444495,4.886762,4.2093797,7.657335,-5.905913,4.3033953,5.196908,-5.1855025,-5.7522144,-5.194598,-2.8014774,6.5070696,6.700461,-4.075922,7.957515,1.3291873,-6.9804745,-2.9703007,5.268632,-2.7725377,6.521394,0.80771995,-6.1243043,-5.818144,-5.0152926,1.6780211,7.6312027,6.207102,-3.7121713,-4.9930606,4.4858856,5.535281,-2.7127771,0.67193466,-4.2421756,6.0599422,-3.132365,-5.387791,4.961138,-7.686375,3.3207822,-3.695387,-5.7672925,-6.3661733,4.3676257,-6.2955413,4.3025627,5.6619797,-6.7070427,2.2464495,-7.010339,-3.463917,-7.186947,-3.9025295,6.0771294,5.633616,0.30976933,-4.8844213,-5.5078154,-1.6216675,-9.573573,-5.4428644,-0.66995645,6.515243,5.385559,8.209366,-5.268056,-4.898332,-3.6887245,-8.311932,-5.7528324
B-cell non-Hodgkin lymphoma cancer,1.9192739,1.5992919,2.6932786,1.7365746,4.633135,1.9622875,-3.3833132,-1.9236513,-0.88555926,2.3678436,3.1572652,-0.254528,-2.1428845,1.5750587,-2.589316,3.8172085,-3.2278626,2.9183812,1.9997921,3.0656466,4.418282,-0.46029913,-2.5987911,-2.1085353,4.5197325,-4.2408476,4.764832,-3.777767,-1.4099579,-5.1537204,-3.0083878,2.3043523,-3.1030097,2.6454058,-2.4787693,-3.7105074,3.2329698,0.54158264,4.407665,-5.4988065,0.5220893,3.7547727,-4.5441995,2.2393398,4.177726,1.8127543,-1.6798506,-2.701133,-3.2231402,-2.512681,-3.4195452,4.9576855,3.2457368,3.030718,4.6570225,3.1273394,-0.15301053,2.2921705,2.5209537,2.174083,3.9445405,-3.0441625,2.2225716,2.6816354,-2.6747997,-2.967161,-2.6804025,-1.4505371,3.3547573,3.4533336,-2.1055012,4.0981445,0.6938287,-3.5974326,-1.536703,2.7179875,-1.4340551,3.360779,0.42578718,-3.1549947,-2.999647,-2.591246,0.87088233,3.930799,3.2002814,-1.9181484,-2.5785503,2.3195863,2.8554618,-1.4043305,0.35368046,-2.1847112,3.123406,-1.6225182,-2.7729106,2.558513,-3.9590993,1.717136,-1.9087828,-2.97283,-3.2807145,2.2537994,-3.2438812,2.2223213,2.9213765,-3.4556024,1.164337,-3.6143389,-1.7899871,-3.7026637,-2.0155108,3.1330707,2.9085212,0.16791166,-2.5208101,-2.839678,-0.84274566,-4.929208,-2.8094988,-0.35545927,3.3576505,2.7757614,4.229561,-2.7177174,-2.5309188,-1.9094796,-4.280097,-2.96991
squamous cell carcinoma cancer,1.2797642,1.0685816,1.7941802,1.1561849,3.0769842,1.3082548,-2.2485244,-1.281079,-0.59254545,1.5765152,2.1009,-0.16006808,-1.4149178,1.0530075,-1.719967,2.5372095,-2.1441958,1.9402854,1.3342206,2.0409586,2.9341986,-0.29783815,-1.7301908,-1.4043659,3.0004492,-2.815237,3.16452,-2.5104804,-0.9393755,-3.4227352,-2.000598,1.5372822,-2.0641418,1.7616718,-1.6524153,-2.462039,2.1510623,0.36359537,2.9282436,-3.6477802,0.35211325,2.4952352,-3.0175884,1.4906033,2.7748086,1.2092974,-1.1231886,-1.7999796,-2.143646,-1.6748713,-2.2718623,3.2918882,2.1599214,2.0146966,3.0934563,2.0807722,-0.10755704,1.5229326,1.6768706,1.4483091,2.6211123,-2.023373,1.4809732,1.7858928,-1.7796255,-1.9745153,-1.7849901,-0.9691884,2.2317128,2.2956915,-1.4026802,2.7221944,0.46704176,-2.3922439,-1.0249631,1.8083394,-0.9560869,2.232861,0.2895672,-2.0944927,-1.994795,-1.7273887,0.583079,2.6121128,2.128649,-1.2782618,-1.7182142,1.5477318,1.8996892,-0.93788457,0.24044484,-1.4510691,2.076182,-1.0855192,-1.8404982,1.7009532,-2.630022,1.1452756,-1.271169,-1.975717,-2.1800911,1.4989116,-2.1549535,1.4816858,1.945432,-2.2956378,0.77737355,-2.4038303,-1.1924008,-2.4599907,-1.3423121,2.0831208,1.9374113,0.11722636,-1.6782423,-1.8873497,-0.56408936,-3.2742498,-1.8711213,-0.24287163,2.2320316,1.8431841,2.8106787,-1.8090023,-1.6874614,-1.2764236,-2.8415892,-1.9773915
castration-resistant prostate cancer,1.625198,1.3551488,2.2798042,1.4694494,3.9173188,1.6613623,-2.8611658,-1.627962,-0.7505898,2.0037758,2.6714697,-0.2109052,-1.8078557,1.3349217,-2.189086,3.2284722,-2.7291992,2.4684038,1.6936122,2.5943644,3.7355504,-0.3856209,-2.199155,-1.784507,3.8207238,-3.5849986,4.028708,-3.1947753,-1.1933192,-4.357473,-2.5448666,1.9517463,-2.6251585,2.238793,-2.0987275,-3.135836,2.7353606,0.45951742,3.7272632,-4.647165,0.44373348,3.1753335,-3.8419077,1.8947576,3.5322948,1.5352633,-1.4238287,-2.2867444,-2.7266955,-2.1273859,-2.8916025,4.1914034,2.7464979,2.5631595,3.9378064,2.6458907,-0.13194342,1.9381071,2.1325848,1.8403201,3.335865,-2.5745006,1.8813813,2.269609,-2.263,-2.510611,-2.2686064,-1.2291511,2.8383548,2.9208236,-1.7821722,3.4651496,0.58936715,-3.0431175,-1.3013363,2.2996128,-1.2140429,2.8417978,0.36319503,-2.6668236,-2.5372937,-2.1939065,0.73839134,3.3241706,2.7072554,-1.6236893,-2.1827116,1.9646496,2.4158702,-1.1897211,0.30154377,-1.8472018,2.6415539,-1.3757414,-2.344023,2.1638455,-3.3475964,1.4540437,-1.6153784,-2.5140026,-2.774264,1.9064698,-2.7427747,1.8816323,2.4724526,-2.921835,0.9861437,-3.0575829,-1.5150975,-3.1309087,-1.7058417,2.6500244,2.4619627,0.14463574,-2.133196,-2.4014795,-0.71441364,-4.1680193,-2.377813,-0.3036543,2.8397489,2.3465664,3.576761,-2.2996333,-2.1428616,-1.6183451,-3.6182973,-2.513301
gallbladder carcinoma,1.5603101,1.3009131,2.1878774,1.411011,3.7596586,1.5952914,-2.7466314,-1.563293,-0.7215609,1.9236213,2.5638933,-0.2017545,-1.7343456,1.281595,-2.1022162,3.0984643,-2.620157,2.3698578,1.6257887,2.4899375,3.585357,-0.3686758,-2.1108959,-1.7132742,3.6674526,-3.4413834,3.8667343,-3.0668788,-1.1462756,-4.1814957,-2.4429877,1.8730744,-2.5195625,2.1490946,-2.01449,-3.0108886,2.625874,0.44200176,3.5771096,-4.460658,0.42706877,3.0476804,-3.6873713,1.8191723,3.390287,1.4740372,-1.3667821,-2.194711,-2.617221,-2.0421169,-2.775954,4.022477,2.6356282,2.460666,3.7791605,2.539305,-0.12798738,1.8614869,2.0475478,1.7668579,3.2016368,-2.4715123,1.8061717,2.178299,-2.1724033,-2.4098856,-2.1773088,-1.1802158,2.7240167,2.803584,-1.7112224,3.3258672,0.5666564,-2.9204767,-1.2498752,2.2076364,-1.1662041,2.7283337,0.34938797,-2.5607905,-2.4356265,-2.1061928,0.7093407,3.1903186,2.5985787,-1.5591366,-2.0953603,1.8861319,2.319266,-1.1424943,0.28997365,-1.7730057,2.5357735,-1.3204321,-2.2496877,2.077719,-3.2132378,1.3962392,-1.5512731,-2.4136353,-2.6632812,1.8308431,-2.633211,1.8060285,2.3729436,-2.8049536,0.9477837,-2.9348176,-1.4550631,-3.0054336,-1.6379364,2.5439541,2.3632653,0.13954371,-2.0478375,-2.3057818,-0.6868678,-3.9998693,-2.2825341,-0.2925403,2.7257729,2.2535489,3.4331648,-2.2073503,-2.0571566,-1.5534304,-3.4733386,-2.4130423
bladder urothelial carcinoma cancer,3.8232405,3.18266,5.375705,3.461638,9.264938,3.9076946,-6.7579646,-3.833143,-1.753046,4.723235,6.305477,-0.53285766,-4.308204,3.1323395,-5.168318,7.62949,-6.447966,5.8254857,3.9839911,6.1202173,8.834473,-0.9475328,-5.1864123,-4.203929,9.037093,-8.477869,9.526812,-7.546012,-2.8061278,-10.310691,-6.0061193,4.594365,-6.197809,5.2773743,-4.9422297,-7.4154654,6.452064,1.0678182,8.812872,-11.000737,1.024103,7.5042534,-9.087231,4.4662538,8.352725,3.60934,-3.3417296,-5.388774,-6.436733,-5.00918,-6.830685,9.917167,6.483752,6.0519223,9.312722,6.246858,-0.28363478,4.572041,5.029818,4.33353,7.8845596,-6.0793962,4.4306765,5.352152,-5.3385534,-5.922796,-5.3498735,-2.8844907,6.701311,6.898651,-4.1955075,8.192848,1.3671538,-7.1886907,-3.056759,5.4239144,-2.8525167,6.7120132,0.8310984,-6.301404,-5.989826,-5.1639166,1.7269545,7.857922,6.3910146,-3.8208847,-5.1410327,4.619173,5.698321,-2.7925801,0.69163007,-4.367439,6.2383103,-3.2273147,-5.547129,5.1056004,-7.9131007,3.418322,-3.803024,-5.935997,-6.5530114,4.4942164,-6.479622,4.431255,5.831198,-6.9036837,2.3100028,-7.2181425,-3.5646794,-7.3984566,-4.0169177,6.2560244,5.8010273,0.31832796,-5.0287514,-5.6684337,-1.6671816,-9.858658,-5.604283,-0.68830824,6.7078495,5.540608,8.451921,-5.424411,-5.0436134,-3.7996745,-8.555876,-5.9219155
HER3+ negative cancer,1.364964,1.1414552,1.9180355,1.2306428,3.2827,1.3935258,-2.3958437,-1.3633903,-0.6272557,1.6809635,2.243893,-0.16993704,-1.5095661,1.124572,-1.8274976,2.7083862,-2.2828965,2.0663166,1.4244837,2.1800604,3.129354,-0.32220507,-1.8464413,-1.4967041,3.1973276,-2.998816,3.375153,-2.6750548,-0.99771225,-3.6550925,-2.1325626,1.6445172,-2.2035146,1.8793594,-1.7647495,-2.617696,2.293408,0.38391477,3.1255028,-3.8862886,0.37116656,2.6619432,-3.2185702,1.5878305,2.9594276,1.2896731,-1.2006141,-1.9235307,-2.2870917,-1.7879844,-2.4198952,3.5129943,2.3087122,2.1462324,3.3015475,2.2223382,-0.10961558,1.6167271,1.785552,1.5439378,2.7970052,-2.1556902,1.5793955,1.9075847,-1.8973742,-2.1067147,-1.9068323,-1.033836,2.3836188,2.448454,-1.4940568,2.9033208,0.49533165,-2.5547826,-1.0903894,1.9275745,-1.0156981,2.3770845,0.30767688,-2.2261024,-2.1267061,-1.8427446,0.62039435,2.787879,2.270855,-1.3611182,-1.8329594,1.6517383,2.0247579,-0.99932265,0.25593904,-1.5472491,2.2126384,-1.1620241,-1.9630115,1.809712,-2.8038557,1.2200565,-1.3524683,-2.1035492,-2.322345,1.5936295,-2.2942617,1.5829089,2.0781534,-2.4450529,0.8234019,-2.5646372,-1.2684155,-2.621654,-1.4295573,2.2200675,2.0677435,0.123712406,-1.7895648,-2.008518,-0.5967661,-3.4959042,-1.9963528,-0.2560267,2.3803391,1.9576848,2.9972146,-1.930329,-1.8003623,-1.3647228,-3.027088,-2.1068027
small cell lung cancer,1.4203963,1.1857074,1.9925704,1.2835314,3.4191036,1.4519094,-2.4976902,-1.4220084,-0.65645766,1.7505089,2.3335848,-0.18054295,-1.5748317,1.1681861,-1.9101588,2.818891,-2.3818462,2.1548424,1.4809268,2.2667701,3.2603557,-0.33397877,-1.9214447,-1.5591427,3.3339417,-3.1279361,3.5161963,-2.7886572,-1.0423424,-3.8038616,-2.221921,1.7066782,-2.2928474,1.9561737,-1.8345284,-2.7352982,2.3887656,0.4023547,3.2536738,-4.0538735,0.3890598,2.772222,-3.3531284,1.6550573,3.0831797,1.3419948,-1.2461559,-1.9987061,-2.381007,-1.8593732,-2.5236037,3.6582773,2.3993108,2.2377694,3.4374185,2.3113978,-0.117034644,1.6909474,1.8620493,1.6077551,2.9121528,-2.2474525,1.6441214,1.9833405,-1.976354,-2.1928601,-1.9823385,-1.0751525,2.479025,2.5501595,-1.5569769,3.0246246,0.5167347,-2.6576722,-1.1370916,2.0081205,-1.0607077,2.4801621,0.31948137,-2.3265283,-2.215659,-1.917472,0.6463118,2.902288,2.3643956,-1.4187492,-1.9075887,1.7176579,2.109569,-1.0404328,0.26546034,-1.6122607,2.3061976,-1.2042845,-2.0453587,1.8888961,-2.9220235,1.2708985,-1.4109485,-2.1944165,-2.4216723,1.6641266,-2.3937643,1.645046,2.1605837,-2.5501695,0.86176944,-2.6700368,-1.323306,-2.7328737,-1.4900374,2.313714,2.1511166,0.12830707,-1.8634992,-2.0960627,-0.6247992,-3.6384943,-2.0776412,-0.26735908,2.479511,2.0469656,3.1225476,-2.0090356,-1.873174,-1.4162894,-3.1571693,-2.1953506
primary central nervous system lymphomas cancer,0.87922734,0.7359151,1.2305473,0.7930354,2.1025393,0.89885503,-1.5382681,-0.87903696,-0.40956673,1.0810133,1.4389957,-0.10124666,-0.9592696,0.72578394,-1.1765158,1.7354403,-1.4661853,1.328222,0.9171593,1.3988518,2.005007,-0.19574425,-1.1861024,-0.9635159,2.0495868,-1.9231467,2.1625373,-1.7172893,-0.6451867,-2.3383677,-1.3696889,1.0562196,-1.4133571,1.2081778,-1.1345723,-1.6814365,1.4736662,0.25254387,2.0016334,-2.489459,0.24610394,1.7064989,-2.061744,1.0219712,1.8964213,0.83134377,-0.774131,-1.2351315,-1.4675854,-1.1499476,-1.5536573,2.2486703,1.4793367,1.3788221,2.1141913,1.4250188,-0.07958962,1.0422338,1.1486784,0.9938765,1.7922771,-1.3844942,1.0165434,1.2245766,-1.2191505,-1.3528076,-1.2238566,-0.66764504,1.5280406,1.5708224,-0.96277225,1.8606834,0.32524154,-1.6371636,-0.7047962,1.2388546,-0.6572354,1.5271817,0.20425543,-1.4314938,-1.3656816,-1.1863053,0.4029504,1.7861843,1.4575349,-0.8777883,-1.1793532,1.0641575,1.3013546,-0.64582855,0.16947147,-0.9917709,1.4206693,-0.74856454,-1.2567246,1.1645359,-1.7979987,0.7872843,-0.87227666,-1.3518351,-1.4913,1.0268455,-1.4736598,1.0174913,1.3338405,-1.5697713,0.53570414,-1.645723,-0.818573,-1.682169,-0.9209811,1.4258847,1.3290672,0.0855153,-1.1506424,-1.2916036,-0.39011866,-2.2375708,-1.2833713,-0.1725879,1.5272405,1.2603137,1.9223182,-1.2398239,-1.1591206,-0.8794314,-1.9413931,-1.3561107
malignant pleural mesothelioma cancer,1.2646315,1.0553917,1.77184,1.1430074,3.0404012,1.2931266,-2.222419,-1.2665637,-0.58654743,1.5579047,2.075301,-0.15838803,-1.3980795,1.0400815,-1.7011685,2.5066533,-2.1197462,1.9180826,1.3179712,2.0159829,2.8995216,-0.29331708,-1.7093376,-1.3879142,2.965632,-2.7829125,3.1271396,-2.4814065,-0.9291723,-3.381128,-1.9772696,1.5179356,-2.0392106,1.7405959,-1.6322508,-2.4348006,2.1258464,0.36008728,2.893122,-3.6057084,0.34886518,2.4655237,-2.9818609,1.4733206,2.7419655,1.195028,-1.1091461,-1.7777609,-2.1181648,-1.6546391,-2.2458127,3.2524748,2.1332192,1.9913723,3.0563476,2.055315,-0.1073807,1.5067062,1.6576971,1.4313935,2.5898256,-1.9999672,1.4633925,1.7639986,-1.7587117,-1.9509728,-1.7631137,-0.9576347,2.2045703,2.2685425,-1.3865217,2.6899896,0.46203557,-2.3631322,-1.0135254,1.7872577,-0.9456518,2.2074828,0.28639048,-2.071497,-1.97131,-1.706804,0.57642084,2.580708,2.1032522,-1.2635735,-1.6976585,1.5291642,1.8775904,-0.9269391,0.23761,-1.4339976,2.0519655,-1.0716615,-1.8187798,1.6818249,-2.599148,1.132009,-1.2568647,-1.9531721,-2.154916,1.4824,-2.1303852,1.4634211,1.9215386,-2.2692277,0.7694445,-2.3752213,-1.1791141,-2.4313421,-1.3269315,2.0588527,1.9141889,0.11611991,-1.6584193,-1.8660694,-0.55848897,-3.2346623,-1.848727,-0.2406562,2.2055984,1.8233463,2.7774901,-1.7872685,-1.667216,-1.2604072,-2.8088923,-1.9544725
glioblastoma  cancer,1.4227186,1.1877768,1.9962335,1.2851421,3.4243946,1.4539452,-2.501137,-1.4238261,-0.6568786,1.7531291,2.337628,-0.18044628,-1.5769982,1.1702279,-1.9120605,2.8234928,-2.384902,2.1577759,1.4834064,2.2706873,3.2652388,-0.3348755,-1.9244711,-1.5613607,3.3385673,-3.132208,3.521547,-2.7926157,-1.0433921,-3.810106,-2.22526,1.710095,-2.2966082,1.9591808,-1.8377224,-2.7382414,2.3924248,0.4024629,3.2589808,-4.0593677,0.38914052,2.7764723,-3.3581777,1.6572771,3.0877764,1.3441874,-1.2484791,-2.0023422,-2.3848507,-1.8625438,-2.5271072,3.6640084,2.4037395,2.2407684,3.4428892,2.3152611,-0.11664501,1.6925578,1.8645353,1.6102641,2.9168243,-2.2505593,1.6466304,1.9867321,-1.9793137,-2.1963873,-1.9858159,-1.0769204,2.4833612,2.5540621,-1.5591757,3.029164,0.5172101,-2.6621563,-1.1386256,2.011156,-1.0618337,2.4833634,0.32001257,-2.3289464,-2.2188685,-1.920552,0.6471265,2.906885,2.3680232,-1.4206454,-1.9105405,1.7205795,2.1127338,-1.041954,0.26585755,-1.6146376,2.309436,-1.2068845,-2.0484633,1.8911661,-2.9262292,1.272723,-1.4127146,-2.1972544,-2.4249299,1.6660922,-2.396807,1.6479061,2.1642885,-2.553542,0.86238974,-2.6742887,-1.3250244,-2.736713,-1.4921411,2.3170242,2.1547427,0.12848979,-1.8663244,-2.0986955,-0.62518495,-3.6444845,-2.0809202,-0.26754883,2.4831805,2.0490406,3.1271574,-2.0121794,-1.8761232,-1.4189764,-3.1614933,-2.1984906
invasive breast ductal carcinoma cancer,2.0351586,1.6972997,2.8594675,1.8397608,4.91413,2.079536,-3.5862756,-2.0377276,-0.93550414,2.5106828,3.3505156,-0.26971623,-2.2732832,1.6713446,-2.7408416,4.0498323,-3.4201536,3.0924792,2.1218073,3.2534845,4.6855273,-0.4918629,-2.7568712,-2.2352347,4.791113,-4.4945,5.053063,-4.0043187,-1.4920732,-5.4690933,-3.189303,2.447196,-3.2921908,2.8057895,-2.6303475,-3.9289713,3.4277217,0.5714107,4.675997,-5.8283687,0.5502768,3.9824448,-4.819282,2.3733559,4.4305086,1.9220839,-1.7833631,-2.8671994,-3.4185152,-2.6657233,-3.6238842,5.2592244,3.4456933,3.2122183,4.9404483,3.3189077,-0.15827844,2.4250789,2.671187,2.3047805,4.1841526,-3.226535,2.3568647,2.8459716,-2.8360054,-3.147106,-2.844738,-1.5382228,3.5600483,3.6621604,-2.2312398,4.346078,0.73361164,-3.81753,-1.6273098,2.881369,-1.5177124,3.560759,0.4503825,-3.3401086,-3.1805174,-2.748117,0.9223971,4.170112,3.3943179,-2.0324605,-2.7348154,2.460389,3.0269637,-1.4884385,0.37460405,-2.3165958,3.311099,-1.7235688,-2.9406676,2.7099476,-4.197786,1.8197994,-2.0216758,-3.149921,-3.4770947,2.3861935,-3.4370801,2.3586888,3.1005378,-3.662178,1.2303798,-3.8334625,-1.8955343,-3.9251463,-2.1356893,3.321288,3.0852518,0.17684698,-2.6729527,-3.0080585,-0.88995034,-5.2302294,-2.9799273,-0.37443775,3.5606656,2.9374595,4.485105,-2.8828547,-2.6844225,-2.0273676,-4.536271,-3.1477776
Splenic lymphoma cancer,3.7400637,3.1124554,5.2566113,3.3875723,9.063298,3.8235416,-6.612285,-3.751227,-1.7171272,4.6207604,6.166882,-0.52193326,-4.2146482,3.0633523,-5.059438,7.462614,-6.3098755,5.700443,3.896543,5.9855485,8.642689,-0.92498004,-5.0730805,-4.1130347,8.842259,-8.29568,9.319936,-7.3833356,-2.7471263,-10.0845375,-5.876211,4.491988,-6.0621305,5.162374,-4.833552,-7.258489,6.3122506,1.0463754,8.620326,-10.764071,1.0038165,7.3409166,-8.88983,4.3700957,8.171344,3.5308638,-3.2675967,-5.2697253,-6.296505,-4.8994102,-6.683901,9.700836,6.3403745,5.9216595,9.109392,6.1095414,-0.27976507,4.4764404,4.9219365,4.2396865,7.712612,-5.9484673,4.334357,5.234363,-5.2228603,-5.7936797,-5.2320547,-2.8215966,6.5540433,6.7487874,-4.1052303,8.014935,1.3386083,-7.030857,-2.9916296,5.3065977,-2.7924078,6.568374,0.81341726,-6.168376,-5.8600626,-5.05138,1.6900097,7.686277,6.2518406,-3.738838,-5.0289865,4.5181594,5.575168,-2.732241,0.67666495,-4.272784,6.103607,-3.1549153,-5.4267063,4.996833,-7.741813,3.3446374,-3.7219388,-5.8088303,-6.4120383,4.3990383,-6.340894,4.3335433,5.7027926,-6.7553725,2.262488,-7.0608993,-3.488813,-7.238763,-3.930604,6.1209197,5.674214,0.3118872,-4.919591,-5.5474725,-1.6332062,-9.64273,-5.4820547,-0.67462367,6.562212,5.4243073,8.268567,-5.3060055,-4.9335594,-3.7152443,-8.371892,-5.794229
breast invasive carcinoma cancer,4.299287,3.5776575,6.04479,3.8939412,10.423517,4.3947353,-7.6030574,-4.3117437,-1.9715024,5.3124337,7.0917225,-0.6034095,-4.850358,3.520883,-5.8161187,8.582342,-7.2551026,6.553893,4.479419,6.882895,9.939483,-1.0683101,-5.833073,-4.728291,10.168506,-9.539547,10.718311,-8.489706,-3.1567752,-11.59926,-6.7564697,5.1650367,-6.97115,5.9353385,-5.5572696,-8.345651,7.257565,1.2006013,9.914172,-12.379273,1.150916,8.442021,-10.223898,5.023878,9.397314,4.058543,-3.7559593,-6.059403,-7.240334,-5.6327744,-7.6853514,11.15735,7.291771,6.808612,10.476741,7.025899,-0.31775934,5.145267,5.6584506,4.8738537,8.869785,-6.839578,4.9828224,6.018876,-6.00507,-6.6617575,-6.016305,-3.242796,7.5371585,7.760551,-4.718867,9.21734,1.5361614,-8.085774,-3.4378543,6.1011834,-3.208634,7.552093,0.93247616,-7.0915866,-6.7380733,-5.807,1.9413226,8.839662,7.1888795,-4.297439,-5.781563,5.193674,6.409947,-3.1398954,0.7759364,-4.9137077,7.018158,-3.6267147,-6.241358,5.7444057,-8.902793,3.8441417,-4.277946,-6.678652,-7.3727016,5.0565476,-7.290695,4.9825053,6.5576153,-7.7675996,2.5984645,-8.119311,-4.0097466,-8.32385,-4.5182157,7.0378695,6.5238576,0.35605484,-5.656081,-6.377771,-1.8749399,-11.090616,-6.3028812,-0.7722281,7.5459847,6.235486,9.508427,-6.1009464,-5.671552,-4.2707286,-9.627155,-6.660983
pilocytic astrocytoma cancer,3.787567,3.1546404,5.3282948,3.4277027,9.177398,3.8702233,-6.692564,-3.7954102,-1.7341608,4.678705,6.2480936,-0.5260577,-4.2664495,3.1046643,-5.1149955,7.5587115,-6.384248,5.7683787,3.9480941,6.064901,8.750395,-0.9402372,-5.138624,-4.1639886,8.949213,-8.394546,9.436161,-7.472829,-2.7773378,-10.2156725,-5.9485064,4.554737,-6.140692,5.228384,-4.897692,-7.3395624,6.390662,1.0559574,8.730591,-10.892767,1.0125194,7.433625,-9.000894,4.423218,8.273392,3.5756536,-3.3129103,-5.3408227,-6.37633,-4.963482,-6.7636967,9.824095,6.425827,5.99321,9.225671,6.1901736,-0.27868524,4.5238414,4.9805474,4.292366,7.8106027,-6.0203824,4.3893046,5.3039284,-5.2878428,-5.8675146,-5.301688,-2.8580415,6.6401434,6.8333507,-4.1550026,8.115034,1.3534812,-7.1229377,-3.026449,5.371982,-2.823473,6.645535,0.8234024,-6.236555,-5.9328723,-5.1160474,1.7104322,7.7847595,6.331214,-3.7839084,-5.0934424,4.576901,5.643619,-2.7662623,0.6856827,-4.3256884,6.178283,-3.2004213,-5.494158,5.054584,-7.837301,3.3856697,-3.765324,-5.877497,-6.4891944,4.4485054,-6.4155846,4.391797,5.778757,-6.836103,2.2851102,-7.150467,-3.5290833,-7.3270116,-3.977889,6.195842,5.747483,0.31527537,-4.9813704,-5.6119184,-1.648966,-9.767358,-5.5523396,-0.68084955,6.6443872,5.482629,8.371603,-5.374209,-4.9972053,-3.7670321,-8.4719925,-5.8649726
cervical cancer,0.91327286,0.76464295,1.2792621,0.8234026,2.185112,0.9333329,-1.597966,-0.9126177,-0.42433158,1.122986,1.4957078,-0.1057627,-0.9976147,0.7540122,-1.2212063,1.803753,-1.5227944,1.3794621,0.9529534,1.4539601,2.0835605,-0.2049486,-1.2325103,-1.0007564,2.1294236,-1.9978057,2.247261,-1.7839367,-0.6694023,-2.4309506,-1.4228898,1.0980645,-1.4688983,1.2552756,-1.1790416,-1.7458442,1.5309191,0.26137558,2.080452,-2.5864477,0.25446114,1.7733914,-2.142594,1.0613831,1.9707161,0.863464,-0.8044519,-1.2838283,-1.5249883,-1.1948673,-1.6137987,2.337255,1.5379786,1.4322121,2.1974435,1.4812261,-0.08122648,1.0814768,1.192893,1.0322994,1.8626726,-1.4381447,1.0559902,1.2727829,-1.2665355,-1.4056659,-1.272065,-0.69338864,1.5882952,1.6321942,-0.9997582,1.933554,0.3369631,-1.7017628,-0.7314826,1.2868977,-0.68189824,1.5860614,0.21148683,-1.486084,-1.4188442,-1.2323756,0.4180985,1.8564663,1.5145323,-0.91141456,-1.2252377,1.1054927,1.3517908,-0.6705456,0.17560156,-1.0305439,1.4758639,-0.77813673,-1.3060426,1.2091391,-1.8681735,0.81747055,-0.9055197,-1.4039643,-1.5490775,1.065875,-1.5305355,1.0574775,1.386392,-1.6305612,0.5552282,-1.7101003,-0.8496665,-1.747603,-0.9563419,1.481235,1.3809632,0.08815023,-1.1953487,-1.3411949,-0.4040848,-2.3259597,-1.3334184,-0.17820843,1.5869,1.3080395,1.997426,-1.2883121,-1.2041855,-0.91395944,-2.0167851,-1.4084204
ovarian carcinoma cancer,1.29116,1.0799134,1.8137248,1.1640424,3.103321,1.3182925,-2.2653935,-1.2896724,-0.594017,1.5897673,2.1216764,-0.15939707,-1.425862,1.0640514,-1.7282747,2.5605767,-2.1585903,1.9540087,1.3474553,2.0614545,2.9584181,-0.30308992,-1.7461231,-1.415632,3.0227275,-2.8351374,3.1908064,-2.5293689,-0.94398475,-3.455087,-2.0165641,1.5553166,-2.083489,1.7773721,-1.6690803,-2.4750373,2.1687868,0.36382625,2.9547434,-3.6737466,0.35202965,2.5167258,-3.0427063,1.5017545,2.7978227,1.2200326,-1.1359323,-1.8190608,-2.16256,-1.6910934,-2.2880957,3.3208554,2.182848,2.029484,3.121126,2.1012661,-0.104904175,1.5291134,1.688642,1.460321,2.6443272,-2.038373,1.4938571,1.8038906,-1.7942649,-1.9921614,-1.803152,-0.9782141,2.2537038,2.3150473,-1.4132465,2.744815,0.46941397,-2.415427,-1.0316999,1.8228563,-0.9610793,2.2477214,0.29196241,-2.1050053,-2.010996,-1.7430114,0.58731496,2.6356785,2.1472523,-1.2875885,-1.7336495,1.562503,1.9147582,-0.9455842,0.24281476,-1.4627881,2.0921876,-1.0993861,-1.8556323,1.7114753,-2.6508992,1.1542464,-1.2793691,-1.9891429,-2.1959066,1.5072937,-2.1693592,1.4970896,1.9651569,-2.3118656,0.77948207,-2.424996,-1.199932,-2.478758,-1.3521916,2.0992866,1.9555423,0.11789929,-1.6924484,-1.8993744,-0.5652013,-3.3047497,-1.8880253,-0.24328081,2.250651,1.8513621,2.833795,-1.825417,-1.7029457,-1.2911307,-2.861894,-1.9926336
skin cutaneous melanoma cancer,0.74965805,0.6277214,1.0472075,0.6761431,1.7875941,0.7667881,-1.3092921,-0.7496837,-0.35131925,0.92087257,1.2243085,-0.08278975,-0.81230545,0.619401,-1.0025104,1.4758507,-1.2480717,1.1311692,0.78179556,1.1904613,1.7049085,-0.16206613,-1.0098588,-0.8211557,1.7431561,-1.6359731,1.8389212,-1.4616245,-0.5509638,-1.9870278,-1.1661108,0.899431,-1.2025323,1.029024,-0.96648437,-1.4312452,1.2549248,0.2173403,1.7017964,-2.1165063,0.21259314,1.4514954,-1.7529815,0.8708508,1.6126775,0.70908755,-0.6603945,-1.0515554,-1.2489545,-0.97975856,-1.3224226,1.9112654,1.2581968,1.1738862,1.7973543,1.2122725,-0.07143736,0.88869184,0.9786258,0.84712255,1.5242087,-1.178595,0.8663118,1.0423578,-1.0381337,-1.1516596,-1.0416892,-0.569952,1.2998633,1.336606,-0.82094866,1.5823929,0.27975383,-1.3923622,-0.6018757,1.0550714,-0.5614443,1.3002232,0.17669128,-1.2191346,-1.1625116,-1.0111555,0.34485933,1.518865,1.2404531,-0.7487189,-1.004898,0.90743756,1.1083119,-0.55146545,0.14637944,-0.84350085,1.2092209,-0.6384284,-1.0682365,0.99219215,-1.5294718,0.67175925,-0.744031,-1.1510861,-1.2693859,0.8754695,-1.2544949,0.86664975,1.1352661,-1.3360325,0.45875305,-1.400542,-0.6984777,-1.4313446,-0.7852315,1.2138774,1.1320413,0.07533774,-0.9801149,-1.1001441,-0.33483198,-1.9018459,-1.0930982,-0.15028621,1.2995073,1.0739675,1.6353852,-1.0555279,-0.9879793,-0.7500272,-1.6515392,-1.1557211
Her2 positive cancer,7.8903913,6.5632854,11.102319,7.149478,19.160872,8.06522,-13.970551,-7.9152565,-3.610224,9.755836,13.028615,-1.1300564,-8.936109,6.4573007,-10.685291,15.7726965,-13.331966,12.039434,8.221359,12.643138,18.270731,-1.985976,-10.71385,-8.68164,18.692171,-17.534618,19.701632,-15.599515,-5.7926755,-21.325665,-12.411763,9.481634,-12.808142,10.900075,-10.202665,-15.339853,13.330176,2.1952124,18.223003,-22.761288,2.0998912,15.515025,-18.794325,9.225893,17.273563,7.447084,-6.8890505,-11.126971,-13.301773,-10.340814,-14.121779,20.512474,13.396965,12.509502,19.258503,12.909088,-0.5663469,9.45014,10.392676,8.947334,16.301523,-12.566632,9.148118,11.054954,-11.030241,-12.236607,-11.050152,-5.9472475,13.847986,14.25987,-8.662195,16.94201,2.8074393,-14.858608,-6.306209,11.205929,-5.88638,13.876391,1.6968321,-13.0317,-12.379428,-10.659432,3.5567887,16.247135,13.2077465,-7.88778,-10.615131,9.5304,11.773102,-5.758885,1.4133154,-9.031619,12.895286,-6.6508765,-11.474888,10.551772,-16.362719,7.053694,-7.8528185,-12.270543,-13.547394,9.285362,-13.397155,9.147872,12.0449295,-14.274245,4.7624345,-14.916928,-7.358874,-15.297051,-8.294432,12.929958,11.9789715,0.6398126,-10.387147,-11.716363,-3.4324114,-20.38793,-11.574447,-1.4009621,13.866257,11.45559,17.47419,-11.206459,-10.410983,-7.834069,-17.695272,-12.23055
Gastric lymphoma cancer,0.9481118,0.7936777,1.3284745,0.854856,2.2697933,0.9688556,-1.6595638,-0.94743395,-0.4400459,1.166039,1.5533847,-0.11075284,-1.0371375,0.78256667,-1.2680898,1.8735197,-1.581503,1.4325005,0.9893021,1.5099303,2.1642609,-0.2139546,-1.2798584,-1.0390319,2.2118716,-2.075104,2.3342938,-1.8527299,-0.6947882,-2.525347,-1.4776593,1.1401412,-1.5255476,1.3034153,-1.2241862,-1.8132446,1.5897558,0.27087682,2.1610548,-2.6868224,0.2635149,1.8419436,-2.2256215,1.1020267,2.0470107,0.89633757,-0.8349639,-1.3331203,-1.5837746,-1.240594,-1.6760422,2.4279542,1.5973681,1.487342,2.2826083,1.538361,-0.083473355,1.1228845,1.2386594,1.0717764,1.9347441,-1.4935429,1.0963678,1.3217142,-1.3152149,-1.4597391,-1.3209902,-0.7196408,1.6496063,1.6951745,-1.0379165,2.008386,0.3492072,-1.7675302,-0.7592033,1.3363405,-0.70770323,1.6471602,0.21890552,-1.5433011,-1.4734725,-1.2794505,0.43371776,1.9283078,1.5728784,-0.9461358,-1.2721126,1.1476083,1.4037287,-0.6959156,0.18179344,-1.0704204,1.5327373,-0.8076751,-1.3567394,1.2555408,-1.9403914,0.848543,-0.9400456,-1.4579965,-1.6087832,1.1066637,-1.589526,1.0979705,1.4397119,-1.6934581,0.5759918,-1.7760181,-0.88201505,-1.8150765,-0.9928761,1.5382646,1.4339209,0.090896055,-1.2411951,-1.3927476,-0.4190102,-2.416184,-1.3845501,-0.18423654,1.6481239,1.3582853,2.0745795,-1.3378303,-1.250164,-0.9486727,-2.0947988,-1.4623281
multiple myeloma cancer,1.2544016,1.0491931,1.7615465,1.1311872,3.0142157,1.281039,-2.200851,-1.2532794,-0.5778613,1.5445137,2.06069,-0.1544242,-1.3844818,1.0338335,-1.6796359,2.487002,-2.0972285,1.8984541,1.309069,2.0022802,2.8736103,-0.2933896,-1.6962589,-1.3754762,2.9363282,-2.7541757,3.099285,-2.4572096,-0.9176356,-3.3555279,-1.9589863,1.5105098,-2.0237324,1.7267213,-1.6213261,-2.4049733,2.1068861,0.35415736,2.8697453,-3.5686536,0.34283102,2.444616,-2.9554348,1.4592062,2.7176595,1.1853455,-1.103547,-1.7668195,-2.1005852,-1.6427658,-2.2228575,3.225375,2.1198726,1.9717773,3.031411,2.0409522,-0.1028979,1.4861997,1.6407366,1.4187506,2.5683742,-1.9803205,1.4513814,1.7521801,-1.7430981,-1.9351628,-1.7513884,-0.9505051,2.1888478,2.2487986,-1.37322,2.6661668,0.45672762,-2.3459718,-1.0026624,1.7708644,-0.9342548,2.1838455,0.2841086,-2.045579,-1.9536544,-1.6933829,0.5709902,2.560013,2.0858717,-1.2512394,-1.6843127,1.5179899,1.8601589,-0.91893256,0.23629367,-1.4209055,2.0325575,-1.0677949,-1.8023282,1.6630741,-2.575116,1.1216297,-1.2433031,-1.9326522,-2.1334026,1.464765,-2.107722,1.4542614,1.9088024,-2.2460604,0.75809056,-2.3555424,-1.1660954,-2.4080164,-1.3138682,2.039448,1.8996015,0.11500091,-1.6442338,-1.8455256,-0.54986507,-3.209575,-1.8341674,-0.23706277,2.1863363,1.7992061,2.752756,-1.7732819,-1.6545163,-1.2542571,-2.7801754,-1.9360652
glioblastoma cancer,0.8419256,0.7046086,1.1774993,0.7595176,2.0119243,0.8609179,-1.4725283,-0.8419654,-0.3930271,1.0349352,1.3770388,-0.09606834,-0.91705245,0.6950137,-1.1268556,1.6606385,-1.4036838,1.2717234,0.8780632,1.338675,1.9187169,-0.18588051,-1.1352856,-0.9225807,1.9616435,-1.8408178,2.069489,-1.6439095,-0.6182888,-2.2370548,-1.3112079,1.0107859,-1.3525735,1.1565565,-1.0860286,-1.6099725,1.4107865,0.24258088,1.915283,-2.3825123,0.23664634,1.6331044,-1.9729481,0.97856873,1.8148167,0.79615,-0.7411699,-1.1820592,-1.4046575,-1.1008495,-1.4873594,2.151531,1.4154227,1.3199953,2.0229464,1.363596,-0.07746369,0.9985171,1.0999172,0.9516912,1.7151086,-1.3253999,0.97328234,1.1719418,-1.1671017,-1.294884,-1.1712402,-0.6394788,1.4622096,1.5034521,-0.92205805,1.7806499,0.312233,-1.5665377,-0.67533267,1.1860541,-0.629872,1.4621636,0.19633228,-1.370871,-1.3072598,-1.1358441,0.3862622,1.7091721,1.3950256,-0.84074,-1.1290766,1.0189638,1.2459068,-0.6186833,0.16278382,-0.9491549,1.3599313,-0.7165738,-1.2025445,1.1152037,-1.7208297,0.7540899,-0.83554727,-1.2942972,-1.4276236,0.9835986,-1.4108568,0.97388,1.2764713,-1.502733,0.51385224,-1.5751451,-0.7842095,-1.6101418,-0.8820347,1.3649893,1.2722846,0.082608774,-1.1015743,-1.2367921,-0.3744462,-2.14081,-1.2285429,-0.1662781,1.4617248,1.2072159,1.8398025,-1.1867057,-1.1097763,-0.8419189,-1.8582757,-1.2985585
lymphoma,0.91881466,0.76872563,1.2861348,0.82899624,2.1988826,0.9393623,-1.6085591,-0.9188561,-0.4277634,1.1300038,1.504348,-0.10712793,-1.004355,0.75806266,-1.230441,1.8146567,-1.5333405,1.3888274,0.9583268,1.4622346,2.0969014,-0.20575735,-1.23985,-1.007117,2.1437027,-2.0114844,2.2616305,-1.795794,-0.67437494,-2.4454753,-1.4321061,1.1036273,-1.4776418,1.2628702,-1.1856863,-1.7588637,1.540663,0.26360506,2.093205,-2.60415,0.25667393,1.7844706,-2.1562681,1.0683448,1.983285,0.8686999,-0.80853295,-1.2908579,-1.5344121,-1.2017835,-1.6247709,2.3517861,1.5464872,1.4417596,2.2109704,1.4897575,-0.08245972,1.089976,1.2009788,1.0388201,1.8742019,-1.4477301,1.0624466,1.2799793,-1.27458,-1.4142506,-1.2792404,-0.69743097,1.5975245,1.6424975,-1.0063078,1.9458787,0.33930165,-1.7117285,-0.7365172,1.2951922,-0.6868772,1.5970843,0.21269117,-1.497272,-1.4279014,-1.2397703,0.420775,1.867798,1.5238677,-0.91742593,-1.2325959,1.1119179,1.3605518,-0.67470765,0.17647049,-1.0372024,1.4855291,-0.78173333,-1.3144642,1.2176929,-1.8803058,0.8227001,-0.911795,-1.4136237,-1.5594848,1.0736603,-1.5411412,1.06329,1.3942014,-1.6416397,0.55973524,-1.7206587,-0.85561913,-1.7591391,-0.96268815,1.4909145,1.3891659,0.08865893,-1.202805,-1.3506334,-0.4074302,-2.3399875,-1.3414446,-0.17958562,1.5969298,1.3181831,2.0101714,-1.2960579,-1.2113125,-0.9185525,-2.0305238,-1.417585
acute myelogenous leukemia cancer,0.98909616,0.8278427,1.3863777,0.89185905,2.3694181,1.0106463,-1.7320302,-0.98839176,-0.45853066,1.2166901,1.6212417,-0.11662289,-1.0836365,0.81616473,-1.3232424,1.9555995,-1.6505688,1.494894,1.0320703,1.5757807,2.2592022,-0.22455376,-1.3355668,-1.084064,2.3088655,-2.166036,2.4366815,-1.933658,-0.7246515,-2.6364093,-1.5420903,1.1896467,-1.5921965,1.3600535,-1.2773015,-1.8925322,1.6589708,0.28205413,2.2558818,-2.8049018,0.27416435,1.9225948,-2.3232994,1.1498435,2.1367698,0.9350102,-0.87086564,-1.3911146,-1.6529326,-1.2943921,-1.7492621,2.534661,1.6672395,1.5522004,2.3828032,1.6055858,-0.08611393,1.1715902,1.2924998,1.1182169,2.0195336,-1.5587144,1.1438736,1.3792865,-1.3724842,-1.5233542,-1.3785523,-0.750526,1.7217371,1.7692682,-1.0828062,2.0964224,0.36361244,-1.8449072,-0.79181087,1.3945047,-0.738059,1.7190357,0.2276318,-1.6106095,-1.5377423,-1.3348343,0.45209458,2.0128307,1.6415236,-0.9869844,-1.3272635,1.1971561,1.4648278,-0.72576314,0.18908021,-1.1173337,1.5996469,-0.8424296,-1.4163805,1.3101285,-2.025354,0.88509816,-0.9806612,-1.5215604,-1.6790255,1.1546434,-1.6589234,1.1456152,1.5024481,-1.7674516,0.6004153,-1.8535683,-0.92006654,-1.8944558,-1.035853,1.6053567,1.4962232,0.09412537,-1.2951334,-1.4533921,-0.43656567,-2.5223315,-1.444707,-0.1913249,1.7201552,1.4173871,2.1653469,-1.3960905,-1.3042606,-0.98951805,-2.1865711,-1.5257471
pancreatic adenocarcinoma cancer,0.9667677,0.8088599,1.3541421,0.87217903,2.3154092,0.98819023,-1.6931969,-0.9666312,-0.44918713,1.1892563,1.5838902,-0.11387994,-1.0586925,0.7975181,-1.294587,1.9107695,-1.6138943,1.4616206,1.0084974,1.5394646,2.2079048,-0.21831906,-1.3051218,-1.0597749,2.2569504,-2.1175654,2.381331,-1.8902848,-0.7091138,-2.5756001,-1.5073748,1.1618255,-1.5557185,1.3291998,-1.2479842,-1.8511292,1.6215628,0.27653384,2.20419,-2.7419312,0.2689659,1.8788352,-2.2704844,1.1242135,2.0882485,0.9139454,-0.8507529,-1.3589275,-1.6153175,-1.2648288,-1.7101916,2.4766598,1.628475,1.5175045,2.3282478,1.5685954,-0.085348025,1.1465183,1.2638006,1.0930955,1.973409,-1.5238259,1.1180526,1.3475193,-1.3415359,-1.4887027,-1.3467594,-0.7336105,1.6820542,1.729146,-1.0587287,2.0488236,0.35608593,-1.8024148,-0.774511,1.3631458,-0.7222043,1.6808932,0.2228855,-1.5755662,-1.5030538,-1.3046136,0.4422534,1.9667629,1.6042154,-0.96513015,-1.2971911,1.169963,1.4319224,-0.70961857,0.18503964,-1.0920361,1.5637063,-0.8226589,-1.3841741,1.2813109,-1.9796059,0.8654182,-0.9591469,-1.4877709,-1.641491,1.1294901,-1.622083,1.1192235,1.4678092,-1.7279986,0.5880386,-1.8113946,-0.89994323,-1.8518608,-1.0128496,1.5692964,1.462119,0.092411995,-1.2659014,-1.4213125,-0.4277496,-2.4643004,-1.4118924,-0.18777433,1.6811854,1.3868296,2.1163116,-1.3643003,-1.2746943,-0.9665944,-2.137607,-1.4916681
cholangiocarcinoma cancer,1.230044,1.0273764,1.7244412,1.1108531,2.955846,1.2572638,-2.1600153,-1.2309055,-0.5694961,1.5148841,2.0188549,-0.15254028,-1.3581194,1.0124778,-1.6518549,2.437672,-2.059576,1.8639839,1.2824976,1.9613708,2.8186018,-0.28533366,-1.6626033,-1.3494751,2.8819566,-2.7040234,3.0399084,-2.4116845,-0.90251386,-3.2881348,-1.9221134,1.4779066,-1.9833652,1.6928769,-1.5882474,-2.3643107,2.0668333,0.34953266,2.8131938,-3.5033545,0.33867416,2.3971725,-2.8986905,1.432181,2.6655264,1.162382,-1.0800332,-1.7300676,-2.0596867,-1.6097865,-2.1823578,3.1622427,2.0757034,1.9354144,2.971804,1.9994256,-0.103792325,1.4626353,1.6110041,1.3918296,2.5181632,-1.9437588,1.4232379,1.7163066,-1.7099067,-1.897306,-1.7154661,-0.93177205,2.1445055,2.2055626,-1.3478903,2.6150255,0.44926363,-2.2985861,-0.9850431,1.7375052,-0.91867185,2.1447961,0.27899247,-2.0114455,-1.9164858,-1.6602024,0.56060565,2.5095062,2.04522,-1.2283331,-1.6512516,1.4877713,1.8252537,-0.9015471,0.23163413,-1.3939102,1.9945273,-1.0440389,-1.7678887,1.6339287,-2.5264294,1.1007096,-1.2213672,-1.8978685,-2.094213,1.4398994,-2.0699122,1.4241714,1.8696185,-2.2051024,0.74696195,-2.3096561,-1.1457534,-2.3630946,-1.2898315,2.0012803,1.8619516,0.113286026,-1.6126355,-1.8129648,-0.54216397,-3.1455708,-1.79811,-0.2340281,2.144341,1.7701339,2.7001357,-1.7382846,-1.6218352,-1.227364,-2.7293737,-1.900031
retinoblastoma,1.1578274,0.96749383,1.6228901,1.0455053,2.7802927,1.1835452,-2.0321312,-1.1585183,-0.53660977,1.4256583,1.899565,-0.14203006,-1.2761295,0.9535571,-1.554089,2.2932155,-1.9374983,1.7537183,1.2074058,1.8456923,2.651234,-0.2669411,-1.5646615,-1.270125,2.7107077,-2.5433018,2.8593774,-2.268783,-0.84958696,-3.0928297,-1.8083977,1.3911464,-1.8661344,1.5932437,-1.4949415,-2.2238305,1.9447459,0.32962003,2.6461964,-3.2947254,0.31964996,2.255122,-2.726523,1.3478502,2.5073383,1.0942328,-1.0171698,-1.6282686,-1.9378185,-1.5151837,-2.0529337,2.9743316,1.953,1.8209593,2.7953916,1.8813529,-0.098814204,1.3760866,1.5158775,1.3098956,2.368793,-1.828702,1.3396153,1.6152183,-1.6089436,-1.7852722,-1.6143583,-0.87743884,2.0176463,2.0749726,-1.2686441,2.4598572,0.42379487,-2.1625504,-0.92731375,1.6348563,-0.8648915,2.017704,0.26357687,-1.8921365,-1.8032254,-1.5627172,0.52821755,2.3607576,1.9243795,-1.156245,-1.5542487,1.4006006,1.7174039,-0.84896225,0.21888913,-1.3111814,1.8765031,-0.9832378,-1.6626981,1.5373679,-2.3766086,1.0362331,-1.1495409,-1.7855356,-1.9702023,1.3548502,-1.9472587,1.3405882,1.7594815,-2.0744176,0.70349276,-2.1730418,-1.0783707,-2.223025,-1.2139062,1.8829056,1.7522784,0.10754334,-1.5176117,-1.705671,-0.51087564,-2.9587874,-1.6922653,-0.2213547,2.017449,1.6651652,2.5401664,-1.6358162,-1.5267206,-1.1558561,-2.5672064,-1.7881212
hepatocellular carcinoma cancer,7.239375,6.021696,10.184604,6.560242,17.577574,7.400454,-12.817512,-7.2629943,-3.3144128,8.950758,11.951881,-1.0354381,-8.196308,5.9246244,-9.805055,14.469227,-12.232047,11.046205,7.542823,11.598426,16.761345,-1.8189709,-9.829208,-7.965582,17.148684,-16.087023,18.07395,-14.311869,-5.3161244,-19.562366,-11.3871765,8.697805,-11.749941,10.000365,-9.360091,-14.075037,12.229816,2.015956,16.71682,-20.881584,1.9289209,14.233359,-17.241562,8.465065,15.846631,6.83278,-6.320405,-10.207516,-12.2030525,-9.487022,-12.956272,18.817074,12.289166,11.47733,17.666834,11.842345,-0.5223846,8.672108,9.5355625,8.209133,14.954485,-11.529566,8.393328,10.141634,-10.119793,-11.226084,-10.137074,-5.4569044,12.703383,13.082192,-7.948011,15.542487,2.5776343,-13.630504,-5.7868805,10.281038,-5.40214,12.7316475,1.5582157,-11.957661,-11.35754,-9.779832,3.264362,14.904574,12.117065,-7.237727,-9.73915,8.743954,10.801455,-5.2844205,1.2977691,-8.285648,11.830918,-6.101327,-10.526665,9.681923,-15.011524,6.4723253,-7.205822,-11.2583475,-12.429445,8.520299,-12.291921,8.392333,11.049755,-13.096314,4.3717017,-13.684872,-6.752638,-14.0342045,-7.6105304,11.862772,10.989822,0.5883941,-9.529898,-10.750189,-3.1513073,-18.70242,-10.618976,-1.2874396,12.721239,10.51189,16.031132,-10.281141,-9.551937,-7.1872478,-16.234404,-11.221765
glioblastoma multiforme cancer,3.1013367,2.58253,4.358863,2.8077211,7.508956,3.1702023,-5.478653,-3.1092432,-1.4242104,3.830344,5.1119475,-0.42742845,-3.4874344,2.542066,-4.1906514,6.184227,-5.227195,4.723286,3.2318823,4.9622736,7.160264,-0.7628832,-4.2055774,-3.4096422,7.3245015,-6.871433,7.72143,-6.117345,-2.276856,-8.355778,-4.869516,3.7261643,-5.0245943,4.279722,-4.00835,-6.0109015,5.2315583,0.86840224,7.142728,-8.914818,0.8338306,6.082855,-7.3649426,3.6221256,6.7700057,2.928144,-2.7118149,-4.3698897,-5.2183104,-4.06272,-5.5373287,8.037034,5.2561393,4.906653,7.5477266,5.0643907,-0.23412508,3.7076147,4.0786576,3.5147338,6.390779,-4.9287057,3.5936446,4.3398604,-4.3286924,-4.8022456,-4.3378963,-2.3408675,5.4325137,5.5924735,-3.4031305,6.640536,1.1119817,-5.827263,-2.480348,4.3979454,-2.3147776,5.4414706,0.6773611,-5.1085906,-4.8563204,-4.188599,1.4024976,6.3692083,5.1814895,-3.0995924,-4.169718,3.7473247,4.620425,-2.2663229,0.5635934,-3.539947,5.0574813,-2.6188776,-4.4953322,4.1399913,-6.4141665,2.7733915,-3.0848835,-4.812635,-5.3124986,3.644717,-5.252948,3.5939689,4.7282095,-5.5965223,1.8756646,-5.851844,-2.8917372,-5.9973736,-3.2580807,5.072079,4.7043505,0.26124406,-4.078,-4.5959606,-1.3546219,-7.9898715,-4.5448427,-0.56206214,5.437873,4.492278,6.8512726,-4.3984203,-4.0911703,-3.0832057,-6.934774,-4.802758
esophageal carcinoma cancer,3.3494794,2.788765,4.7084317,3.032233,8.112316,3.4235172,-5.9180393,-3.3578308,-1.5369617,4.137081,5.5222163,-0.46345308,-3.7692735,2.7449327,-4.526148,6.680904,-5.646408,5.1018944,3.490327,5.3602676,7.7354493,-0.82642627,-4.54254,-3.6824422,7.9127455,-7.423247,8.34175,-6.60814,-2.4584885,-9.027541,-5.260082,4.024799,-5.4277678,4.6224413,-4.329356,-6.493001,5.650969,0.9366918,7.7167315,-9.631272,0.898998,6.571201,-7.956653,3.9119837,7.313725,3.1622999,-2.9283576,-4.72018,-5.6370797,-4.388049,-5.9816475,8.683042,5.6782446,5.2999444,8.154218,5.4707155,-0.25092456,4.004298,4.4053397,3.7961483,6.9041414,-5.3239427,3.8812,4.6877494,-4.675651,-5.1873407,-4.6857533,-2.5277035,5.868706,6.0412707,-3.6753318,7.173839,1.1995022,-6.295163,-2.6783917,4.7505035,-2.4993474,5.877813,0.7302491,-5.5179777,-5.2456636,-4.5237656,1.513876,6.880723,5.597017,-3.3472953,-4.503399,4.0470276,4.990821,-2.447098,0.6075522,-3.8242254,5.46306,-2.828247,-4.856732,4.4715195,-6.9290433,2.9949405,-3.331489,-5.198407,-5.7385283,3.9364398,-5.6741657,3.8817184,5.1072645,-6.0454226,2.0246408,-6.321381,-3.1229057,-6.4786205,-3.5187857,5.4787817,5.081335,0.2808884,-4.4046435,-4.964261,-1.4618086,-8.63211,-4.9088554,-0.60539556,5.874117,4.852138,7.4011273,-4.7508993,-4.418389,-3.329526,-7.4916162,-5.187217
larynx cancer,2.5378702,2.1148922,3.5667417,2.296073,6.13761,2.5937438,-4.478427,-2.5428226,-1.1657388,3.1329305,4.181218,-0.3439779,-2.845733,2.082073,-3.42408,5.056323,-4.2719536,3.8612142,2.6453857,4.0594144,5.8523407,-0.61982757,-3.440087,-2.7889783,5.9854164,-5.614934,6.311144,-5.0004406,-1.8619153,-6.830437,-3.9814198,3.0505311,-4.1091638,3.5008676,-3.2802637,-4.910143,4.278165,0.711312,5.8391366,-7.2833033,0.68381613,4.9728475,-6.0195503,2.962117,5.5335875,2.396444,-2.2213855,-3.5759718,-4.2671266,-3.3245373,-4.5258346,6.5690565,4.2995896,4.011055,6.1698875,4.142157,-0.19383916,3.0293555,3.3346608,2.8752182,5.224613,-4.028987,2.9400697,3.5505767,-3.5397875,-3.9275553,-3.5489724,-1.9167314,4.4430766,4.572297,-2.783704,5.427909,0.9119641,-4.765326,-2.0293522,3.5963466,-1.8933547,4.447254,0.55737925,-4.173525,-3.970667,-3.4273827,1.1487658,5.207121,4.237059,-2.535555,-3.4114952,3.0672724,3.7781754,-1.8552243,0.4637739,-2.8933759,4.134456,-2.1459854,-3.6736424,3.3839936,-5.2427607,2.2693863,-2.5228267,-3.9337018,-4.3423557,2.979281,-4.293048,2.9413648,3.8682544,-4.574049,1.5343688,-4.785166,-2.3650427,-4.9020953,-2.6647832,4.146704,3.8487344,0.21660787,-3.3354568,-3.7565005,-1.1088281,-6.5315814,-3.7178955,-0.46278915,4.445806,3.6700542,5.6007566,-3.597578,-3.3478465,-2.525494,-5.666898,-3.928012
Luminal cancer,1.5397446,1.2872696,2.1651452,1.3883873,3.707547,1.5717114,-2.7048037,-1.5379732,-0.7059643,1.8969748,2.5333738,-0.19490667,-1.7078375,1.2679569,-2.062474,3.0584838,-2.5772848,2.3322685,1.6069695,2.4610167,3.5342028,-0.36751342,-2.084092,-1.6887416,3.610829,-3.3864088,3.811743,-3.0200615,-1.124947,-4.1288657,-2.4072566,1.8558129,-2.487818,2.120957,-1.9913694,-2.9555204,2.58853,0.4314978,3.529925,-4.3896246,0.41648296,3.005903,-3.6350956,1.7917168,3.342194,1.4545912,-1.353869,-2.1709974,-2.582014,-2.017477,-2.7319899,3.9680889,2.6068397,2.4227557,3.728884,2.5091603,-0.12075208,1.8241574,2.0150542,1.7419434,3.1586013,-2.4335308,1.7820143,2.1532354,-2.1415782,-2.378026,-2.1524289,-1.1655809,2.6913133,2.7644136,-1.6854322,3.2787383,0.5567299,-2.8848734,-1.2293394,2.1755552,-1.1450403,2.683429,0.34487522,-2.5128675,-2.4007778,-2.0789664,0.69876,3.148397,2.563636,-1.5352738,-2.068216,1.8630863,2.2852426,-1.1266106,0.28704935,-1.7472848,2.497926,-1.3104028,-2.2173138,2.0423548,-3.1661332,1.3759209,-1.5255753,-2.3744917,-2.6218,1.7980438,-2.5900629,1.7862298,2.3458457,-2.760483,0.92739034,-2.8953593,-1.4305588,-2.9600883,-1.6127603,2.506121,2.333474,0.13746385,-2.0195894,-2.2669718,-0.67149657,-3.948668,-2.2529533,-0.28618732,2.6875257,2.2094088,3.384284,-2.1788535,-2.0311348,-1.5390848,-3.4182808,-2.3771875
wilms tumor cancer,1.3424864,1.1220266,1.8850032,1.2112089,3.2285302,1.3711628,-2.3572595,-1.3419272,-0.6184358,1.6534638,2.2059674,-0.16753826,-1.4847528,1.1055055,-1.7997705,2.6631486,-2.2467396,2.0334027,1.4005134,2.1431255,3.0780437,-0.31554565,-1.8156916,-1.4724354,3.145803,-2.9508853,3.319769,-2.631967,-0.9826591,-3.5936005,-2.0979316,1.6158113,-2.1666405,1.8482772,-1.7349122,-2.5774603,2.2559924,0.3788122,3.073432,-3.8239918,0.36641917,2.6180162,-3.165708,1.5623528,2.9108696,1.2684706,-1.1798987,-1.8906336,-2.2492733,-1.7580076,-2.3812308,3.4546876,2.269112,2.111805,3.2466304,2.1847746,-0.10939124,1.5926791,1.7571704,1.5187976,2.7506208,-2.121058,1.553435,1.8752563,-1.8664145,-2.0718274,-1.87446,-1.0167292,2.343348,2.4082506,-1.4701217,2.855681,0.48800626,-2.5117118,-1.0733587,1.8962742,-1.0002869,2.3395061,0.30291003,-2.1921358,-2.0920298,-1.812272,0.6106149,2.741463,2.2333474,-1.3394316,-1.8026412,1.624197,1.9919442,-0.98315585,0.25180548,-1.5219854,2.176856,-1.141437,-1.930818,1.7814412,-2.7582197,1.200429,-1.3313023,-2.0702078,-2.2851398,1.5691146,-2.2579474,1.5559659,2.0428832,-2.4060175,0.8116958,-2.5222347,-1.2486573,-2.5792887,-1.4067345,2.1841543,2.0332766,0.12202947,-1.7602493,-1.9769995,-0.5884984,-3.4372993,-1.9632666,-0.25271043,2.3413084,1.9282609,2.948164,-1.8982626,-1.7704989,-1.3410813,-2.97863,-2.072872
chronic lymphocytic leukemia cancer,3.2144656,2.676574,4.518289,2.9100008,7.783976,3.2856371,-5.6788697,-3.2224975,-1.4755173,3.9701474,5.29902,-0.44378674,-3.6158512,2.6345737,-4.343417,6.4106536,-5.4181814,4.895802,3.3497167,5.1437473,7.4224167,-0.7918983,-4.3591805,-3.5339608,7.5925484,-7.12287,8.004165,-6.3410025,-2.359563,-8.662034,-5.0475254,3.862407,-5.208399,4.4359365,-4.1547217,-6.2304535,5.422726,0.89945537,7.404405,-9.241263,0.86346114,6.305443,-7.63463,3.754196,7.017813,3.0348957,-2.8105812,-4.52964,-5.4092174,-4.2110567,-5.739795,8.331505,5.448652,5.0858507,7.8241935,5.2496414,-0.24170093,3.8426957,4.2275057,3.6430116,6.624802,-5.108804,3.7247126,4.4984837,-4.4868255,-4.977798,-4.4965167,-2.4260483,5.6314116,5.7970357,-3.5271747,6.8835998,1.1518304,-6.040596,-2.5705874,4.5586343,-2.3988307,5.6402645,0.7014779,-5.2950163,-5.0337563,-4.3413944,1.4532396,6.602379,5.3708887,-3.2124557,-4.321814,3.8839765,4.789244,-2.3487134,0.58363235,-3.669507,5.2422996,-2.714425,-4.660051,4.2910066,-6.648806,2.8743572,-3.1972296,-4.9883904,-5.506615,3.7775981,-5.4448457,3.7251794,4.901045,-5.8010483,1.943465,-6.0658855,-2.9970586,-6.2166734,-3.376885,5.2574186,4.8762326,0.2702006,-4.22688,-4.7637453,-1.4033953,-8.282667,-4.710774,-0.58178514,5.6366935,4.6561427,7.1018677,-4.559091,-4.2403307,-3.1955602,-7.188504,-4.9779644
squamous cell carcinomas cancer,6.352825,5.2842336,8.935446,5.7567263,15.420574,6.4944143,-11.245796,-6.3736515,-2.910254,7.8537726,10.485889,-0.9056272,-7.1877236,5.19936,-8.603707,12.693911,-10.732311,9.692389,6.6187153,10.175943,14.704673,-1.5920691,-8.624018,-6.9896026,15.044857,-14.113876,15.856369,-12.557023,-4.665777,-17.160706,-9.991271,7.6315784,-10.308703,8.774509,-8.212925,-12.349316,10.730807,1.7706867,14.665488,-18.319263,1.6949693,12.487155,-15.125826,7.427793,13.9022455,5.9962435,-5.5464344,-8.955983,-10.706656,-8.324497,-11.367795,16.507406,10.78145,10.070151,15.498682,10.389491,-0.46142063,7.6102524,8.367138,7.2036376,13.119755,-10.115996,7.364926,8.897918,-8.879293,-9.849734,-8.893959,-4.7891426,11.145115,11.477729,-6.9746966,13.635526,2.2638936,-11.958093,-5.0791035,9.021013,-4.7414446,11.170906,1.3695656,-10.492084,-9.964855,-8.581767,2.8655581,13.075647,10.63104,-6.351519,-8.545657,7.673166,9.477686,-4.637858,1.1402942,-7.269139,10.380186,-5.35419,-9.234776,8.495576,-13.170019,5.680041,-6.3236046,-9.878276,-10.905389,7.4769506,-10.7848625,7.3635626,9.694597,-11.490367,3.8380105,-12.006682,-5.926238,-12.312959,-6.6785355,10.408372,9.642977,0.51841104,-8.361908,-9.432777,-2.7672594,-16.40685,-9.317375,-1.1324458,11.16089,9.224213,14.064643,-9.020506,-8.381647,-6.3069854,-14.243178,-9.846998
triple negative cancer,1.101881,0.9206696,1.5436603,0.9948567,2.6441214,1.1263897,-1.9330223,-1.1025199,-0.5113039,1.3563652,1.8068157,-0.13392633,-1.2124544,0.9075378,-1.4786347,2.1810038,-1.8430785,1.6684978,1.148837,1.7556112,2.5214338,-0.25239664,-1.4883692,-1.2084792,2.5781245,-2.4191153,2.7194712,-2.1582282,-0.808734,-2.9408789,-1.7204351,1.3235068,-1.7749771,1.5156858,-1.4222994,-2.115413,1.8502271,0.31426314,2.516644,-3.133373,0.3050486,2.1448107,-2.592977,1.2823806,2.3845778,1.0414488,-0.9679889,-1.5489684,-1.8433819,-1.4416554,-1.9529761,2.8284147,1.8575313,1.7322081,2.658399,1.7893063,-0.09519075,1.3095872,1.4422964,1.2465231,2.2529573,-1.7396108,1.2746032,1.5364064,-1.5306612,-1.6983445,-1.5356357,-0.8352159,1.9191192,1.9737028,-1.207307,2.3394806,0.40402082,-2.0567288,-0.8828621,1.5554535,-0.8233786,1.9194934,0.2517171,-1.8001002,-1.7152779,-1.4870005,0.5030177,2.2451267,1.830442,-1.1003546,-1.4787303,1.3329155,1.6339996,-0.80812263,0.20885672,-1.2470485,1.7849785,-0.9357716,-1.5812217,1.4627268,-2.2604032,0.986256,-1.0940279,-1.6986349,-1.8741342,1.2893741,-1.8523637,1.2753336,1.67359,-1.9732276,0.67010456,-2.0670824,-1.0264708,-2.1144853,-1.1552265,1.7911909,1.6671966,0.10317878,-1.4438477,-1.6228199,-0.4868801,-2.8136718,-1.6099515,-0.21171588,1.9188802,1.5844932,2.4160063,-1.5560485,-1.452646,-1.0999174,-2.4418437,-1.7014458
Luminal B Her2+ cancer,3.0535564,2.5459812,4.2980886,2.7588909,7.389263,3.1177094,-5.3864803,-3.055192,-1.3945421,3.7689826,5.0365076,-0.41533244,-3.4282691,2.506003,-4.1107,6.0891156,-5.1358676,4.6425953,3.1842504,4.889531,7.044214,-0.75520605,-4.140723,-3.3538458,7.2007375,-6.7536654,7.5968847,-6.014952,-2.2338128,-8.228253,-4.7901764,3.6773903,-4.9480276,4.2127438,-3.9500144,-5.8984165,5.1474767,0.84885865,7.03208,-8.761853,0.81466377,5.9860697,-7.245952,3.5610967,6.6603794,2.8830361,-2.6752841,-4.3081517,-5.1368904,-4.002391,-5.4430842,7.9102273,5.1818686,4.8233247,7.4297423,4.988909,-0.22371678,3.6349983,4.008726,3.4587317,6.290825,-4.845586,3.5369911,4.2762365,-4.2587957,-4.7276783,-4.274898,-2.305582,5.3523436,5.5029774,-3.346479,6.533214,1.0913048,-5.739946,-2.4375381,4.32656,-2.2717304,5.3463473,0.66730016,-5.0119786,-4.7770658,-4.1241074,1.3788044,6.269928,5.0996146,-3.0471644,-4.104821,3.6915176,4.545073,-2.2299075,0.55553836,-3.482083,4.9732513,-2.5872877,-4.4224725,4.0659285,-6.3084383,2.7279444,-3.0306542,-4.728957,-5.2220044,3.5782068,-5.1609826,3.5422962,4.659083,-5.5002966,1.8369792,-5.7602363,-2.8409812,-5.8971057,-3.2034883,4.988064,4.633322,0.2571482,-4.012947,-4.5146446,-1.3259627,-7.8674726,-4.4744062,-0.5505772,5.3500338,4.4056864,6.74001,-4.330135,-4.0282555,-3.042137,-6.816297,-4.723326
invasive lobular carcinoma cancer,2.6640337,2.2186708,3.7426064,2.4112852,6.4448743,2.7232118,-4.703258,-2.6705008,-1.2247957,3.2891521,4.3887587,-0.36334014,-2.9898126,2.1842334,-3.5979471,5.3084254,-4.48732,4.0554414,2.7759507,4.260512,6.1456604,-0.65093225,-3.610959,-2.9281304,6.286631,-5.8980784,6.6274753,-5.25167,-1.9559939,-7.170934,-4.1809397,3.2002122,-4.313582,3.67491,-3.4424124,-5.159519,4.4921184,0.74735254,6.1308074,-7.65078,0.7183838,5.2213864,-6.3211937,3.1103575,5.810762,2.5155106,-2.329964,-3.7524922,-4.480165,-3.4892383,-4.753756,6.897607,4.5123982,4.2124066,6.4781303,4.3475933,-0.20402515,3.183798,3.5022445,3.018759,5.485711,-4.2313476,3.0862765,3.7262669,-3.7167196,-4.123282,-3.7246366,-2.0114498,4.6638412,4.8009696,-2.9229817,5.6997766,0.95716125,-5.002216,-2.131242,3.7764027,-1.9888167,4.671527,0.58433294,-4.385548,-4.1692343,-3.5975735,1.2057158,5.4669194,4.448344,-2.6623685,-3.5808792,3.2191153,3.9674346,-1.9473403,0.48587534,-3.0384722,4.3417616,-2.2503474,-3.858041,3.554717,-5.505675,2.3825402,-2.6496584,-4.1317973,-4.560611,3.1300519,-4.509452,3.0864027,4.0596204,-4.804244,1.6123654,-5.023991,-2.4841108,-5.148225,-2.7983367,4.3545833,4.039974,0.2267458,-3.5017922,-3.9460623,-1.1651449,-6.857425,-3.9027,-0.4856242,4.6680675,3.8570735,5.881119,-3.7764592,-3.513781,-2.6489146,-5.95249,-4.124557
PR negative cancer,2.135432,1.7800497,2.9995046,1.9315386,5.1586065,2.1825984,-3.7652533,-2.139343,-0.98256093,2.6350698,3.5156374,-0.2852455,-2.3880968,1.7527635,-2.879297,4.250441,-3.5915465,3.2469308,2.2258487,3.4135861,4.9189515,-0.5166867,-2.893036,-2.3460896,5.030792,-4.7196455,5.3046885,-4.204127,-1.5669866,-5.7402143,-3.3479009,2.5662346,-3.4549146,2.9444716,-2.7594142,-4.127476,3.5978234,0.6002099,4.9079723,-6.1207004,0.5778545,4.180301,-5.05934,2.4914708,4.6511526,2.0167065,-1.8699021,-3.0076787,-3.587882,-2.7967546,-3.8050573,5.520728,3.6149473,3.3725755,5.1857557,3.482591,-0.16641374,2.5478714,2.8045168,2.418836,4.3918066,-3.3875666,2.473309,2.9859264,-2.9767895,-3.3028002,-2.984559,-1.613593,3.7355928,3.8440952,-2.3420305,4.5624533,0.769699,-4.0060883,-1.708212,3.0244913,-1.593705,3.7391653,0.47172898,-3.5088797,-3.338656,-2.8835497,0.96782935,4.3769636,3.5625875,-2.1334467,-2.869781,2.581141,3.1773925,-1.5617924,0.3922929,-2.432058,3.476146,-1.8065376,-3.0873213,2.8458383,-4.407086,1.9098505,-2.122594,-3.3075745,-3.6508405,2.5060136,-3.609333,2.4742708,3.2529933,-3.8454158,1.2924575,-4.0234246,-1.990116,-4.121045,-2.2418613,3.4867072,3.2372942,0.18484214,-2.8053539,-3.1588378,-0.9347695,-5.4895225,-3.1270902,-0.39253688,3.7376754,3.0861201,4.708314,-3.025374,-2.8166385,-2.1257157,-4.7634,-3.304151
pancreatic cancer cell line cancer,6.911035,5.7493744,9.723435,6.2616987,16.778202,7.064279,-12.234126,-6.9325013,-3.1632485,8.544184,11.409756,-0.98644644,-7.8220215,5.656765,-9.3573,13.811997,-11.674685,10.543346,7.201181,11.072554,15.998801,-1.7358959,-9.383114,-7.6036572,16.367651,-15.354065,17.251799,-13.660489,-5.073778,-18.673609,-10.869402,8.304691,-11.216554,9.546418,-8.936053,-13.432252,11.674032,1.9239719,15.957186,-19.929846,1.8410478,13.586322,-16.457203,8.080081,15.125791,6.5229497,-6.034946,-9.74525,-11.6487255,-9.057016,-12.366277,17.961452,11.732237,10.954901,16.863829,11.305096,-0.49842843,8.275828,9.101549,7.836368,14.274857,-11.004801,8.01237,9.681898,-9.659873,-10.7163515,-9.677606,-5.2097898,12.127073,12.487492,-7.586768,14.83552,2.4607975,-13.011855,-5.523781,9.813704,-5.1560583,12.151543,1.4883202,-11.411554,-10.8411255,-9.336239,3.1163366,14.227323,11.5665865,-6.9087234,-9.297239,8.347799,10.310399,-5.0447474,1.2396116,-7.9086623,11.29262,-5.8263464,-10.047625,9.240677,-14.328444,6.1784267,-6.8778377,-10.74552,-11.863536,8.131847,-11.731814,8.012273,10.548877,-12.499818,4.1721387,-13.063208,-6.4453087,-13.395429,-7.2645187,11.323148,10.491353,0.5623685,-9.097041,-10.260315,-3.0075383,-17.852707,-10.137053,-1.229379,12.142842,10.031601,15.302034,-9.814414,-9.11876,-6.8626614,-15.494823,-10.711665
large cell carcinoma cancer,2.403994,2.0029595,3.3774335,2.1745596,5.8115363,2.456763,-4.2408414,-2.4084904,-1.1047667,2.9669647,3.9594247,-0.32430547,-2.6930697,1.9720645,-3.242711,4.7877965,-4.045445,3.6568863,2.5052965,3.8440056,5.5414243,-0.58523494,-3.2574682,-2.64126,5.667584,-5.3171697,5.9760695,-4.735472,-1.763731,-6.4668384,-3.7707238,2.8890984,-3.891043,3.3151684,-3.1065798,-4.6496735,4.0518136,0.67421967,5.529094,-6.896404,0.6485278,4.7086873,-5.699676,2.8051429,5.2395234,2.2701354,-2.1039178,-3.3864696,-4.041099,-3.1486838,-4.2862034,6.219703,4.0714684,3.7982442,5.841958,3.921967,-0.18480358,2.8694456,3.1582127,2.7234855,4.9473486,-3.8154135,2.7843952,3.3621013,-3.3522825,-3.7195,-3.3607583,-1.8157144,4.207486,4.329783,-2.6367009,5.139574,0.8644286,-4.512195,-1.922761,3.4061627,-1.7936223,4.211662,0.52901834,-3.9523554,-3.7599463,-3.2461712,1.0883249,4.930323,4.0121236,-2.4015458,-3.230696,2.9053922,3.57839,-1.7573947,0.43976665,-2.7397287,3.9150932,-2.0328329,-3.4784946,3.20484,-4.964304,2.149636,-2.389632,-3.7252486,-4.112003,2.822086,-4.065385,2.7853518,3.662855,-4.331375,1.4539597,-4.531531,-2.240546,-4.6419406,-2.5241437,3.9269202,3.6452093,0.20615815,-3.158803,-3.5577025,-1.0509974,-6.184339,-3.5208614,-0.43957567,4.2096868,3.4761424,5.303316,-3.4066226,-3.17054,-2.391912,-5.36633,-3.7203078
papillary thyroid carcinoma cancer,1.2549481,1.047908,1.7591574,1.1337337,3.0166287,1.2829196,-2.2045834,-1.2562313,-0.5812931,1.5458225,2.0598326,-0.15647297,-1.3867176,1.0326769,-1.6864563,2.487506,-2.1022954,1.9024498,1.30833,2.0011044,2.8766642,-0.29144868,-1.6964475,-1.3770678,2.9416373,-2.7600954,3.1024833,-2.4614193,-0.9212324,-3.355485,-1.9615579,1.507366,-2.0237849,1.7273586,-1.6202717,-2.4138837,2.1091273,0.3567778,2.8708205,-3.5761688,0.34561497,2.4463716,-2.9583988,1.4616038,2.7204137,1.1858819,-1.1014777,-1.7648981,-2.1017642,-1.642309,-2.2274668,3.2272487,2.1176603,1.9753611,3.0327682,2.0400732,-0.10590656,1.4933323,1.6442169,1.4201779,2.5697613,-1.983856,1.4521924,1.7510464,-1.7449226,-1.9359893,-1.750158,-0.95048934,2.1880615,2.250801,-1.3754668,2.6688457,0.4582871,-2.3454025,-1.00519,1.7730967,-0.9376499,2.1892574,0.28428727,-2.053606,-1.9558395,-1.6938494,0.57193035,2.560917,2.08706,-1.2534885,-1.684805,1.517742,1.8626662,-0.91979617,0.23603132,-1.4226373,2.0356162,-1.0645355,-1.8043599,1.667823,-2.5785196,1.1231182,-1.2465256,-1.9371573,-2.1374931,1.469789,-2.1128497,1.4528524,1.9074606,-2.2507572,0.76251304,-2.3568614,-1.1693195,-2.411865,-1.3162582,2.0424511,1.8996968,0.11527126,-1.6455616,-1.8505534,-0.55340147,-3.2099764,-1.8346841,-0.23855951,2.1883779,1.8072768,2.7556689,-1.7737116,-1.6546955,-1.2517275,-2.785938,-1.9389492
pancreatic ductal adenocarcinoma cancer,7.172253,5.965842,10.090435,6.498403,17.413416,7.3311543,-12.69714,-7.1946836,-3.2826533,8.86708,11.841072,-1.0247573,-8.118891,5.8697467,-9.711785,14.334509,-12.116845,10.9426155,7.4727044,11.4908,16.604513,-1.8021996,-9.737426,-7.8908916,16.987679,-15.936052,17.905102,-14.177825,-5.2656727,-19.380003,-11.280941,8.618045,-11.64057,9.906902,-9.273376,-13.941482,12.115827,1.9963626,16.56125,-20.685322,1.9102302,14.100322,-17.080257,8.385439,15.698277,6.7694564,-6.2620773,-10.113182,-12.089584,-9.3990965,-12.834896,18.641329,12.175702,11.369353,17.50203,11.732075,-0.51682496,8.589728,9.44602,8.132821,14.815225,-11.421371,8.314937,10.0474,-10.025249,-11.12163,-10.0431385,-5.4062943,12.585735,12.960039,-7.8736515,15.397069,2.5531528,-13.503794,-5.7328324,10.185185,-5.3510075,12.611868,1.5440644,-11.844106,-11.2510805,-9.688873,3.2336333,14.765452,12.003816,-7.1697507,-9.648194,8.6630125,10.700721,-5.2350507,1.2857091,-8.208082,11.719893,-6.0458016,-10.428298,9.590527,-14.870766,6.4118133,-7.138019,-11.152376,-12.312581,8.440034,-12.17608,8.314439,10.947089,-12.973084,4.3299212,-13.557438,-6.6893725,-13.902516,-7.53938,11.751648,10.887967,0.5831459,-9.440892,-10.648978,-3.1211543,-18.52829,-10.519961,-1.2753886,12.602086,10.412224,15.881007,-10.185117,-9.462839,-7.1210046,-16.082026,-11.116763
plasma cell leukemia cancer,3.502581,2.9154365,4.9228106,3.1720486,8.485447,3.5806785,-6.1908884,-3.5125995,-1.6082927,4.3269243,5.7746496,-0.48685148,-3.9443417,2.869543,-4.736569,6.987332,-5.90744,5.337202,3.6494377,5.6050973,8.091596,-0.86469,-4.7505817,-3.8515666,8.278065,-7.766237,8.72567,-6.912714,-2.5723538,-9.441827,-5.5019565,4.2071986,-5.6763935,4.8342514,-4.526737,-6.794812,5.91048,0.98026997,8.070973,-10.076659,0.9406763,6.8732247,-8.322949,4.092074,7.6504006,3.3067706,-3.0609457,-4.935145,-5.8956428,-4.5883245,-6.2576714,9.082293,5.9372153,5.544373,8.528806,5.7209816,-0.26285547,4.1907096,4.608473,3.9701562,7.221179,-5.569394,4.0589967,4.901797,-4.8904486,-5.4250817,-4.8995996,-2.642866,6.1370406,6.318913,-3.8442311,7.504003,1.2543951,-6.5833707,-2.801559,4.9687862,-2.614894,6.1494927,0.7628212,-5.774508,-5.486939,-4.730615,1.583149,7.1966395,5.8539357,-3.5012245,-4.709552,4.2315564,5.220226,-2.5590405,0.63463616,-4.0003552,5.714736,-2.9555538,-5.0804563,4.6783557,-7.248281,3.132282,-3.4851444,-5.4385366,-6.0033245,4.1186566,-5.9365025,4.0585766,5.3404536,-6.3246183,2.118749,-6.611398,-3.2668588,-6.7773,-3.680595,5.7310257,5.3136115,0.29305273,-4.606727,-5.193789,-1.5296954,-9.02822,-5.133633,-0.6327902,6.144251,5.0779076,7.741701,-4.9686074,-4.6203947,-3.4802341,-7.8376703,-5.425657
B acute lymphoblastic leukemia cancer,2.8807576,2.4028938,4.0556064,2.6019537,6.968802,2.9409277,-5.079706,-2.8813815,-1.3150929,3.5552044,4.751344,-0.38967073,-3.2315464,2.3652186,-3.8752918,5.743437,-4.8427353,4.3780217,3.004679,4.6130023,6.6431656,-0.711576,-3.9062567,-3.1635983,6.789933,-6.36802,7.164388,-5.6722655,-2.1063929,-7.760938,-4.517702,3.470561,-4.667533,3.9741383,-3.727008,-5.560403,4.8550324,0.8005817,6.632432,-8.261209,0.7685094,5.6458235,-6.8334336,3.3587432,6.281312,2.7199745,-2.5252566,-4.0650306,-4.8452063,-3.7761977,-5.1326113,7.4602594,4.888866,4.548667,7.0074162,4.706504,-0.21114273,3.426491,3.7804303,3.262529,5.933271,-4.5695825,3.3367078,4.034556,-4.016885,-4.4595284,-4.033265,-2.1756082,5.049121,5.1901646,-3.1564484,6.1614156,1.029963,-5.4146047,-2.2990086,4.0806255,-2.1423285,5.041191,0.63044995,-4.7248063,-4.505568,-3.8908021,1.3010479,5.9138184,4.8101907,-2.8741815,-3.8725462,3.4830892,4.286647,-2.1038926,0.52503896,-3.283804,4.690199,-2.4425907,-4.1704473,3.8338895,-5.949245,2.5733783,-2.8581433,-4.4592533,-4.924416,3.3737707,-4.8664365,3.3425376,4.3957834,-5.1866183,1.7320341,-5.4331956,-2.679203,-5.5611734,-3.0214105,4.7042418,4.3710256,0.24339937,-3.7853153,-4.2569385,-1.2503512,-7.420558,-4.221022,-0.5199849,5.045948,4.152951,6.3566294,-4.0848,-3.8005683,-2.8715286,-6.427203,-4.4550095
Burkitt's lymphoma cancer,1.4349415,1.1988133,2.0150552,1.295147,3.4535508,1.4657426,-2.5213594,-1.4348389,-0.6608032,1.767907,2.3587303,-0.18121117,-1.5900455,1.181031,-1.9254742,2.8482494,-2.4034286,2.1748085,1.4967954,2.2913299,3.292648,-0.3390637,-1.9413388,-1.5742836,3.3654828,-3.1569839,3.5511603,-2.8151913,-1.0507026,-3.843955,-2.2436252,1.7267426,-2.316886,1.9761096,-1.8544255,-2.757971,2.4124103,0.40456107,3.2873466,-4.0916185,0.39099917,2.8001692,-3.3864653,1.6706465,3.113752,1.3557116,-1.2604364,-2.0209646,-2.4053452,-1.8791629,-2.54714,3.6955872,2.42613,2.258742,3.4727416,2.3361673,-0.11595437,1.7038645,1.8792127,1.6237144,2.941976,-2.2686603,1.6606957,2.0048275,-1.9958574,-2.2153616,-2.0039616,-1.0863382,2.5057354,2.5756447,-1.57174,3.0546556,0.52081805,-2.6860113,-1.1473162,2.0277781,-1.0693959,2.5025792,0.3225886,-2.3454666,-2.237358,-1.9371947,0.65225226,2.9321806,2.3883405,-1.4319701,-1.9270891,1.7358036,2.1301153,-1.0506163,0.2682019,-1.6280707,2.3282993,-1.2190961,-2.0656304,1.9054387,-2.9504209,1.283121,-1.4234909,-2.2143838,-2.4442973,1.6782259,-2.4154036,1.663111,2.1840577,-2.5737514,0.8676354,-2.6972673,-1.335027,-2.758984,-1.5040556,2.3359756,2.1736853,0.12934408,-1.8820965,-2.1146803,-0.62877816,-3.6766262,-2.098986,-0.26897052,2.504105,2.0630522,3.15336,-2.029707,-1.8925064,-1.4326689,-3.186603,-2.216383
Leptomeningeal metastasis cancer,0.9037183,0.75589067,1.2643949,0.81555825,2.1622565,0.92408633,-1.5821241,-0.9040156,-0.42129287,1.1113745,1.4791198,-0.10516166,-0.9873512,0.74546015,-1.2107644,1.7843084,-1.5083281,1.3661882,0.94237095,1.4376912,2.0620744,-0.20159602,-1.2191955,-0.99059093,2.1083767,-1.9785047,2.2240827,-1.7663145,-0.66371065,-2.404296,-1.4085642,1.084945,-1.4529461,1.2419238,-1.1658833,-1.7304912,1.5153071,0.25973812,2.0582235,-2.5612783,0.253031,1.7547768,-2.1204152,1.0508734,1.950331,0.8544596,-0.79497105,-1.2691526,-1.508958,-1.1818081,-1.5982094,2.3124573,1.5203693,1.4181134,2.1740036,1.4647132,-0.081817344,1.0727638,1.1814338,1.0218121,1.8429728,-1.4239877,1.04492,1.2584933,-1.253574,-1.3907901,-1.2577692,-0.68598795,1.5707394,1.6152838,-0.98994184,1.9135624,0.334118,-1.6829886,-0.7247605,1.2739311,-0.6760116,1.5710844,0.20949942,-1.4732385,-1.4043148,-1.219306,0.41405094,1.8365657,1.4985449,-0.9025347,-1.2121853,1.0935508,1.3382385,-0.66373813,0.17372066,-1.02002,1.461073,-0.7685047,-1.2926182,1.1980032,-1.8492011,0.80932564,-0.89711696,-1.3905851,-1.5339141,1.056488,-1.5160062,1.0454465,1.3707731,-1.6147499,0.5511871,-1.6920965,-0.84192276,-1.7301624,-0.9470596,1.4664019,1.366124,0.08750805,-1.1829662,-1.3287518,-0.40132764,-2.3007104,-1.3191969,-0.17714395,1.570449,1.2972376,1.9768555,-1.27449,-1.1912581,-0.9031068,-1.9972082,-1.3944247
Luminal A cancer,2.7015355,2.2486553,3.7934213,2.446299,6.536539,2.7621753,-4.771118,-2.7094014,-1.2436371,3.3357487,4.449624,-0.3698578,-3.0331771,2.2138166,-3.6520665,5.3829985,-4.55298,4.1144686,2.8140788,4.319293,6.233462,-0.65925103,-3.6613433,-2.9697855,6.3777246,-5.98418,6.722175,-5.327606,-1.9852405,-7.2712646,-4.2409587,3.2430634,-4.373867,3.726424,-3.4897752,-5.236816,4.556245,0.7590322,6.2173505,-7.7623906,0.7297228,5.295395,-6.411407,3.1550229,5.893642,2.5509157,-2.3610466,-3.8037348,-4.5435786,-3.5376384,-4.823028,6.9952793,4.5742707,4.273247,6.569609,4.407713,-0.20828904,3.2324195,3.5531573,3.0617795,5.563363,-4.2925296,3.1296926,3.777535,-3.7696836,-4.1813912,-3.775908,-2.0393808,4.728684,4.8692784,-2.9650326,5.7810793,0.9710921,-5.0718217,-2.1624503,3.830535,-2.018397,4.739994,0.5924073,-4.451456,-4.2286654,-3.6479666,1.2228552,5.543873,4.511099,-2.7006884,-3.6309602,3.2638345,4.024404,-1.9748482,0.49223384,-3.0820014,4.404162,-2.279789,-3.9133284,3.6070642,-5.5846148,2.4165418,-2.6884382,-4.192126,-4.6266828,3.1767223,-4.5754294,3.1285052,4.115409,-4.8740973,1.6372364,-5.095033,-2.520674,-5.22243,-2.8387895,4.417167,4.0964856,0.22988535,-3.5513954,-4.0041356,-1.183249,-6.953701,-3.9573748,-0.49302778,4.734418,3.9157286,5.96499,-3.8293164,-3.562715,-2.6841803,-6.039228,-4.1837616
tonsil cancer,1.6887671,1.410119,2.3731515,1.5246446,4.0707192,1.7247727,-2.9706023,-1.688886,-0.7757962,2.0817008,2.7786956,-0.21788356,-1.8782811,1.3888505,-2.268021,3.3564909,-2.8318322,2.561729,1.7614543,2.6988251,3.8809247,-0.40437198,-2.2862618,-1.8533331,3.96683,-3.7208989,4.185562,-3.3168988,-1.2361646,-4.531535,-2.642929,2.0327256,-2.729518,2.3268628,-2.1830943,-3.2502747,2.8412864,0.47418165,3.8745918,-4.823862,0.45737922,3.2997642,-3.9916656,1.9670686,3.6698956,1.5952209,-1.4823728,-2.3797002,-2.8336928,-2.212151,-3.0011907,4.356512,2.8583508,2.6608574,4.093273,2.752212,-0.13278674,2.0065513,2.213097,1.9114571,3.4671307,-2.6727097,1.9549321,2.361075,-2.3507035,-2.6093388,-2.3601334,-1.2775483,2.9521725,3.0346804,-1.8500134,3.600124,0.610253,-3.164963,-1.3495946,2.3882337,-1.2578769,2.9484315,0.37664184,-2.7634637,-2.6356046,-2.2801502,0.7661763,3.4556108,2.8135157,-1.6852257,-2.268608,2.0425146,2.508782,-1.2355419,0.31327236,-1.9187901,2.7430284,-1.4337361,-2.435197,2.244153,-3.4769711,1.5096738,-1.675463,-2.6086328,-2.879824,1.9760736,-2.8458674,1.9578538,2.5722423,-3.032606,1.0195534,-3.1775901,-1.5711228,-3.2510366,-1.7705152,2.7518241,2.5594158,0.14937918,-2.2162406,-2.4909408,-0.7380351,-4.333853,-2.4715056,-0.313098,2.9503787,2.4302511,3.7157779,-2.3904688,-2.2274487,-1.685137,-3.7557003,-2.6094718
meningioma cancer,2.53865,2.1132236,3.5640206,2.2986016,6.1401987,2.595665,-4.4822555,-2.5459235,-1.1692768,3.1341808,4.1803365,-0.3459457,-2.8478181,2.0806174,-3.431143,5.0568366,-4.2772956,3.8656247,2.6443362,4.0580096,5.8555307,-0.6176337,-3.4399354,-2.7904413,5.991056,-5.6214952,6.314675,-5.005082,-1.865645,-6.830062,-3.984429,3.0472908,-4.1090984,3.5012033,-3.2790637,-4.9194913,4.2807865,0.71388906,5.840463,-7.291415,0.6866522,4.974548,-6.0226297,2.964389,5.5363483,2.3972185,-2.218933,-3.573885,-4.2686343,-3.3240857,-4.531054,6.570912,4.297363,4.01462,6.171258,4.1408405,-0.1969881,3.0371082,3.3383899,2.8770103,5.2262616,-4.032725,2.9407423,3.5490932,-3.5417287,-3.928516,-3.547579,-1.9167076,4.4424386,4.5744576,-2.78615,5.4306645,0.9134069,-4.7646036,-2.032337,3.5989797,-1.8969074,4.453092,0.5577438,-4.181952,-3.972747,-3.4278562,1.1495621,5.207854,4.2380624,-2.537808,-3.4116921,3.067129,3.7811267,-1.8560411,0.4633157,-2.8951998,4.137547,-2.1426423,-3.6759274,3.3889656,-5.2462015,2.2709444,-2.5262582,-3.938443,-4.3465633,2.9848812,-4.2983975,2.939559,3.8664973,-4.5789175,1.5390451,-4.7866907,-2.368749,-4.906094,-2.667491,4.149881,3.8490522,0.21701857,-3.3367817,-3.7619452,-1.1125778,-6.531971,-3.718244,-0.46450418,4.4477043,3.678899,5.603632,-3.5977142,-3.3477194,-2.5225534,-5.6732273,-3.931108
breast cancer brain metastasis cancer,0.86411595,0.72333115,1.2092173,0.7793842,2.0658047,0.8834419,-1.5115389,-0.8639252,-0.40273687,1.0623374,1.4139872,-0.09907451,-0.9421216,0.7134074,-1.1561544,1.705183,-1.4407027,1.305202,0.9014008,1.3745859,1.9699968,-0.1918478,-1.1655701,-0.94691056,2.013807,-1.8895975,2.1247802,-1.6874361,-0.63416207,-2.2974336,-1.3459249,1.0379864,-1.3887906,1.1873004,-1.1150004,-1.6521674,1.4481395,0.24841262,1.966673,-2.4458961,0.24216568,1.676763,-2.025725,1.0043364,1.8633231,0.8170849,-0.76091003,-1.2137647,-1.442085,-1.1301193,-1.5266423,2.2093306,1.4535915,1.3548992,2.0772524,1.4002472,-0.07860179,1.0242435,1.1288154,0.9767489,1.7610155,-1.3604538,0.9990299,1.2033631,-1.1980323,-1.3293536,-1.202646,-0.65626085,1.5014558,1.5435008,-0.9462143,1.8282206,0.31992555,-1.6086465,-0.69276214,1.217402,-0.6460296,1.5006604,0.20103659,-1.4066449,-1.3419831,-1.1658888,0.3961739,1.7550256,1.4322283,-0.8627213,-1.159025,1.0458946,1.2788186,-0.634823,0.16678837,-0.97447,1.3959922,-0.7357689,-1.2347294,1.1443917,-1.7666653,0.773803,-0.8572893,-1.3283839,-1.4653896,1.0091329,-1.4480555,0.9999391,1.3107252,-1.542475,0.52668,-1.6171316,-0.80452895,-1.652891,-0.9051263,1.4011401,1.3061001,0.08432236,-1.1307547,-1.2692238,-0.38362998,-2.198442,-1.2611958,-0.16996607,1.500682,1.2384862,1.888847,-1.2183493,-1.1391823,-0.8643907,-1.9075357,-1.3327198
chordoma,3.7231536,3.0991735,5.234094,3.3715878,9.021887,3.8058553,-6.5814266,-3.7334392,-1.7082947,4.5997133,6.1396627,-0.51879406,-4.1949635,3.0502293,-5.0343976,7.429097,-6.279844,5.673491,3.8795412,5.959318,8.602948,-0.9214772,-5.0504794,-4.094183,8.800781,-8.2563505,9.277065,-7.3487687,-2.733603,-10.039544,-5.8489633,4.4731064,-6.0350814,5.1392164,-4.8124266,-7.222807,6.2832,1.0408556,8.581353,-10.713128,0.99842316,7.307522,-8.84902,4.349806,8.133856,3.514898,-3.2539024,-5.2469535,-6.2678957,-4.877741,-6.65227,9.656807,6.312846,5.8939734,9.068193,6.082699,-0.27751708,4.453798,4.8986936,4.220194,7.677594,-5.9206142,4.3148,5.21151,-5.198887,-5.7675037,-5.209195,-2.8090644,6.525019,6.7179027,-4.0861025,7.978159,1.3321983,-6.999698,-2.9773118,5.282032,-2.7787561,6.537034,0.8097578,-6.137906,-5.8331685,-5.028715,1.68223,7.651664,6.2235694,-3.721401,-5.006485,4.4981103,5.549295,-2.7198076,0.67385674,-4.253057,6.0752764,-3.1420648,-5.4016566,4.9728136,-7.706016,3.3292143,-3.7041726,-5.7812524,-6.381942,4.3775024,-6.3107147,4.3148365,5.6779366,-6.72351,2.2508304,-7.0288625,-3.4720156,-7.2050366,-3.9121664,6.0924993,5.648825,0.31043622,-4.8971906,-5.5208373,-1.6246846,-9.599482,-5.4574804,-0.6711212,6.5322323,5.3970523,8.2306185,-5.282265,-4.9116096,-3.6997256,-8.332303,-5.7673326
"Luminal A,triple negative cancer",3.588663,2.9866908,5.0435114,3.2503574,8.695003,3.6688318,-6.343887,-3.599315,-1.6480345,4.4334884,5.91666,-0.4997469,-4.042467,2.939646,-4.854157,7.1595545,-6.0536914,5.4691567,3.7388864,5.7428117,8.2915125,-0.88635236,-4.867428,-3.9464335,8.482933,-7.958578,8.941243,-7.0835896,-2.6359959,-9.674649,-5.637771,4.3100786,-5.8161354,4.9531736,-4.637789,-6.9636054,6.056231,1.004457,8.270079,-10.32637,0.96380466,7.042813,-8.528578,4.19301,7.8393726,3.3880002,-3.135616,-5.056174,-6.040969,-4.7009773,-6.4124994,9.306539,6.0830593,5.6813765,8.739256,5.86166,-0.26925677,4.2948723,4.722346,4.067929,7.3993335,-5.707042,4.1588225,5.022168,-5.011037,-5.558686,-5.0199203,-2.7076108,6.288033,6.4748225,-3.9389865,7.6893415,1.2850436,-6.7454233,-2.8706462,5.0913696,-2.6795125,6.3017335,0.78116715,-5.9179273,-5.6223063,-4.8468604,1.6219459,7.3741,5.9981885,-3.587508,-4.825315,4.3353596,5.3490376,-2.6218634,0.64983755,-4.0992045,5.8558903,-3.027476,-5.2060776,4.7941628,-7.4273796,3.209345,-3.5712202,-5.573092,-6.151761,4.2206883,-6.0834665,4.1580563,5.4715896,-6.4810925,2.1712258,-6.7743526,-3.34756,-6.9448214,-3.7713835,5.872543,5.4442515,0.29990113,-4.7201867,-5.322376,-1.5675174,-9.250869,-5.2599006,-0.6480828,6.295847,5.2041354,7.932831,-5.090871,-4.733859,-3.5651364,-8.031726,-5.559442
invasive ductal carcinoma cancer,3.859453,3.2122703,5.4256897,3.4953167,9.353569,3.945269,-6.8233256,-3.8704255,-1.7707864,4.7683854,6.364788,-0.5389555,-4.3501415,3.16148,-5.2197647,7.7019,-6.510862,5.8819904,4.0213866,6.177692,8.91928,-0.9560812,-5.235608,-4.244284,9.124644,-8.560248,9.618168,-7.6189084,-2.8339417,-10.408465,-6.063775,4.6365466,-6.2564936,5.327574,-4.9885316,-7.4889956,6.5138035,1.0788263,8.89666,-11.1077175,1.0346859,7.5759835,-9.174416,4.509414,8.432886,3.6435108,-3.3725216,-5.4389873,-6.4979687,-5.0562906,-6.896916,10.011857,6.5442314,6.1105614,9.401446,6.305745,-0.28724182,4.6178255,5.078629,4.374886,7.959665,-6.1382127,4.472864,5.402405,-5.389693,-5.9790697,-5.400014,-2.9116507,6.7643533,6.9646497,-4.2359157,8.271439,1.3805544,-7.2565465,-3.0864017,5.475921,-2.880664,6.7774796,0.8387896,-6.3640194,-6.047357,-5.2128325,1.7435844,7.9327216,6.451978,-3.8578045,-5.189857,4.662607,5.7530184,-2.81923,0.6979913,-4.409436,6.2985034,-3.25647,-5.6003985,5.155638,-7.9893193,3.4511094,-3.840102,-5.9938154,-6.616564,4.5384436,-6.5428567,4.4726725,5.885924,-6.970785,2.3333547,-7.286865,-3.599409,-7.469926,-4.0556664,6.3163047,5.855788,0.32123935,-5.0767794,-5.723855,-1.6841143,-9.9522,-5.6574807,-0.6951323,6.7721562,5.595899,8.533061,-5.4759445,-5.091378,-3.8346193,-8.638949,-5.978896
osteosarcoma cancer,0.86246985,0.7214634,1.2060611,0.77831817,2.0619762,0.88202477,-1.509193,-0.86280537,-0.40271035,1.060383,1.4107918,-0.09926042,-0.94054157,0.7116089,-1.1552932,1.7016708,-1.438839,1.3034174,0.89928883,1.3713706,1.9665121,-0.19089773,-1.163089,-0.94525486,2.0107732,-1.887025,2.1210337,-1.684884,-0.63367456,-2.292455,-1.3437346,1.0350747,-1.3858359,1.1848861,-1.1123896,-1.6507448,1.4456542,0.24849965,1.9627699,-2.4424736,0.24232987,1.6735835,-2.022096,1.0027388,1.8599766,0.81553906,-0.7587894,-1.2107402,-1.4393531,-1.1276406,-1.5245528,2.2050333,1.4500048,1.3528346,2.073132,1.3970002,-0.079186246,1.0238063,1.127263,0.9750836,1.7576269,-1.3584052,0.9970877,1.2005016,-1.1959326,-1.3267528,-1.1997961,-0.65489084,1.4981179,1.5407054,-0.94477135,1.824946,0.3196182,-1.6050712,-0.6919718,1.215406,-0.6454791,1.4987776,0.20072459,-1.405546,-1.3396146,-1.1635476,0.39554667,1.7514617,1.429429,-0.8614221,-1.1566448,1.0436683,1.2767625,-0.6336897,0.16637152,-0.9728027,1.3937284,-0.7334862,-1.2325958,1.143087,-1.7636828,0.7725346,-0.85625666,-1.3266299,-1.4632255,1.0082457,-1.4461812,0.99744534,1.307577,-1.5402911,0.52664,-1.614038,-0.80365896,-1.650275,-0.9038215,1.398881,1.3034083,0.08426621,-1.1286688,-1.267749,-0.38368705,-2.19384,-1.258623,-0.17002837,1.4979317,1.2378277,1.8854843,-1.215818,-1.1367768,-0.86194336,-1.9048764,-1.330604
liposarcoma cancer,1.4178827,1.183093,1.9881754,1.2816443,3.4131274,1.4495795,-2.493759,-1.419991,-0.65600574,1.7474511,2.3289433,-0.18057542,-1.5722209,1.1656586,-1.9080609,2.8136163,-2.378469,2.1517074,1.4778832,2.2621403,3.2548146,-0.33280388,-1.9177423,-1.556496,3.3287964,-3.1233995,3.5102453,-2.7843578,-1.0411862,-3.7964814,-2.2183535,1.7027327,-2.2884555,1.952517,-1.8307801,-2.732112,2.3848011,0.4021708,3.2477472,-4.0478845,0.38897005,2.7672918,-3.3473825,1.6524012,3.077881,1.3396318,-1.2432605,-1.9944469,-2.3768046,-1.8557465,-2.5199406,3.6516724,2.394249,2.234275,3.4311388,2.306689,-0.117540985,1.6894364,1.8593242,1.6051059,2.906952,-2.2439837,1.6411426,1.9792321,-1.9730154,-2.1888971,-1.9782572,-1.0731206,2.4741614,2.5457656,-1.5545628,3.0194414,0.5160937,-2.6524346,-1.1356093,2.0048842,-1.0594817,2.476711,0.3189941,-2.3239315,-2.2118819,-1.9139392,0.64527065,2.8968904,2.3600984,-1.4165515,-1.9039998,1.7143801,2.1062095,-1.0386469,0.26487607,-1.6095759,2.3024697,-1.2012864,-2.0419447,1.8863869,-2.9171872,1.2688364,-1.4090263,-2.1912706,-2.4179688,1.662199,-2.390365,1.6415176,2.1560748,-2.546362,0.86117774,-2.6652827,-1.3216219,-2.7285268,-1.4878095,2.3099976,2.1471045,0.12818864,-1.8602439,-2.0932655,-0.62445736,-3.63161,-2.073762,-0.26726985,2.4751863,2.0450106,3.1172059,-2.0052307,-1.8695847,-1.4129641,-3.1525238,-2.1918604
adrenocortical cancer,2.2053246,1.8389184,3.099407,1.9937955,5.328014,2.2533126,-3.8876905,-2.2082238,-1.0128208,2.7211452,3.631995,-0.29445824,-2.4666913,1.8106248,-2.9709287,4.3905835,-3.707668,3.3520865,2.2992215,3.526612,5.0800953,-0.53554267,-2.9881625,-2.4224353,5.1945753,-4.8728657,5.4785323,-4.340892,-1.6166394,-5.930077,-3.457108,2.6521127,-3.5688334,3.0410168,-2.8506272,-4.25957,3.7153356,0.61827534,5.0697165,-6.3196983,0.59496695,4.3174963,-5.2251906,2.5722592,4.803532,2.0826504,-1.9320532,-3.107577,-3.7057068,-2.8889189,-3.9285097,5.7024307,3.735292,3.4820461,5.356535,3.5978181,-0.16975565,2.6284103,2.8952281,2.4977264,4.5362654,-3.497623,2.554192,3.0847619,-3.0740018,-3.411261,-3.0834444,-1.6664064,3.859256,3.970007,-2.4179206,4.711929,0.7936941,-4.138591,-1.7630271,3.1231122,-1.6442846,3.8599722,0.48660478,-3.6208386,-3.4476638,-2.97806,0.9988573,4.5210986,3.6794593,-2.2023973,-2.9638414,2.6659713,3.280929,-1.6124771,0.40482798,-2.5115972,3.589339,-1.8672402,-3.1885262,2.937321,-4.551011,1.9717724,-2.1907914,-3.4145029,-3.7693362,2.586139,-3.725986,2.5562358,3.360734,-3.9700944,1.3324999,-4.155526,-2.0539675,-4.2552605,-2.3144417,3.6002536,3.343813,0.19027689,-2.8970518,-3.2605944,-0.9634142,-5.670853,-3.2297177,-0.40409485,3.8600047,3.1840825,4.86235,-3.124776,-2.9090185,-2.1964972,-4.91811,-3.4114704
Barrett's carcinogenesis cancer,2.6679635,2.2242014,3.7525048,2.4115767,6.4525256,2.7250848,-4.70581,-2.6707306,-1.2217487,3.2928214,4.397661,-0.3608446,-2.9915493,2.1895592,-3.593978,5.316885,-4.487589,4.056671,2.781667,4.269537,6.1517906,-0.65489393,-3.6167042,-2.930694,6.2896986,-5.899753,6.6343513,-5.2546697,-1.9539917,-7.1832523,-4.1845717,3.210467,-4.3209085,3.6801083,-3.4498749,-5.155226,4.4967504,0.7446137,6.1399946,-7.6530557,0.7153995,5.227752,-6.327755,3.1120167,5.816675,2.519196,-2.3368776,-3.7618027,-4.4863586,-3.495975,-4.755403,6.9067426,4.5235815,4.2142515,6.4873347,4.356188,-0.19986066,3.178883,3.5031836,3.022052,5.493301,-4.2334466,3.0902936,3.7342196,-3.7204626,-4.1292653,-3.7328556,-2.0149367,4.673228,4.8063636,-2.9247527,5.70566,0.9563425,-5.0116663,-2.131377,3.7798207,-1.987191,4.671686,0.5851637,-4.3812222,-4.1730776,-3.603091,1.2062633,5.47493,4.4541326,-2.663553,-3.586135,3.2251234,3.9707935,-1.9493544,0.48696116,-3.0411806,4.344666,-2.2591288,-3.8618288,3.5538077,-5.5100884,2.384438,-2.6494818,-4.1322746,-4.5623865,3.1282132,-4.509631,3.0936248,4.068424,-4.805558,1.6085824,-5.0308394,-2.4838212,-5.1514087,-2.7997534,4.3576846,4.0469713,0.22679332,-3.5058374,-3.9455347,-1.1619034,-6.8687305,-3.9085598,-0.48429796,4.6729755,3.8520057,5.886882,-3.7821598,-3.5193844,-2.6570604,-5.9544487,-4.127455
large cell neuroendocrine cancer,1.5153154,1.2642763,2.1257014,1.3698001,3.650107,1.5490576,-2.6662884,-1.517551,-0.70018506,1.867966,2.4901936,-0.19469473,-1.682949,1.2454908,-2.0396352,3.0087743,-2.5429833,2.3002574,1.5795474,2.4186318,3.4807143,-0.35789815,-2.050243,-1.6636851,3.5597115,-3.3398974,3.7538283,-2.9769835,-1.1124219,-4.0605493,-2.3716373,1.8202004,-2.446917,2.0872552,-1.9569937,-2.9211845,2.5494442,0.42894238,3.4732084,-4.3290453,0.41448385,2.959155,-3.5797832,1.76627,3.29146,1.431566,-1.3285161,-2.1321976,-2.5412424,-1.9836003,-2.6942427,3.9054787,2.560188,2.3887258,3.6694221,2.4664996,-0.12401807,1.8056473,1.98753,1.7155504,3.108574,-2.39914,1.7541549,2.1160655,-2.1092734,-2.340164,-2.11503,-1.146542,2.6455505,2.7220237,-1.6614087,3.22891,0.55047256,-2.836359,-1.2132362,2.1432526,-1.1318705,2.6479075,0.33972132,-2.484466,-2.364844,-2.0456321,0.68904996,3.0979173,2.523401,-1.5138223,-2.0351894,1.8321302,2.2515676,-1.1096723,0.28221068,-1.7212117,2.4617493,-1.2836771,-2.1838334,2.0164664,-3.1194057,1.355834,-1.5057836,-2.3426695,-2.5852318,1.7765346,-2.555679,1.7547392,2.3051803,-2.722581,0.9195231,-2.8496974,-1.4122381,-2.9174864,-1.5901017,2.4696834,2.295182,0.13586186,-1.9885644,-2.2377353,-0.66641814,-3.8839786,-2.2168345,-0.28419644,2.6465924,2.18598,3.3332033,-2.1438081,-1.9982473,-1.5099423,-3.3710244,-2.3427992
cervical squamous cell carcinoma cancer,2.6634886,2.2184193,3.74205,2.4109163,6.4437213,2.7227566,-4.702464,-2.6700268,-1.2246003,3.2886264,4.387993,-0.36333936,-2.9893863,2.183957,-3.5973372,5.3075075,-4.486514,4.054637,2.7755806,4.259844,6.144589,-0.6508832,-3.610473,-2.9277005,6.2854905,-5.896895,6.6262393,-5.250653,-1.955661,-7.1698184,-4.180081,3.1996439,-4.3128805,3.6744034,-3.4418583,-5.1585946,4.491224,0.7472858,6.1296587,-7.649333,0.718287,5.2205305,-6.3200955,3.1099076,5.809794,2.514989,-2.3296795,-3.7518766,-4.4792757,-3.4886236,-4.752763,6.8964443,4.511584,4.2117405,6.4770193,4.3469973,-0.20398745,3.1831136,3.501595,3.018113,5.4846764,-4.230589,3.085811,3.72574,-3.7160587,-4.122528,-3.7240345,-2.011105,4.662956,4.8001056,-2.9224339,5.6987977,0.957071,-5.0013976,-2.1307328,3.7756243,-1.9884666,4.6706357,0.5841632,-4.384757,-4.168588,-3.596954,1.2055817,5.4660535,4.4476657,-2.6619432,-3.5803847,3.218513,3.96661,-1.9470357,0.4858678,-3.0379343,4.3410454,-2.2499387,-3.8573017,3.5540895,-5.504757,2.3821254,-2.64917,-4.1310596,-4.5598397,3.1293623,-4.508663,3.0860033,4.0590587,-4.8034177,1.612059,-5.0230575,-2.483542,-5.147333,-2.7977643,4.353808,4.0391855,0.22665714,-3.501207,-3.9452927,-1.164918,-6.8562417,-3.9020998,-0.4854803,4.667349,3.856227,5.880157,-3.7759278,-3.5132985,-2.6485786,-5.9513245,-4.123806
acute myelocytic leukemia cancer,5.5263863,4.597879,7.7730174,5.006317,13.409071,5.6489253,-9.778793,-5.543024,-2.5313892,6.8307285,9.120416,-0.7833245,-6.246422,4.524292,-7.4798117,11.039321,-9.331514,8.428268,5.758071,8.851221,12.786258,-1.3819005,-7.5008473,-6.079123,13.080994,-12.271418,13.787905,-10.919095,-4.057416,-14.922814,-8.688886,6.6401052,-8.965679,7.6317945,-7.144654,-10.73543,9.332569,1.54042,12.753333,-15.926731,1.475129,10.858862,-13.152401,6.459666,12.088617,5.216418,-4.8265886,-7.7910504,-9.311546,-7.241546,-9.88464,14.354005,9.377998,8.7565565,13.477488,9.036237,-0.4026443,6.616137,7.2761025,6.2657714,11.409233,-8.796488,6.4061074,7.7397413,-7.7221694,-8.566707,-7.736416,-4.166921,9.693628,9.981364,-6.0662794,11.856843,1.9705218,-10.4001,-4.4179487,7.8454657,-4.1235723,9.713044,1.1936668,-9.121191,-8.665694,-7.4650955,2.493314,11.370818,9.245537,-5.524243,-7.4331985,6.6755705,8.242549,-4.034805,0.9937242,-6.320798,9.026346,-4.6601577,-8.029652,7.3870173,-11.451836,4.9408216,-5.4994383,-8.589357,-9.482553,6.5014715,-9.377208,6.405849,8.432685,-9.990861,3.3378162,-10.442081,-5.1541057,-10.706551,-5.808533,9.051187,8.387912,0.45301956,-7.272681,-8.201914,-2.407073,-14.267556,-8.104182,-0.9870444,9.7056055,8.019086,12.230314,-7.845514,-7.2910247,-5.4883847,-12.383979,-8.56409
diffuse large B cell lymphoma cancer,6.1018844,5.075694,8.58227,5.5289545,14.809819,6.2377415,-10.8004675,-6.1215515,-2.7953718,7.5431366,10.071157,-0.86857766,-6.9019513,4.9942627,-8.262743,12.191438,-10.307172,9.308716,6.357274,9.773546,14.12222,-1.5281194,-8.28289,-6.7131577,14.448727,-13.554682,15.228368,-12.059837,-4.481211,-16.481028,-9.595912,7.3303013,-9.90082,8.427477,-7.8884234,-11.859664,10.306311,1.7008823,14.084847,-17.593082,1.6283468,11.992726,-14.526654,7.1338816,13.351586,5.7594624,-5.32768,-8.602084,-10.283052,-7.9955854,-10.91765,15.853514,10.35511,9.671388,14.884918,9.978426,-0.44373187,7.3087535,8.035992,6.9189153,12.600365,-9.715463,7.0737596,8.546097,-8.527981,-9.4601345,-8.542341,-4.6001773,10.704273,11.0233965,-6.6989408,13.095478,2.174865,-11.484899,-4.8784823,8.664156,-4.553983,10.728468,1.3161733,-10.076177,-9.570398,-8.242656,2.75254,12.557924,10.210309,-6.10039,-8.207799,7.3701963,9.102744,-4.45475,1.0957506,-6.9812236,9.969183,-5.143245,-8.868903,8.159166,-12.6483755,5.4556217,-6.0734873,-9.487081,-10.473489,7.1809998,-10.357632,7.072602,9.311249,-11.035223,3.6863422,-11.531603,-5.6919475,-11.825295,-6.4144654,9.996364,9.261845,0.49858072,-8.031177,-9.059254,-2.6580653,-15.757163,-8.948942,-1.0883805,10.719012,8.858693,13.507698,-8.663654,-8.050407,-6.0582128,-13.678879,-9.457546
T-cell lymphoblastic lymphoma cancer,3.864073,3.215492,5.431261,3.4997838,9.364824,3.950145,-6.8318896,-3.8754811,-1.7735041,4.774049,6.3718863,-0.5399516,-4.3555,3.1647074,-5.2271576,7.7108107,-6.519416,5.889685,4.0256753,6.1844096,8.930139,-0.9567066,-5.2414536,-4.2493653,9.136268,-8.571498,9.629953,-7.628642,-2.8379276,-10.420211,-6.0714173,4.641183,-6.2635913,5.333628,-4.9939485,-7.499489,6.5218635,1.0805253,8.907175,-11.122176,1.036408,7.5849595,-9.185543,4.5149593,8.443068,3.647884,-3.3757725,-5.4447455,-6.505786,-5.061976,-6.905987,10.023668,6.5512815,6.1182203,9.412472,6.312567,-0.28819254,4.624778,5.0852213,4.380334,7.9691653,-6.1460114,4.4780536,5.4081836,-5.3962584,-5.9861255,-5.405863,-2.9149582,6.7720084,6.973077,-4.2412777,8.281457,1.3823526,-7.2646585,-3.0906293,5.4828053,-2.8846736,6.7864785,0.8398527,-6.373037,-6.054635,-5.218869,1.7456703,7.9418855,6.459487,-3.862638,-5.195725,4.667924,5.7602925,-2.822583,0.69862264,-4.414858,6.3063064,-3.259509,-5.6073275,5.162549,-7.9991307,3.4553604,-3.8452044,-6.00165,-6.62497,4.5448766,-6.5514326,4.477308,5.892185,-6.979741,2.3369808,-7.2955484,-3.6043723,-7.4792833,-4.0609083,6.3241873,5.862601,0.32171106,-5.082827,-5.7315707,-1.6868062,-9.963664,-5.6639533,-0.6962981,6.7802215,5.604227,8.543357,-5.4821377,-5.097065,-3.8382967,-8.650221,-5.9863777
Wilms tumor cancer,2.10311,1.752217,2.9523528,1.9031005,5.0803423,2.1501033,-3.7091036,-2.1079755,-0.9692559,2.5952604,3.4612813,-0.28136417,-2.3519309,1.7254609,-2.8382096,4.1853194,-3.5386992,3.1990113,2.191411,3.3606303,4.8446565,-0.5073898,-2.84866,-2.3108423,4.955829,-4.649857,5.224591,-4.141546,-1.5447013,-5.6516953,-3.2977977,2.525546,-3.4018514,2.8995476,-2.7166696,-4.0680814,3.5437632,0.5923463,4.8330164,-6.029927,0.570509,4.116796,-4.9828258,2.4543297,4.5808187,1.9862223,-1.8403726,-2.9606984,-3.5334237,-2.7537584,-3.7488306,5.4365463,3.558451,3.3223803,5.106559,3.4285898,-0.16556123,2.5121682,2.763142,2.382571,4.3249674,-3.3371792,2.4357781,2.9395347,-2.9319794,-3.2525456,-2.9382014,-1.5890037,3.6779203,3.7859786,-2.3072693,4.4934845,0.758817,-3.944226,-1.6834254,2.9792275,-1.5709556,3.684267,0.46491838,-3.458654,-3.2883441,-2.8396597,0.95353025,4.309996,3.5083659,-2.1018362,-2.8259847,2.5416427,3.1299171,-1.5383667,0.38632253,-2.3954442,3.4241266,-1.7775457,-3.0407524,2.8043683,-4.3408394,1.8813746,-2.0916271,-3.2588668,-3.5966122,2.4700298,-3.5562258,2.4356546,3.2023888,-3.7884607,1.2748724,-3.9623008,-1.9612833,-4.0594587,-2.208719,3.4345682,3.1878233,0.18242864,-2.7629573,-3.1127224,-0.922282,-5.405198,-3.0793617,-0.3875668,3.681115,3.0425682,4.637226,-2.9790783,-2.7735524,-2.0920575,-4.6928535,-3.2549005
follicular cleaved lymphoma cancer,1.8553796,1.5476091,2.6057656,1.6772894,4.477057,1.8961235,-3.268191,-1.8578738,-0.8541604,2.2884674,3.0530264,-0.24381126,-2.0692053,1.5241221,-2.4984233,3.6898596,-3.1168654,2.8185315,1.9343404,2.9648278,4.268942,-0.44555396,-2.512584,-2.0376415,4.365333,-4.0952373,4.6038027,-3.649073,-1.3608203,-4.982095,-2.9065375,2.2303705,-2.9999292,2.557385,-2.3975236,-3.58054,3.124002,0.52218515,4.2600727,-5.3099337,0.5033473,3.628639,-4.3907056,2.1634831,4.0366793,1.7524449,-1.6261168,-2.613051,-3.1151373,-2.4298525,-3.3023984,4.7911487,3.1394773,2.9275153,4.500964,3.0242164,-0.14644694,2.210885,2.4347973,2.1010003,3.8122168,-2.94045,2.1484885,2.5936205,-2.58472,-2.8680718,-2.5924273,-1.4027884,3.2438016,3.33708,-2.034201,3.959802,0.67032063,-3.4782746,-1.4840951,2.6261108,-1.3843131,3.2451148,0.41209328,-3.0442808,-2.898514,-2.5052161,0.8417425,3.7994034,3.093212,-1.8531517,-2.4929457,2.2431319,2.7588127,-1.3574855,0.34268138,-2.1107306,3.0174422,-1.5714363,-2.6789572,2.4701796,-3.824937,1.6593767,-1.8432978,-2.870808,-3.1687374,2.1753612,-3.1323369,2.1498957,2.825562,-3.3373134,1.1229076,-3.493281,-1.7283877,-3.5767407,-1.9470177,3.026831,2.8120298,0.16265781,-2.4363205,-2.7416956,-0.812668,-4.7647305,-2.716094,-0.34322047,3.2446415,2.677595,4.086838,-2.6273544,-2.447202,-1.8484807,-4.1333365,-2.8694346
HER2+ cancer,2.7178452,2.2647676,3.8207498,2.4587197,6.575161,2.7773569,-4.7968564,-2.7228658,-1.2471601,3.3553944,4.4790483,-0.36990753,-3.0500398,2.229475,-3.666741,5.4167037,-4.57556,4.1354475,2.8330772,4.348408,6.269383,-0.6662031,-3.6846607,-2.986794,6.411649,-6.014611,6.760895,-5.3560605,-1.9933006,-7.3179984,-4.2644835,3.2676163,-4.40176,3.749559,-3.513362,-5.2589254,4.58221,0.76058525,6.2555223,-7.802284,0.73078704,5.327049,-6.4485984,3.172223,5.927853,2.5662677,-2.3788283,-3.8304205,-4.570834,-3.5606785,-4.8476515,7.0376534,4.6061587,4.296068,6.609863,4.4372005,-0.20566921,3.2437463,3.5712998,3.0792134,5.596959,-4.3153787,3.1486828,3.8032262,-3.7913485,-4.206899,-3.8015776,-2.0523202,4.759682,4.897735,-2.980953,5.8146095,0.97532517,-5.1049724,-2.1727073,3.8518739,-2.0268886,4.763226,0.5957059,-4.469648,-4.2529855,-3.6705568,1.2295141,5.5782523,4.5385065,-2.7150605,-3.6536438,3.2847743,4.046609,-1.9863244,0.49573916,-3.0994658,4.4284353,-2.2983022,-3.9356353,3.624012,-5.616016,2.4299843,-2.701389,-4.213109,-4.6510463,3.1903179,-4.5981107,3.150411,4.1435585,-4.899261,1.6419415,-5.1257215,-2.532353,-5.25088,-2.853651,4.441482,4.12226,0.23080744,-3.572351,-4.023136,-1.1861792,-6.997611,-3.98203,-0.49403098,4.7621846,3.9301608,5.9994645,-3.8533745,-3.5853438,-2.7046037,-6.070253,-4.2066545
Solid-pseudopapillary neoplasm of pancreas cancer,1.7668861,1.4759696,2.4850688,1.5937879,4.259719,1.8035051,-3.106854,-1.7654355,-0.8090827,2.177658,2.9088767,-0.2278025,-1.9656833,1.4535893,-2.369385,3.5130382,-2.9608722,2.6787515,1.843454,2.8252494,4.0605607,-0.4256673,-2.392404,-1.9383384,4.1491218,-3.891414,4.379454,-3.4692214,-1.291109,-4.7436013,-2.7647312,2.1291926,-2.856778,2.4345336,-2.2851524,-3.3965893,2.9724019,0.49391475,4.0552855,-5.0452495,0.47605821,3.4527798,-4.1765785,2.0569065,3.8397374,1.6689302,-1.5520247,-2.4916017,-2.965315,-2.315236,-3.1386414,4.5592656,2.9932132,2.7825954,4.2839174,2.880959,-0.13607395,2.0956225,2.313995,1.9995377,3.628456,-2.795202,2.0451357,2.4715827,-2.4590912,-2.7304747,-2.4707901,-1.3365736,3.0905743,3.175134,-1.9345349,3.7667632,0.6367605,-3.3130844,-1.4106216,2.4982464,-1.3138999,3.0827162,0.3933139,-2.8874097,-2.757024,-2.385703,0.80063635,3.616475,2.943861,-1.761911,-2.3735275,2.137408,2.6242604,-1.2920238,0.32724467,-2.007432,2.8690348,-1.5020953,-2.548069,2.3456903,-3.6372707,1.5786577,-1.7512276,-2.7274811,-3.0116167,2.0650175,-2.975473,2.0495322,2.6927097,-3.1712294,1.0636678,-3.3250914,-1.6421424,-3.4004557,-1.851362,2.8782947,2.67854,0.15546563,-2.3185003,-2.603995,-0.7695424,-4.5364404,-2.5860496,-0.3258543,3.0866952,2.5387015,3.8874297,-2.5013704,-2.3305383,-1.7645012,-3.9278753,-2.7290177
endometrial cancer,2.699541,2.247794,3.7920308,2.443607,6.531232,2.7595692,-4.7663903,-2.706353,-1.2413354,3.3330233,4.4471207,-0.3687126,-3.0302272,2.2129157,-3.6467066,5.3792887,-4.5477977,4.110036,2.8126044,4.3170266,6.228074,-0.6596694,-3.6589155,-2.9671803,6.3712473,-5.9776716,6.716397,-5.3222866,-1.9823802,-7.2665863,-4.237062,3.2423487,-4.37102,3.7237554,-3.487991,-5.229499,4.5522943,0.757408,6.2128305,-7.75403,0.72804224,5.2912,-6.4059477,3.1519437,5.888614,2.549022,-2.3604553,-3.8021283,-4.540099,-3.5355518,-4.8178515,6.98992,4.5722785,4.268915,6.5647564,4.405272,-0.20684381,3.2271743,3.5493221,3.059156,5.5591354,-4.2881913,3.127327,3.775608,-3.7664397,-4.1783156,-3.774013,-2.038076,4.725954,4.8652406,-2.962124,5.776153,0.96980155,-5.0687923,-2.1599233,3.8270547,-2.0156033,4.734533,0.591947,-4.445041,-4.2249794,-3.6454074,1.2216692,5.5398936,4.507671,-2.6979635,-3.6284184,3.261832,4.0206766,-1.9732037,0.49205148,-3.0792394,4.3999715,-2.2797513,-3.909883,3.602643,-5.579508,2.414328,-2.6852815,-4.1874275,-4.6218925,3.1724374,-4.570209,3.1271238,4.1133585,-4.868876,1.6342363,-5.0911446,-2.51761,-5.217353,-2.835892,4.4129844,4.0937834,0.229621,-3.5485187,-3.9993193,-1.1809347,-6.9490156,-3.9546013,-0.49205467,4.730468,3.9096177,5.959855,-3.826671,-3.5603561,-2.6835833,-6.032759,-4.1797867
follicular thyroid carcinoma cancer,4.5519986,3.7889876,6.4027386,4.122039,11.03799,4.652417,-8.049808,-4.5640707,-2.085094,5.624952,7.510675,-0.6394576,-5.1372075,3.7286353,-6.1555133,9.08889,-7.6805615,6.9381824,4.743727,7.2896633,10.525004,-1.1341676,-6.1771674,-5.006153,10.766269,-10.099572,11.34962,-8.988359,-3.3405576,-12.285023,-7.153489,5.4710517,-7.382606,6.2850876,-5.8853526,-8.833603,7.6842055,1.2693087,10.499129,-13.106701,1.2162699,8.939652,-10.826327,5.318824,9.950989,4.2969847,-3.9781091,-6.417721,-7.666788,-5.9648757,-8.136236,11.815758,7.723313,7.2085137,11.095,7.4412766,-0.3335835,5.4445324,5.990143,5.1600285,9.392748,-7.2412477,5.276048,6.3746376,-6.3582296,-7.0541997,-6.37187,-3.4334347,7.9823503,8.217499,-4.9955034,9.760339,1.6249793,-8.563557,-3.638443,6.459595,-3.3954635,7.9947314,0.98616654,-7.5057364,-7.134577,-6.148775,2.0547512,9.361381,7.6125746,-4.54929,-6.1221414,5.4994392,6.786404,-3.324054,0.8211021,-5.202984,7.4307456,-3.8416889,-6.6090293,6.080576,-9.426754,4.0695333,-4.528078,-7.070245,-7.8056583,5.35162,-7.718231,5.2770667,6.9453278,-8.2236,2.7484741,-8.597642,-4.243833,-8.8132105,-4.782937,7.451472,6.908211,0.3758409,-5.988839,-6.7511415,-1.9826986,-11.745741,-6.6742597,-0.81562704,7.9904423,6.5986834,10.068344,-6.4607296,-6.005669,-4.5234666,-10.19245,-7.0518956
"Luminal A,Luminal B cancer",3.3604248,2.797173,4.722497,3.0431907,8.139557,3.4353826,-5.9388475,-3.3699822,-1.5434772,4.15101,5.539567,-0.46602768,-3.782597,2.7532346,-4.543914,6.7026477,-5.666941,5.120109,3.5012422,5.3769884,7.761792,-0.8283044,-4.55731,-3.6950574,7.9406953,-7.4498353,8.370065,-6.6313124,-2.4680588,-9.056695,-5.278118,4.0362277,-5.445279,4.6376653,-4.3427763,-6.518074,5.670107,0.94092864,7.742034,-9.665769,0.90315527,6.5932045,-7.983671,3.9257302,7.3385983,3.172633,-2.93683,-4.7344556,-5.655693,-4.40191,-6.0029545,8.71192,5.695451,5.3187118,8.181129,5.487995,-0.2530724,4.020431,4.4211035,3.8089254,6.9269724,-5.3427153,3.8940785,4.702353,-4.691523,-5.204376,-4.7002583,-2.535787,5.8871675,6.0616264,-3.6881535,7.198204,1.2040775,-6.315186,-2.6880674,4.7667394,-2.508941,5.899212,0.7325753,-5.539483,-5.2636056,-4.538497,1.5191914,6.9033494,5.615633,-3.3591073,-4.518161,4.0598526,5.0079536,-2.4553545,0.60937935,-3.8373475,5.482091,-2.835755,-4.873295,4.488115,-6.952974,3.0052342,-3.3436713,-5.2172284,-5.758923,3.9513512,-5.6948266,3.8935995,5.1231346,-6.0670867,2.0331657,-6.342292,-3.134346,-6.5012817,-3.5311441,5.497799,5.0976415,0.28183347,-4.419429,-4.9825306,-1.4681067,-8.660111,-4.9249077,-0.6079396,5.894031,4.8714213,7.4263487,-4.766446,-4.432723,-3.3390725,-7.5183625,-5.205202
high grade serous papillary ovarian cancer,2.113044,1.7603499,2.9662075,1.9120407,5.1044145,2.160203,-3.7266269,-2.11791,-0.97377133,2.607467,3.4776182,-0.28278276,-2.3631268,1.7334783,-2.8516276,4.205107,-3.5554557,3.2141817,2.2016404,3.3764353,4.867599,-0.50986695,-2.8620112,-2.3216822,4.979334,-4.671975,5.2493725,-4.1611905,-1.551966,-5.6783843,-3.31345,2.53742,-3.4178867,2.913135,-2.7294254,-4.0873804,3.5605507,0.5950578,4.855936,-6.058596,0.5731165,4.1362395,-5.0064197,2.4658513,4.6024814,1.9956001,-1.8489168,-2.9746165,-3.5501742,-2.766718,-3.7666614,5.4622774,3.5752616,3.3380444,5.130723,3.4446838,-0.16626118,2.5241206,2.776208,2.3938582,4.345472,-3.352968,2.4472039,2.9533184,-2.945826,-3.2679152,-2.952022,-1.5964441,3.6953278,3.8038905,-2.3181548,4.514745,0.7622797,-3.962832,-1.6914121,2.9933562,-1.5783417,3.701738,0.4670644,-3.4750488,-3.3038328,-2.8530126,0.9579368,4.3303356,3.5248787,-2.1117046,-2.8392148,2.5536025,3.144767,-1.5455586,0.38803118,-2.4067879,3.4402897,-1.7858675,-3.0552013,2.8176231,-4.3613586,1.8902161,-2.1014955,-3.2742865,-3.6136088,2.481774,-3.573054,2.447033,3.217401,-3.8063784,1.2808623,-3.981049,-1.9705949,-4.078662,-2.219172,3.4508066,3.202886,0.18324131,-2.7759686,-3.1274846,-0.9265979,-5.43078,-3.0938263,-0.38933912,3.6984627,3.0570703,4.659123,-2.9930587,-2.7865229,-2.1017835,-4.7151556,-3.2702615
non-small cell lung adenocarcinoma cancer,1.1057492,0.92521787,1.5514424,0.99699455,2.6528702,1.1294724,-1.9380381,-1.104757,-0.51086605,1.360791,1.8145212,-0.13315663,-1.2158306,0.9119194,-1.4796879,2.1892598,-1.8467833,1.6722062,1.1538965,1.7633709,2.5292614,-0.25489506,-1.494157,-1.2121382,2.5845788,-2.4244444,2.727937,-2.1637275,-0.8093697,-2.952625,-1.7253276,1.3308718,-1.7819546,1.5212544,-1.4286216,-2.117519,1.8558596,0.31364954,2.525789,-3.1404655,0.30424568,2.152075,-2.6011577,1.285778,2.3920958,1.0450809,-0.9732569,-1.5564021,-1.8497486,-1.4476064,-1.9573537,2.838318,1.8663734,1.7365546,2.6679676,1.7970537,-0.09337424,1.309664,1.4454985,1.2503297,2.2608347,-1.743973,1.2790587,1.5432973,-1.5353868,-1.7044153,-1.5425497,-0.83846587,1.9271847,1.9800606,-1.2104276,2.3468547,0.40448922,-2.0652645,-0.8844443,1.559929,-0.824199,1.923223,0.25246733,-1.8015652,-1.7205405,-1.4924843,0.5043332,2.2534058,1.836866,-1.1030943,-1.4842412,1.3382553,1.6385847,-0.81067,0.2098451,-1.2507585,1.7898898,-0.94166476,-1.5860234,1.4651442,-2.2669666,0.9890519,-1.0960302,-1.7021562,-1.8786677,1.29083,-1.8560736,1.2813832,1.681179,-1.9777267,0.6695773,-2.0742607,-1.0281407,-2.120134,-1.158021,1.7961262,1.6736115,0.103299804,-1.4485918,-1.6256353,-0.4862488,-2.824525,-1.615941,-0.21138388,1.9250637,1.5849831,2.4235334,-1.5619278,-1.4582633,-1.1060247,-2.4473865,-1.7060685
intrahepatic cholangiocarcinoma cancer,4.2221055,3.514672,5.938078,3.8229706,10.235328,4.315225,-7.46486,-4.233043,-1.9345737,5.2167473,6.965253,-0.59108055,-4.7618594,3.4588482,-5.708236,8.428322,-7.1223288,6.434277,4.3999357,6.760459,9.759648,-1.0498415,-5.7287564,-4.642963,9.983258,-9.365146,10.524368,-8.335236,-3.098422,-11.391455,-6.6339846,5.0744734,-6.8463683,5.828972,-5.458571,-8.191125,7.1263533,1.1779417,9.735834,-12.152989,1.129107,8.289869,-10.039,4.9327965,9.227425,3.9857006,-3.6902435,-5.9521523,-7.109958,-5.532352,-7.5449896,10.956322,7.162428,6.684797,10.288239,6.900764,-0.31076822,5.0491214,5.555247,4.785832,8.71002,-6.715141,4.893381,5.9119534,-5.8965917,-6.5420556,-5.9094024,-3.1849806,7.402587,7.620438,-4.6332583,9.050701,1.5081905,-7.941332,-3.37497,5.990665,-3.1494858,7.4137807,0.9159576,-6.9600916,-6.6163197,-5.7029886,1.9063367,8.680863,7.059625,-4.219461,-5.678073,5.1010346,6.2937336,-3.083451,0.7625333,-4.824691,6.8908405,-3.5638402,-6.128256,5.6389675,-8.741438,3.7746897,-4.199687,-6.556562,-7.2384253,4.9631805,-7.157274,4.8943677,6.441182,-7.6258736,2.5497088,-7.97317,-3.9361951,-8.17262,-4.4360533,6.910194,6.4070716,0.34978163,-5.55421,-6.2607384,-1.8396457,-10.891612,-6.189961,-0.75788707,7.4098105,6.119204,9.336554,-5.9916778,-5.570249,-4.1960707,-9.451305,-6.5402527
infantile hemangioma cancer,1.1958867,0.99916893,1.6765409,1.0799932,2.872893,1.2224373,-2.0995955,-1.196687,-0.55394447,1.4727532,1.9625142,-0.14759432,-1.3194253,0.98470753,-1.6056336,2.3694394,-2.0018651,1.8118215,1.2470921,1.9067765,2.7395232,-0.27669603,-1.6164113,-1.3120235,2.8010077,-2.627984,2.954573,-2.3441038,-0.87749124,-3.1959527,-1.8683151,1.4369435,-1.9280168,1.6458786,-1.5442053,-2.2978766,2.0090916,0.3401385,2.734266,-3.404699,0.3296804,2.3300903,-2.8173497,1.3923767,2.5908103,1.130145,-1.0504162,-1.6820164,-2.0020595,-1.5651008,-2.121107,3.0734916,2.017748,1.8813611,2.8884776,1.9437443,-0.10141511,1.4216355,1.5660259,1.3530567,2.4475598,-1.8893756,1.383769,1.6686286,-1.6621965,-1.8443623,-1.6677428,-0.90611005,2.084555,2.1438503,-1.310421,2.5417209,0.43725902,-2.2343628,-0.9576852,1.6889417,-0.89324087,2.0846858,0.27167374,-1.9550174,-1.8630122,-1.6141554,0.54533815,2.4392831,1.9881824,-1.1942852,-1.6054944,1.4465765,1.7742245,-0.8767197,0.22565381,-1.3548181,1.9387763,-1.015334,-1.718154,1.5882788,-2.4556587,1.0702422,-1.1874015,-1.8447655,-2.0356188,1.3996155,-2.011938,1.384772,1.8176796,-2.1433454,0.72638226,-2.2450871,-1.1138312,-2.296909,-1.2539071,1.945336,1.8101041,0.110544905,-1.5677545,-1.7622067,-0.52734566,-3.0573494,-1.7481503,-0.2279994,2.0844362,1.7204038,2.6245866,-1.6899452,-1.5769717,-1.1936693,-2.6526668,-1.8471313
oropharyngeal squamous cell carcinoma,1.8596274,1.5516615,2.6128325,1.6801994,4.4867992,1.8998394,-3.2744515,-1.8610992,-0.85476494,2.293334,3.0606396,-0.24356808,-2.0732121,1.5280913,-2.5016093,3.698447,-3.1222732,2.823716,1.9391156,2.9722846,4.277903,-0.44739857,-2.5183523,-2.0417638,4.3736544,-4.1027684,4.613571,-3.6561618,-1.3625858,-4.9938903,-2.9125366,2.2369325,-3.007004,2.5630834,-2.4035945,-3.5855186,3.1306295,0.52228814,4.269876,-5.3196993,0.5033609,3.636537,-4.399989,2.1675744,4.045162,1.7564504,-1.6306783,-2.6199946,-3.122176,-2.435805,-3.3085597,4.8018007,3.1478672,2.9329808,4.5111427,3.0316224,-0.14554134,2.2133873,2.4392192,2.1055167,3.8208194,-2.9460466,2.1531947,2.6001306,-2.5901444,-2.874593,-2.5990422,-1.4061005,3.2519038,3.3442478,-2.038155,3.9681573,0.6711808,-3.486743,-1.4867088,2.6315653,-1.3862228,3.250734,0.41302025,-3.0483284,-2.9044614,-2.510958,0.84327245,3.8080218,3.1000097,-1.8566017,-2.4985466,2.248578,2.764483,-1.3603108,0.3435001,-2.1150749,3.0233607,-1.5764711,-2.6845977,2.4741514,-3.83265,1.6627048,-1.8463957,-2.8758461,-3.1746187,2.178636,-3.1377387,2.1554384,2.8326888,-3.3433678,1.1237932,-3.5011182,-1.7313077,-3.5837111,-1.9507499,3.032842,2.8187416,0.16294274,-2.4415514,-2.7462685,-0.81316817,-4.77593,-2.7222662,-0.3434408,3.2514656,2.6808789,4.095349,-2.633314,-2.4528148,-1.8537521,-4.1409965,-2.8751152
gastrointestinal stromal tumor,1.496159,1.2477777,2.0978053,1.352823,3.6036193,1.5297124,-2.632842,-1.4988422,-0.69215906,1.8442965,2.458,-0.19229199,-1.6613861,1.229313,-2.0150046,2.970141,-2.5114608,2.2717242,1.5591183,2.3872533,3.4365463,-0.3524371,-2.0238752,-1.6426978,3.5150752,-3.2983444,3.7062395,-2.9397507,-1.0990674,-4.0080194,-2.341877,1.7962018,-2.415436,2.0605488,-1.9316759,-2.8856316,2.5173435,0.42415804,3.4287534,-4.2749734,0.41001198,2.9214163,-3.534301,1.7441256,3.249637,1.4135004,-1.3110464,-2.1044042,-2.5089445,-1.9581274,-2.660784,3.8554804,2.5267847,2.358803,3.6224074,2.4344618,-0.12339866,1.7842472,1.9628778,1.6940343,3.0689168,-2.3691354,1.7318468,2.0885623,-2.082639,-2.310349,-2.0875762,-1.1319618,2.611411,2.6875,-1.6407251,3.1879082,0.54393566,-2.7996838,-1.1984901,2.116371,-1.118252,2.6151745,0.33570054,-2.4543853,-2.334901,-2.0195892,0.68051016,3.0581458,2.4911752,-1.4949812,-2.0091586,1.8087373,2.2233691,-1.0957385,0.27865514,-1.6994386,2.4307747,-1.266621,-2.1561658,1.9916979,-3.079982,1.3388946,-1.4873085,-2.313622,-2.552914,1.7550555,-2.5239944,1.731851,2.2751772,-2.688626,0.9089354,-2.8134263,-1.3950661,-2.88082,-1.5703882,2.4386604,2.265875,0.13443814,-1.9633665,-2.2102268,-0.65888715,-3.8339612,-2.1884904,-0.28121328,2.6129472,2.1599061,3.2909203,-2.1162992,-1.9726503,-1.4900417,-3.3290184,-2.3134987
Burkitt Lymphoma cancer,4.8813457,4.0634046,6.867758,4.4196777,11.838746,4.9884305,-8.632522,-4.8935056,-2.2340212,6.032106,8.055808,-0.6868891,-5.511124,3.9985094,-6.599456,9.74847,-8.236081,7.4399304,5.087332,7.8186793,11.28821,-1.2191405,-6.6248693,-5.368199,11.546214,-10.830832,12.172647,-9.639069,-3.5809226,-13.177466,-7.671428,5.8684645,-7.9181633,6.74031,-6.312037,-9.471694,8.240566,1.3594462,11.261156,-14.056293,1.3021691,9.587912,-11.611521,5.703349,10.672542,4.607748,-4.266395,-6.883503,-8.222566,-6.397088,-8.725026,12.673385,8.284471,7.7300925,11.90024,7.981395,-0.35514206,5.83665,6.42313,5.533291,10.074154,-7.765306,5.6578784,6.837152,-6.8185954,-7.565432,-6.834264,-3.6816003,8.561808,8.813067,-5.356436,10.468033,1.7409366,-9.185244,-3.900674,6.927153,-3.639762,8.572844,1.0562742,-8.047469,-7.6512733,-6.5938387,2.20255,10.040666,8.16432,-4.877785,-6.5653925,5.897513,7.277567,-3.563992,0.87965107,-5.5801272,7.968734,-4.120561,-7.0884547,6.519728,-10.109839,4.363425,-4.8547854,-7.5814915,-8.370532,5.737648,-8.276427,5.659788,7.4493203,-8.818692,2.9452116,-9.220881,-4.5498877,-9.451463,-5.1285043,7.990894,7.40879,0.40179577,-6.422397,-7.238964,-2.124154,-12.598698,-7.157722,-0.8727312,8.569491,7.07442,10.798034,-6.9289584,-6.4404125,-4.8514247,-10.93046,-7.5617824
distal cholangiocarcinoma cancer,0.79498214,0.665554,1.111316,0.7170462,1.8977692,0.8129947,-1.3894074,-0.79494876,-0.371717,0.97689396,1.2993932,-0.089259915,-0.86372423,0.6566016,-1.0634215,1.5666511,-1.3243974,1.2001215,0.82913536,1.2633405,1.8098953,-0.17383105,-1.0715038,-0.87095976,1.8503748,-1.7364614,1.9521359,-1.5510788,-0.58394575,-2.1099143,-1.2373354,0.95424825,-1.2762717,1.09169,-1.0252683,-1.5188181,1.3314509,0.22967197,1.8066779,-2.247008,0.22433409,1.5407001,-1.8609978,0.9237247,1.7119418,0.7518532,-0.70016015,-1.1157504,-1.3254343,-1.039282,-1.4033357,2.0292928,1.3355297,1.2455914,1.9081836,1.2866775,-0.07431055,0.9424484,1.0381302,0.8984636,1.617981,-1.2506378,0.9188634,1.1060835,-1.1014613,-1.2220209,-1.1053967,-0.60412174,1.3796674,1.418542,-0.8705708,1.6797494,0.29567474,-1.4779817,-0.6378933,1.1193702,-0.5949733,1.3796462,0.1863341,-1.2934692,-1.2335894,-1.0724211,0.365184,1.6123705,1.3163896,-0.79387957,-1.0659196,0.96225184,1.1758511,-0.58447677,0.15445374,-0.8953736,1.2832015,-0.67692757,-1.1341788,1.0525064,-1.6234176,0.7121772,-0.7889108,-1.2213345,-1.3470345,0.92845315,-1.3311892,0.9193986,1.2047107,-1.4178212,0.4857006,-1.4863086,-0.7405074,-1.5191027,-0.83273005,1.2880527,1.2009557,0.07889979,-1.0397694,-1.1671473,-0.35419512,-2.0192747,-1.1596531,-0.15809771,1.3791754,1.1392049,1.7357658,-1.1199913,-1.0478399,-0.7952695,-1.7529633,-1.2258316
cervical adenocarcinoma cancer,1.7218492,1.4346371,2.4143863,1.5580031,4.1529436,1.7607483,-3.033799,-1.7260604,-0.7961785,2.123627,2.8303936,-0.2259862,-1.9185323,1.4131582,-2.3229628,3.4216757,-2.894675,2.617522,1.7936603,2.7483785,3.9605725,-0.40931773,-2.3301947,-1.8913308,4.0519814,-3.8023834,4.271316,-3.3875866,-1.2657492,-4.618447,-2.6978781,2.0661125,-2.7818184,2.3722994,-2.22289,-3.3277369,2.8994126,0.4874283,3.950771,-4.929348,0.4705041,3.3659635,-4.0733037,2.0086327,3.7449555,1.6264733,-1.5069084,-2.4218287,-2.8899472,-2.2535222,-3.0665457,4.443338,2.9093063,2.7178233,4.1741157,2.8033247,-0.14003226,2.0570242,2.2612853,1.9503409,3.5359802,-2.7298667,1.9935296,2.4041982,-2.398723,-2.660622,-2.403109,-1.3017217,3.0073652,3.0961947,-1.8890656,3.6737134,0.62419987,-3.2245986,-1.3795379,2.437689,-1.2875044,3.014089,0.38380945,-2.8300204,-2.689699,-2.3243484,0.78216964,3.5233693,2.8693187,-1.7210923,-2.3126297,2.0809278,2.5610135,-1.2604045,0.3185068,-1.9585302,2.800708,-1.4553713,-2.4854465,2.2950978,-3.5493894,1.5408784,-1.7128404,-2.666196,-2.941892,2.0223572,-2.9090667,1.9927217,2.6190484,-3.0986602,1.0463057,-3.2406437,-1.6065286,-3.3198571,-1.8083295,2.8095677,2.6084263,0.15239014,-2.2607822,-2.547137,-0.75788176,-4.4177127,-2.5195103,-0.32124585,3.0103035,2.4904974,3.7918916,-2.4368205,-2.2701066,-1.7127541,-3.837562,-2.664137
papillary renal cell carcinoma cancer,5.583098,4.644548,7.851905,5.0585523,13.54756,5.7074337,-9.880457,-5.6008425,-2.5584497,6.9012322,9.213634,-0.7924013,-6.3116603,4.5702057,-7.5589747,11.152781,-9.429042,8.51605,5.816835,8.941591,12.918592,-1.3957107,-7.577904,-6.1420326,13.217147,-12.39938,13.930517,-11.032536,-4.1002326,-15.076121,-8.778801,6.7069726,-9.05769,7.710333,-7.2174807,-10.848786,9.428958,1.5570656,12.884554,-16.092903,1.4910976,10.970954,-13.288482,6.5267906,12.213717,5.2699323,-4.875285,-7.8702183,-9.407374,-7.315547,-9.987575,14.502085,9.473358,8.847699,13.616329,9.128718,-0.40763074,6.686421,7.3519015,6.3303723,11.526749,-8.8879595,6.4720654,7.8187566,-7.801978,-8.654799,-7.815309,-4.2095246,9.792717,10.084452,-6.1291785,11.979501,1.9911585,-10.506626,-4.463945,7.9265995,-4.166967,9.814558,1.2057228,-9.217626,-8.755404,-7.541706,2.519154,11.487891,9.340852,-5.5816374,-7.509616,6.7437644,8.32784,-4.0763946,1.0037242,-6.386283,9.120058,-4.706613,-8.112779,7.464448,-11.57061,4.991915,-5.556887,-8.679052,-9.581307,6.5697865,-9.475239,6.4710584,8.518748,-10.095057,3.373475,-10.549596,-5.2079234,-10.817787,-5.8688135,9.14507,8.473822,0.45755282,-7.347707,-8.287761,-2.4328587,-14.414171,-8.187467,-0.9974447,9.805966,8.10409,12.356894,-7.9261885,-7.365838,-5.543696,-12.513051,-8.652836
epithelial ovarian cancer,1.3091736,1.0935014,1.8365467,1.1820682,3.1480618,1.337801,-2.2996209,-1.3097239,-0.6048459,1.6125964,2.1500385,-0.16366021,-1.4477068,1.0774976,-1.757687,2.5961895,-2.1924748,1.984113,1.3651879,2.0887043,3.0016987,-0.30600777,-1.7701935,-1.436298,3.0687866,-2.87909,3.2373848,-2.567599,-0.95982885,-3.502689,-2.0463288,1.5738773,-2.112115,1.8022176,-1.6909674,-2.5165539,2.2003272,0.37084576,2.996285,-3.7306952,0.35895374,2.5527928,-3.0870838,1.5242989,2.8386397,1.2370452,-1.1495978,-1.8423053,-2.1931794,-1.7137667,-2.323345,3.3681903,2.2109232,2.0603316,3.1652288,2.1293738,-0.10857877,1.5559942,1.7146565,1.4814097,2.681829,-2.069296,1.5149218,1.8276379,-1.8203541,-2.0201218,-1.8267962,-0.9914414,2.283945,2.348496,-1.4343807,2.7848215,0.47692287,-2.4481258,-1.0477854,1.8496505,-0.9769614,2.283092,0.29583883,-2.1406386,-2.040412,-1.7671481,0.59600306,2.6726942,2.1777027,-1.3070092,-1.7577342,1.5835233,1.9430404,-0.95911586,0.24573202,-1.4843606,2.1234646,-1.1115252,-1.8829027,1.7388887,-2.6902065,1.1711742,-1.2994986,-2.0201962,-2.229482,1.5320777,-2.2034426,1.5163511,1.9909458,-2.347558,0.79368484,-2.4593413,-1.2189398,-2.5160415,-1.3726169,2.1305819,1.9823116,0.11950109,-1.716697,-1.9296048,-0.5757111,-3.3505943,-1.9142663,-0.24757151,2.2832732,1.8834825,2.8751805,-1.850782,-1.7263138,-1.3065277,-2.906079,-2.0222507
Basal-like cancer,3.3209453,2.7648587,4.6678095,3.006825,8.043204,3.3946612,-5.868068,-3.3296874,-1.5245594,4.1019917,5.47481,-0.4596839,-3.7372339,2.7214196,-4.48866,6.623776,-5.5989585,5.0589004,3.4604905,5.3142595,7.6697016,-0.8188143,-4.5038295,-3.6513252,7.845857,-7.360597,8.270791,-6.55226,-2.4381754,-8.950223,-5.215455,3.9898608,-5.381357,4.5831366,-4.2922206,-6.438953,5.6029716,0.92929876,7.650747,-9.549946,0.8919743,6.515267,-7.888993,3.8790457,7.2515807,3.1353726,-2.9031253,-4.679522,-5.588981,-4.3504896,-5.931155,8.608961,5.6292334,5.255277,8.084593,5.4238424,-0.24949406,3.9712574,4.3682747,3.763909,6.8451977,-5.2789993,3.8482478,4.6475444,-4.635981,-5.1430984,-4.645496,-2.50618,5.8182883,5.9898944,-3.644334,7.112865,1.18972,-6.241197,-2.6559308,4.7102013,-2.4786549,5.8284206,0.72414964,-5.472159,-5.2012205,-4.485236,1.5012426,6.8219934,5.5494003,-3.3191588,-4.4651093,4.0124383,4.9485044,-2.4264371,0.60248214,-3.7917664,5.4168754,-2.8035688,-4.81541,4.434124,-6.87033,2.9696686,-3.303609,-5.154717,-5.6901517,3.9036064,-5.6265073,3.8484044,5.063449,-5.9945087,2.0082092,-6.2674837,-3.0967479,-6.423836,-3.489112,5.432429,5.0378795,0.27864444,-4.3672523,-4.9226403,-1.4500431,-8.558197,-4.8670487,-0.6006239,5.824255,4.811954,7.3383074,-4.7104316,-4.38079,-3.3007877,-7.428375,-5.143397
astrocytoma cancer,7.0047164,5.8264904,9.854208,6.346985,17.006165,7.1602397,-12.400713,-7.027038,-3.2067683,8.660046,11.563966,-1.0005896,-7.9287453,5.732682,-9.48575,13.999158,-11.834136,10.687245,7.2981415,11.221961,16.216335,-1.759147,-9.509911,-7.7067957,16.590843,-15.563852,17.486443,-13.84671,-5.1432896,-18.926382,-11.017386,8.416149,-11.368327,9.67553,-9.056538,-13.616598,11.832764,1.9504496,16.17372,-20.20207,1.8664385,13.770694,-16.680922,8.189887,15.33133,6.6113653,-6.115709,-9.876501,-11.80688,-9.179374,-12.535186,18.20524,11.890498,11.104051,17.092587,11.457647,-0.5057048,8.389906,9.225677,7.942888,14.468659,-11.154743,8.120824,9.812406,-9.7911005,-10.86164,-9.808145,-5.2801285,12.291132,12.657125,-7.6900067,15.037152,2.4941733,-13.187795,-5.599276,9.947268,-5.226625,12.3176155,1.5083584,-11.56825,-10.98833,-9.46258,3.1584966,14.420114,11.723318,-7.0026593,-9.422907,8.460609,10.45078,-5.1130505,1.2560102,-8.016248,11.446249,-5.9041705,-10.184402,9.367008,-14.5233345,6.2623143,-6.9717307,-10.89221,-12.025204,8.243405,-11.892028,8.120037,10.691035,-12.670302,4.2296486,-13.240464,-6.5334997,-13.577828,-7.363506,11.477237,10.6334,0.5698974,-9.220421,-10.400645,-3.0490365,-18.09463,-10.274198,-1.2462317,12.30765,10.169806,15.509916,-9.947142,-9.241899,-6.9544916,-15.706425,-10.857359
thyroid cancer,1.3869232,1.1584738,1.9465251,1.2524534,3.337266,1.417222,-2.43735,-1.3875673,-0.6400568,1.7088567,2.2788568,-0.17493351,-1.5361633,1.141366,-1.8626192,2.7520635,-2.3237336,2.102594,1.4464921,2.213785,3.182055,-0.32615116,-1.8761243,-1.5219308,3.2530637,-3.0517535,3.4318051,-2.7212775,-1.016641,-3.7137084,-2.168603,1.6677754,-2.2387195,1.9099178,-1.7918366,-2.6673276,2.3316967,0.3922063,3.176286,-3.9549992,0.37928015,2.7060366,-3.272642,1.6152551,3.0091968,1.3104029,-1.2178335,-1.9524074,-2.3244143,-1.8158947,-2.4623313,3.5708976,2.3435018,2.1836567,3.3555372,2.2571614,-0.113670796,1.6485419,1.8169427,1.5695037,2.842783,-2.193122,1.6052201,1.9370489,-1.9291316,-2.1408968,-1.9361085,-1.0500894,2.4208105,2.4892104,-1.5196364,2.9520772,0.5043955,-2.5950882,-1.1096245,1.960027,-1.0346905,2.4196386,0.31233925,-2.2686403,-2.1625898,-1.872328,0.63100016,2.8332999,2.3081777,-1.3846726,-1.8626007,1.6775508,2.0589838,-1.015849,0.25963852,-1.5734806,2.2506394,-1.1774037,-1.9961368,1.842661,-2.8516717,1.2406237,-1.3766786,-2.140997,-2.3629942,1.6231692,-2.3353543,1.606921,2.1101809,-2.488201,0.84015447,-2.6065676,-1.2911371,-2.6668794,-1.4541993,2.2580404,2.1005237,0.12558562,-1.8191761,-2.0448112,-0.60911787,-3.5521712,-2.028589,-0.26100907,2.4201999,1.995749,3.0476792,-1.9615494,-1.8291681,-1.3841406,-3.0803642,-2.1427119
clear cell ovarian carcinoma cancer,2.0501573,1.7087536,2.8788037,1.8544152,4.951138,2.0955398,-3.614294,-2.054046,-0.9440448,2.5295248,3.374309,-0.27294764,-2.2911434,1.6826788,-2.764408,4.0794787,-3.4477222,3.1170833,2.1366532,3.2763536,4.721211,-0.494537,-2.7768579,-2.2522151,4.828816,-4.530417,5.0915184,-4.0356774,-1.5047804,-5.508755,-3.2138448,2.4631388,-3.3160467,2.8263648,-2.6487405,-3.962364,3.453784,0.57686424,4.710554,-5.874882,0.5556463,4.012267,-4.8558917,2.3917818,4.4641557,1.9362494,-1.7949996,-2.8868499,-3.4439569,-2.6847143,-3.6527305,5.298438,3.4694526,3.2374146,4.977049,3.342407,-0.16091998,2.4465647,2.6924224,2.3222399,4.215293,-3.251848,2.374291,2.8658862,-2.857527,-3.1703424,-2.8646207,-1.5492617,3.5854337,3.6898053,-2.2485785,4.3790755,0.739618,-3.8448703,-1.6404464,2.903476,-1.5304862,3.5895464,0.4536292,-3.368717,-3.2047129,-2.7681913,0.9294761,4.200828,3.4195132,-2.048328,-2.754779,2.47799,3.0502794,-1.499591,0.3770375,-2.3343558,3.336745,-1.7341716,-2.9631708,2.7321553,-4.230083,1.8337162,-2.0380304,-3.1752045,-3.5045204,2.406237,-3.4647956,2.3748927,3.122176,-3.6912909,1.2416182,-3.8619666,-1.9110098,-3.9557092,-2.1524396,3.3469884,3.1076214,0.17817234,-2.6929889,-3.032615,-0.8982316,-5.2684255,-3.0017123,-0.37783793,3.5875535,2.9632075,4.5191946,-2.9038959,-2.7038326,-2.040513,-4.572392,-3.1720998
combined hepatocellular cholangiocarcinoma cancer,1.126164,0.9409611,1.577984,1.0168964,2.7032602,1.1512343,-1.9761149,-1.1268873,-0.5223669,1.3864642,1.847037,-0.13749495,-1.2401407,0.9274823,-1.5115385,2.2297027,-1.8841667,1.7055641,1.1742368,1.7946709,2.5778248,-0.258664,-1.5214827,-1.2352688,2.6357749,-2.4731314,2.7802467,-2.206292,-0.82654655,-3.0068138,-1.7586555,1.3527776,-1.814533,1.5493584,-1.4537942,-2.162666,1.8912855,0.32099253,2.572876,-3.2035568,0.31145203,2.1927176,-2.6509917,1.310849,2.4379091,1.0643593,-0.9892842,-1.5833309,-1.8843795,-1.4735466,-1.9964486,2.8917718,1.8988984,1.7708055,2.7178712,1.8292313,-0.09683499,1.3386053,1.4743035,1.2740477,2.303245,-1.77835,1.302834,1.5705802,-1.5646697,-1.7360781,-1.5697649,-0.85353535,1.9618467,2.0176895,-1.2339722,2.3917751,0.4126418,-2.1026323,-0.90220284,1.589953,-0.84147185,1.962232,0.25686356,-1.8402256,-1.753493,-1.5198644,0.51397794,2.2953217,1.8712338,-1.124661,-1.5115145,1.3622745,1.6702411,-0.8258645,0.21320696,-1.2749163,1.8247653,-0.9562867,-1.6166186,1.4952263,-2.3109062,1.0079759,-1.1181903,-1.7364469,-1.9159163,1.3178967,-1.8936603,1.3036191,1.7108318,-2.0172462,0.6846963,-2.113085,-1.0490599,-2.161672,-1.1807396,1.8310558,1.7041097,0.10507619,-1.4758857,-1.6588842,-0.4973752,-2.8766453,-1.6456821,-0.21593092,1.9617016,1.6196808,2.46995,-1.5906751,-1.4847966,-1.1241331,-2.496368,-1.7391201
tubulovillous adenoma cancer,1.6016078,1.3358837,2.247029,1.448088,3.8600628,1.637291,-2.8193746,-1.6042311,-0.7396932,1.9747266,2.632737,-0.2074183,-1.7811476,1.3159322,-2.1568813,3.1814814,-2.689165,2.43221,1.6693496,2.5568962,3.6809397,-0.3798286,-2.16743,-1.7586803,3.764671,-3.532224,3.9697402,-3.1479547,-1.1758887,-4.2941027,-2.5076115,1.9237288,-2.5870872,2.206481,-2.068498,-3.0895717,2.6954205,0.45293242,3.6728253,-4.578756,0.43739432,3.1290865,-3.7857468,1.8672705,3.4807315,1.5129943,-1.4036326,-2.2538035,-2.686899,-2.0966516,-2.8490791,4.1302276,2.7067177,2.5257835,3.8803835,2.6077075,-0.13012764,1.909396,2.1013994,1.8134795,3.2871413,-2.5368495,1.854207,2.2369273,-2.2300463,-2.4740994,-2.2358541,-1.211491,2.797096,2.8782125,-1.7562268,3.4145453,0.5810541,-2.9989762,-1.2822782,2.2659862,-1.1963365,2.8000607,0.35810643,-2.6274996,-2.5004053,-2.1621885,0.7278692,3.275833,2.667979,-1.6001424,-2.1512606,1.9362838,2.3805225,-1.1726,0.29748505,-1.8201898,2.6030242,-1.3561631,-2.3096335,2.1321409,-3.2987087,1.4329841,-1.5917939,-2.477177,-2.733705,1.8783655,-2.7025695,1.8546729,2.4368627,-2.879058,0.9717043,-3.0130267,-1.4928578,-3.085131,-1.6809253,2.6113317,2.4262216,0.14270361,-2.1022406,-2.366201,-0.70399183,-4.10728,-2.3434408,-0.29938135,2.7984486,2.311765,3.5246248,-2.266407,-2.1120434,-1.5953702,-3.5650885,-2.4767003
medulloblastoma cancer,1.673441,1.3951601,2.3474495,1.5135843,4.0349913,1.7109458,-2.947248,-1.6767827,-0.77311355,2.0636778,2.7510717,-0.21833098,-1.8631324,1.3742669,-2.2554932,3.3251176,-2.8115351,2.5425842,1.7438458,2.6716082,3.8478844,-0.39771366,-2.2648404,-1.8378948,3.9359446,-3.6931198,4.149761,-3.2907982,-1.2292525,-4.4881954,-2.6210907,2.0092454,-2.703595,2.3056655,-2.1609943,-3.2310557,2.8171537,0.47330734,3.838944,-4.7876115,0.45690677,3.2706223,-3.9574454,1.9516131,3.6385112,1.5807828,-1.4656948,-2.354546,-2.8081877,-2.1905406,-2.9785895,4.317348,2.8281398,2.6403024,4.0559587,2.7248988,-0.13571973,1.9968672,2.1966445,1.8951409,3.435813,-2.651918,1.9374942,2.3371706,-2.3307452,-2.585572,-2.3360653,-1.2654719,2.9229376,3.0083792,-1.8354282,3.5692966,0.60672605,-3.1340346,-1.3401203,2.3684015,-1.2504989,2.9274662,0.37343094,-2.7477567,-2.6134396,-2.2591467,0.7602826,3.4238524,2.7883363,-1.6722659,-2.2477968,2.0228198,2.4881597,-1.2250468,0.3101227,-1.9027547,2.720964,-1.4158598,-2.4145563,2.2290986,-3.4483147,1.497364,-1.6638387,-2.5897477,-2.8578079,1.9638865,-2.825535,1.9374722,2.5460622,-3.0099168,1.0158334,-3.1490216,-1.5604411,-3.225128,-1.7568392,2.7295816,2.5351706,0.1484455,-2.1969476,-2.473851,-0.73582953,-4.2929487,-2.4487462,-0.3122685,2.9250007,2.4177198,3.6842167,-2.3683603,-2.2066364,-1.665924,-3.7273962,-2.5884955
Duke C cancer,1.5181026,1.2673466,2.1309204,1.3716154,3.6565664,1.5514584,-2.670274,-1.5194794,-0.70028454,1.8712491,2.4955308,-0.19440094,-1.6856074,1.2484562,-2.0411892,3.0146616,-2.5461977,2.3033402,1.583042,2.4239764,3.4866018,-0.3594382,-2.0543637,-1.6664647,3.5648928,-3.3443468,3.7601738,-2.9813554,-1.113298,-4.068848,-2.3753843,1.8250259,-2.451852,2.0912735,-1.9613364,-2.9237242,2.5536761,0.4288258,3.4797833,-4.3349314,0.41424945,2.9644952,-3.58591,1.7689606,3.297099,1.4341854,-1.332,-2.1372197,-2.5458643,-1.9877461,-2.6978638,3.9126961,2.5661643,2.3922257,3.67634,2.4718819,-0.123092234,1.8065352,1.9902004,1.7183955,3.1142912,-2.402637,1.7574024,2.1208065,-2.1128242,-2.3445437,-2.1197689,-1.1488345,2.6511447,2.7267473,-1.663874,3.2344346,0.55099475,-2.8423216,-1.2146392,2.1466653,-1.1328515,2.6511736,0.3402652,-2.4864495,-2.3688254,-2.0495582,0.6900964,3.1038756,2.5280848,-1.5160267,-2.0391502,1.835866,2.255089,-1.1115763,0.28288427,-1.7240354,2.4655824,-1.287449,-2.1874576,2.0187352,-3.124447,1.3579842,-1.5075755,-2.345687,-2.5889194,1.7781444,-2.5589056,1.7588549,2.3103912,-2.7263155,0.9196725,-2.8549154,-1.4137858,-2.9219313,-1.5923498,2.4735217,2.299713,0.13597493,-1.9920732,-2.2403114,-0.6663896,-3.8916886,-2.2211318,-0.28413385,2.6512089,2.1872663,3.338868,-2.148021,-2.0022445,-1.513965,-3.3756075,-2.3464026
esophageal adenocarcinoma cancer,4.1633253,3.4651887,5.8540306,3.7707634,10.092988,4.2558594,-7.362095,-4.175256,-1.9092878,5.1444573,6.8673844,-0.58345616,-4.695925,3.4102018,-5.6315,8.310524,-7.0249033,6.3459897,4.3382745,6.665418,9.6243,-1.0339375,-5.6488576,-4.5788827,9.845765,-9.236501,10.378314,-8.220384,-3.056837,-11.231894,-6.542212,5.00213,-6.7506137,5.747894,-5.381863,-8.080439,7.027594,1.1628984,9.59985,-11.985949,1.1148528,8.174627,-9.899685,4.8650217,9.099451,3.9302375,-3.637961,-5.8680983,-7.0108895,-5.4548407,-7.441313,10.803654,7.0611396,6.5929484,10.144723,6.8039303,-0.30808556,4.981651,5.479114,4.7195053,8.588585,-6.6227474,4.82545,5.8288693,-5.8149314,-6.450882,-5.8262334,-3.1405792,7.298543,7.514647,-4.569531,8.925152,1.4881214,-7.8299327,-3.3289237,5.907782,-3.107106,7.312403,0.90342265,-6.8662944,-6.5248046,-5.623553,1.8803276,8.559763,6.9614635,-4.1616044,-5.599076,5.0296803,6.2067256,-3.0408938,0.75202155,-4.7578883,6.795826,-3.5126524,-6.043221,5.562255,-8.620598,3.7226903,-4.142474,-6.4668484,-7.138988,4.8959603,-7.0594196,4.825465,6.3506193,-7.5212607,2.51622,-7.862134,-3.882583,-8.059943,-4.3750906,6.814852,6.3174763,0.345198,-5.477185,-6.1753654,-1.8157026,-10.739185,-6.1037364,-0.7482031,7.3070984,6.0371017,9.207205,-5.908186,-5.49265,-4.1365123,-9.321413,-6.45013
Schwannoma tumors cancer,1.2354927,1.0335127,1.7350676,1.1138138,2.9680324,1.2615529,-2.1670098,-1.234071,-0.56894517,1.5209899,2.0295055,-0.15144931,-1.3627375,1.0184168,-1.6534336,2.4491014,-2.0648324,1.8692961,1.2893718,1.972013,2.8295004,-0.2886821,-1.670476,-1.3544923,2.8910384,-2.711678,3.0517676,-2.4194844,-0.9034605,-3.3042555,-1.929069,1.4880476,-1.992973,1.700464,-1.596933,-2.3674335,2.0747905,0.3486754,2.825955,-3.5134344,0.3375937,2.4072087,-2.9100695,1.4368416,2.675944,1.1675054,-1.0871618,-1.7402792,-2.068632,-1.6180212,-2.1886783,3.1759484,2.0879257,1.9414344,2.985056,2.0099692,-0.10134573,1.4630181,1.6155471,1.3972492,2.5291743,-1.9498898,1.4293506,1.7256982,-1.7164997,-1.9057645,-1.7249641,-0.9362662,2.1557226,2.214432,-1.3522964,2.6252723,0.44987014,-2.3103337,-0.98742515,1.7438688,-0.919882,2.1501458,0.28010565,-2.0136619,-1.9237353,-1.6677954,0.5623711,2.5208962,2.0540388,-1.2321329,-1.6587608,1.4952015,1.8317865,-0.90505683,0.23292196,-1.3990875,2.0013454,-1.0521501,-1.774642,1.6373805,-2.5355408,1.1046121,-1.224234,-1.9028538,-2.100547,1.4421635,-2.075154,1.4323782,1.8799499,-2.211414,0.7463499,-2.3196766,-1.1482697,-2.3709843,-1.2938353,2.0081906,1.8709174,0.11351188,-1.6192051,-1.817048,-0.54138917,-3.160587,-1.8063316,-0.23366113,2.152848,1.7711518,2.7105477,-1.7463032,-1.6294861,-1.2356418,-2.7372925,-1.9065242
H. Pylori negative gastric cancer,2.4701772,2.0570107,3.468693,2.236137,5.973528,2.5254521,-4.3603234,-2.476664,-1.137247,3.0494742,4.067773,-0.33547592,-2.7697237,2.0252662,-3.3368394,4.92011,-4.160465,3.7602232,2.573584,3.9489818,5.696439,-0.6008045,-3.347335,-2.7150106,5.827654,-5.467832,6.1430635,-4.8687615,-1.8146178,-6.6454597,-3.8761415,2.9661086,-3.998254,3.4068794,-3.1911457,-4.784206,4.164682,0.69436985,5.682225,-7.0920367,0.667913,4.8397727,-5.8590264,2.8840332,5.3860373,2.3325942,-2.1601112,-3.4781692,-4.153029,-3.2347548,-4.407338,6.392733,4.1819324,3.9054425,6.004089,4.029508,-0.19145472,2.9532619,3.2474701,2.7990916,5.0846043,-3.9229536,2.861481,3.4538739,-3.4457562,-3.8223357,-3.4523327,-1.8653376,4.3226705,4.450415,-2.7105844,5.283218,0.8889305,-4.636153,-1.9769967,3.5012527,-1.8451219,4.331402,0.5430858,-4.066929,-3.865089,-3.3355541,1.1187115,5.066993,4.123518,-2.4690447,-3.3198912,2.984751,3.6783998,-1.806097,0.45136943,-2.8164973,4.0251274,-2.086036,-3.575875,3.296357,-5.1036253,2.2095697,-2.4574473,-3.8309839,-4.228193,2.9030194,-4.1810174,2.8609722,3.7627888,-4.4540644,1.49672,-4.6571264,-2.3040895,-4.7726,-2.595005,4.0371194,3.7452848,0.21149126,-3.2465773,-3.6590793,-1.0820123,-6.3552537,-3.6180544,-0.45208445,4.327203,3.577358,5.4516044,-3.5007613,-3.2577906,-2.4556863,-5.518253,-3.8244832
Oncocytoma cancer,5.6096296,4.6667576,7.8896875,5.08209,13.611744,5.7342033,-9.926811,-5.6269298,-2.5698848,6.933798,9.257717,-0.7958351,-6.341353,4.5920587,-7.593645,11.205863,-9.473028,8.555939,5.8445506,8.9843645,12.979626,-1.4028107,-7.6138387,-6.1708903,13.279195,-12.45751,13.99641,-11.0844,-4.119025,-15.147944,-8.820256,6.739526,-9.100803,7.7468047,-7.2520156,-10.8988085,9.473545,1.5638585,12.945883,-16.168337,1.4975497,11.022881,-13.351296,6.5573177,12.271401,5.2949705,-4.8987536,-7.9080405,-9.452091,-7.35047,-10.03444,14.570878,9.518978,8.889104,13.681005,9.1722555,-0.40889156,6.716995,7.3862805,6.3603377,11.581526,-8.929656,6.5026507,7.856114,-7.838806,-8.695908,-7.852735,-4.2295265,9.839615,10.132162,-6.157947,12.036108,2.000189,-10.55679,-4.4847975,7.964033,-4.186122,9.860364,1.2114094,-9.260025,-8.796634,-7.577505,2.5308506,11.542426,9.385047,-5.6077237,-7.545151,6.775937,8.367152,-4.0955687,1.0084186,-6.4164147,9.162897,-4.7296376,-8.151159,7.4990864,-11.625087,5.0153694,-5.582734,-8.71955,-9.626161,6.6002283,-9.519414,6.502017,8.5594635,-10.142254,3.388642,-10.59968,-5.2321978,-10.86861,-5.8963637,9.1880865,8.514236,0.4596452,-7.3824196,-8.326346,-2.4437158,-14.482853,-8.226285,-1.0018582,9.852234,8.141292,12.415183,-7.9637547,-7.400743,-5.570435,-12.571729,-8.693508
serrated adenoma cancer,3.2058437,2.6685894,4.504663,2.9031556,7.7635136,3.2774518,-5.6648912,-3.214982,-1.4730852,3.9597814,5.28394,-0.44345054,-3.6068094,2.6267707,-4.3345985,6.39312,-5.405552,4.8841248,3.3401198,5.1289554,7.4032617,-0.78871644,-4.3472066,-3.5249398,7.573985,-7.1058974,7.983466,-6.325412,-2.3547444,-8.637971,-5.0347576,3.8502524,-5.193994,4.423964,-4.1427436,-6.2173657,5.408771,0.89823216,7.3843718,-9.219148,0.86242783,6.288787,-7.614841,3.7449417,6.9996457,3.0267737,-2.8018615,-4.516207,-5.394787,-4.1992016,-5.7260556,8.309259,5.432514,5.073451,7.803129,5.2346883,-0.24250574,3.835417,4.217445,3.633615,6.6070848,-5.0963144,3.714799,4.485501,-4.475265,-4.9644074,-4.4834943,-2.4193573,5.6154394,5.7819147,-3.5184858,6.865772,1.1494235,-6.023587,-2.5646887,4.5470686,-2.3938138,5.6271834,0.69967186,-5.2841196,-5.0208426,-4.329619,1.4496912,6.5844965,5.3565726,-3.2046416,-4.310101,3.8731403,4.7771664,-2.3426464,0.58193463,-3.6601453,5.229215,-2.7054117,-4.6480722,4.281365,-6.631973,2.8671255,-3.1899118,-4.976694,-5.4932823,3.7695131,-5.432169,3.7142193,4.886849,-5.787183,1.940201,-6.0497026,-2.990299,-6.2012515,-3.3686762,5.2442703,4.8627925,0.26962712,-4.215814,-4.7529225,-1.4012126,-8.259868,-4.6979895,-0.58093655,5.622034,4.647045,7.0835514,-4.546676,-4.228702,-3.185561,-7.171275,-4.9655557
brainstem gliomas cancer,2.2691526,1.8918936,3.189266,2.0514536,5.4831104,2.318403,-4.000586,-2.2720957,-1.0417513,2.7999635,3.7374845,-0.3036578,-2.5390673,1.8627465,-3.057073,4.518264,-3.815381,3.449413,2.3656209,3.6289136,5.2279234,-0.5518733,-3.0747204,-2.4925075,5.345749,-5.014722,5.638003,-4.467058,-1.663281,-6.102716,-3.5575457,2.7289398,-3.672459,3.129051,-2.9331472,-4.3833976,3.8231852,0.6357646,5.2173095,-6.5038357,0.6116679,4.442994,-5.3772655,2.6467004,4.943254,2.142883,-1.9876949,-3.1976416,-3.8134058,-2.97257,-4.042754,5.868467,3.8438556,3.5830717,5.5124283,3.7022114,-0.1740336,2.7046454,2.979184,2.570114,4.668266,-3.5991943,2.6280737,3.1741576,-3.1631808,-3.5102715,-3.1728694,-1.7144386,3.9714427,4.085373,-2.487888,4.8489876,0.81613696,-4.258867,-1.8139743,3.213779,-1.6916894,3.9721117,0.5002336,-3.725983,-3.5476902,-3.0642176,1.0274419,4.6525464,3.7862225,-2.2660286,-3.049557,2.7430465,3.3761845,-1.6589241,0.41609707,-2.5846608,3.6935453,-1.9211259,-3.28144,3.0224898,-4.6833096,2.028709,-2.2541587,-3.5136278,-3.8787935,2.6611364,-3.8342054,2.6301663,3.458133,-4.0854273,1.3707498,-4.276247,-2.113419,-4.378926,-2.3814747,3.7047791,3.440772,0.19534881,-2.980997,-3.3552473,-0.9909317,-5.8359556,-3.323256,-0.41524434,3.972086,3.2765677,5.0036397,-3.2153273,-2.9930785,-2.2597995,-5.0612473,-3.5102863
solid pseudopapillary neoplasm of pancreas cancer,1.4916979,1.2443999,2.0921628,1.3482941,3.5924826,1.5248358,-2.6242788,-1.4938171,-0.6894083,1.8385991,2.4509778,-0.19118367,-1.6559052,1.2259747,-2.007583,2.9612954,-2.502969,2.2642057,1.5547072,2.3804972,3.4257548,-0.35173252,-2.017869,-1.6375245,3.503562,-3.2873685,3.6946435,-2.9302125,-1.0950713,-3.9961817,-2.3344753,1.7916543,-2.408321,2.054344,-1.9262545,-2.875181,2.5095038,0.42235678,3.4184449,-4.260735,0.4082395,2.912425,-3.5232372,1.7384696,3.239451,1.4092878,-1.3076661,-2.0986626,-2.5013494,-1.9525114,-2.6519935,3.843693,2.5198643,2.35107,3.6114364,2.4274685,-0.122435346,1.7774801,1.9563701,1.6888034,3.0596046,-2.3614044,1.7265909,2.0826638,-2.076136,-2.3034048,-2.0817196,-1.1286795,2.6039362,2.6791725,-1.6354512,3.1779313,0.542029,-2.7915688,-1.1944853,2.1097102,-1.114253,2.6063206,0.3347511,-2.4454083,-2.3275468,-2.0135903,0.67832166,3.048926,2.4835765,-1.4901147,-2.003147,1.8035355,2.2163367,-1.0923584,0.27791965,-1.6940565,2.4229522,-1.263671,-2.1493773,1.9848151,-3.07016,1.3346688,-1.4822634,-2.3058426,-2.5445056,1.7488489,-2.5154483,1.7270664,2.268771,-2.6796858,0.9053399,-2.8048947,-1.3903229,-2.8715003,-1.5652968,2.4308455,2.2592506,0.13404739,-1.9573215,-2.2026558,-0.6562227,-3.8225765,-2.181952,-0.28013542,2.6047971,2.1518326,3.2805867,-2.109971,-1.9668211,-1.4862396,-3.3179822,-2.306108
Luminal B cancer,1.1870569,0.9930054,1.6663333,1.0703876,2.8505006,1.212368,-2.0817792,-1.1859938,-0.5475141,1.4612687,1.949149,-0.14478767,-1.3080635,0.9785822,-1.5890574,2.3520963,-1.9837682,1.7959619,1.2387484,1.894021,2.717596,-0.2759359,-1.6046747,-1.3014656,2.776969,-2.6048067,2.9310448,-2.3242543,-0.86859006,-3.1729598,-1.8531351,1.4291087,-1.914179,1.6336145,-1.5340061,-2.2747548,1.9931642,0.33580485,2.71391,-3.374674,0.3253534,2.3120663,-2.7949202,1.3806254,2.5701518,1.1218019,-1.0444968,-1.6714715,-1.9869449,-1.5543393,-2.1025867,3.050002,2.0050092,1.8652029,2.8667383,1.9304255,-0.09859182,1.4062436,1.5522883,1.3424546,2.429041,-1.8732433,1.3732983,1.6575215,-1.648991,-1.8306172,-1.6567562,-0.89974004,2.0702925,2.127042,-1.2994691,2.5214934,0.43305653,-2.2187781,-0.9491177,1.6753074,-0.88439894,2.0657797,0.2697788,-1.9350417,-1.8480307,-1.6023569,0.54078406,2.4210844,1.9730432,-1.1841178,-1.5936506,1.4365563,1.7597834,-0.8698786,0.22430263,-1.343818,1.9226103,-1.0106393,-1.7043331,1.5734066,-2.4355,1.0615638,-1.1765859,-1.8282298,-2.017992,1.3859824,-1.9937147,1.3759146,1.8056501,-2.124491,0.71800023,-2.2281036,-1.1036099,-2.2775874,-1.2432692,1.9292094,1.7972144,0.109704755,-1.5555907,-1.745915,-0.5210526,-3.0351086,-1.735284,-0.22543757,2.067952,1.7021812,2.603589,-1.6775072,-1.5655838,-1.1870753,-2.6294172,-1.8318658
acute lymphocytic leukemia  cancer,5.884706,4.895423,8.276729,5.332221,14.281636,6.015888,-10.415592,-5.9037,-2.6963105,7.2746086,9.712308,-0.83681774,-6.655102,4.8169174,-7.968396,11.756833,-9.939778,8.976977,6.131258,9.425491,13.618619,-1.4727669,-7.9880667,-6.474294,13.933415,-13.07116,14.685249,-11.629911,-4.3218656,-15.89331,-9.253879,7.069401,-9.5480795,8.127563,-7.607704,-11.436788,9.93908,1.6408204,13.582508,-16.96534,1.5709939,11.565259,-14.008602,6.8799996,12.875554,5.5545273,-5.1384897,-8.295849,-9.91651,-7.7110023,-10.5283375,15.288095,9.986067,9.326865,14.354127,9.623052,-0.42866978,7.048308,7.749748,6.67252,12.151048,-9.369231,6.822083,8.241867,-8.224199,-9.123112,-8.238147,-4.4367146,10.322733,10.630497,-6.460515,12.628568,2.0981073,-11.075601,-4.7048926,8.355416,-4.392092,10.346045,1.2698711,-9.71703,-9.229499,-7.9493604,2.654989,12.1102915,9.846619,-5.883404,-7.9158096,7.1080093,8.77837,-4.296484,1.0573257,-6.732298,9.61397,-4.960453,-8.552463,7.8685346,-12.197499,5.261608,-5.8573384,-9.149018,-10.100258,6.925152,-9.988482,6.8210278,8.979785,-10.641907,3.5554643,-11.12064,-5.4892955,-11.403783,-6.1860743,9.640175,8.931997,0.48135573,-7.7452364,-8.736415,-2.5638568,-15.195213,-8.630408,-1.0502782,10.337097,8.542857,13.0262785,-8.355227,-7.764108,-5.843022,-13.190984,-9.120826
neuroendocrine neoplasia,1.2441094,1.0406936,1.7472411,1.121588,2.9889722,1.2703347,-2.1822376,-1.2426772,-0.5728261,1.5316347,2.043771,-0.15267982,-1.3725083,1.0254794,-1.665018,2.4663546,-2.0793455,1.882409,1.2983617,1.9858564,2.8494542,-0.29091185,-1.6821833,-1.3639555,2.9114232,-2.7307892,3.0732887,-2.4364927,-0.9097328,-3.3276002,-1.9426123,1.4984603,-2.006982,1.7123679,-1.6080999,-2.3840892,2.0893393,0.3510201,2.845889,-3.5382488,0.3398284,2.4241588,-2.930599,1.4468887,2.6948078,1.1756358,-1.0947092,-1.7524728,-2.083171,-1.6293314,-2.2040665,3.1983762,2.102619,1.9550631,3.0061166,2.024099,-0.101896495,1.4732491,1.6268612,1.4070122,2.546998,-1.9635863,1.4393344,1.7377998,-1.7285362,-1.9191369,-1.7370648,-0.9427593,2.1708882,2.2300045,-1.3617305,2.6437743,0.45289502,-2.3265996,-0.9942787,1.7560941,-0.92625874,2.16525,0.28194124,-2.0278006,-1.9372414,-1.6794364,0.5662314,2.5386615,2.0684662,-1.2407168,-1.6703515,1.505618,1.8446295,-0.9113295,0.23445262,-1.4089471,2.0154057,-1.0594615,-1.7871782,1.6488498,-2.553396,1.1122941,-1.2327682,-1.9162103,-2.1153069,1.4522452,-2.0897348,1.442393,1.8931376,-2.2269616,0.75147885,-2.3359783,-1.1562668,-2.3876655,-1.3028684,2.0222902,1.8840163,0.11419113,-1.6305412,-1.8297914,-0.54507494,-3.1829004,-1.818976,-0.23515077,2.1679854,1.783568,2.7296238,-1.7585483,-1.640855,-1.2442297,-2.7565794,-1.919852
synovial sarcoma cancer,1.5936103,1.3315619,2.239991,1.4380956,3.8391569,1.6273493,-2.8014977,-1.5929918,-0.7317871,1.9639851,2.621873,-0.20361282,-1.7698897,1.3115374,-2.137907,3.1662571,-2.670092,2.4157665,1.662767,2.5468156,3.6599987,-0.38056788,-2.1573021,-1.7485538,3.7403233,-3.5081284,3.9472866,-3.127937,-1.1657444,-4.27448,-2.4927304,1.9192008,-2.5752072,2.1955853,-2.060509,-3.063503,2.6801357,0.44741517,3.654577,-4.547696,0.43175066,3.1124294,-3.7644417,1.855562,3.4611099,1.5054209,-1.4000618,-2.24612,-2.6730568,-2.0877361,-2.82989,4.108793,2.6973245,2.5094557,3.8607984,2.5969815,-0.12560049,1.8911458,2.0871649,1.8033274,3.2702475,-2.5205317,1.8446947,2.228255,-2.2174377,-2.4617138,-2.2273166,-1.2060398,2.7853782,2.8623824,-1.7452428,3.3953323,0.57639664,-2.9860344,-1.2730926,2.2526703,-1.1863781,2.7800252,0.3563207,-2.6047437,-2.486069,-2.1517463,0.72334373,3.2596357,2.654212,-1.589869,-2.1408236,1.9278395,2.3663177,-1.166147,0.2965471,-1.8095415,2.5870414,-1.3544027,-2.296327,2.1160617,-3.2790625,1.4244993,-1.580251,-2.4598353,-2.7157407,1.8630877,-2.6833546,1.8481296,2.427556,-2.8596103,0.96141064,-2.9975097,-1.4817684,-3.0658722,-1.6700879,2.595393,2.4150562,0.14176787,-2.0908933,-2.3486722,-0.6961101,-4.0879316,-2.3320818,-0.29610747,2.782931,2.2904074,3.504614,-2.2555027,-2.1022143,-1.5915442,-3.541057,-2.4615746
chromophobe renal cell carcinoma cancer,2.547218,2.1217575,3.5782723,2.3055904,6.160895,2.6039693,-4.4964075,-2.5534291,-1.1716325,3.1448095,4.195758,-0.34635276,-2.8571835,2.0888822,-3.4398613,5.0747266,-4.289888,3.8771133,2.654441,4.073341,5.8749304,-0.62114346,-3.45249,-2.799765,6.0096517,-5.6381545,6.3354583,-5.020547,-1.8704102,-6.854946,-3.997018,3.0598118,-4.1239157,3.5137131,-3.2914436,-4.932361,4.294645,0.7151606,5.86066,-7.3133626,0.68763644,4.99159,-6.042695,2.973942,5.554871,2.4052763,-2.2282205,-3.587773,-4.283035,-3.336183,-4.5444508,6.5936193,4.3138638,4.0272737,6.1927414,4.1565404,-0.19600976,3.0438828,3.348395,2.8862376,5.2440834,-4.0452533,2.9509914,3.5626945,-3.553406,-3.9420488,-3.5610414,-1.9235473,4.4586034,4.5897255,-2.7948096,5.448775,0.9159675,-4.782122,-2.0378969,3.6103797,-1.9018531,4.4659944,0.55940455,-4.192632,-3.9860168,-3.4398642,1.1533194,5.226271,4.2528496,-2.5457659,-3.4239361,3.0780916,3.7930028,-1.8622729,0.46524295,-2.9046545,4.1508527,-2.1519465,-3.6878955,3.3985608,-5.2633266,2.2782488,-2.5335016,-3.950123,-4.360032,2.9925387,-4.3110857,2.9511437,3.881403,-4.592875,1.5420996,-4.8029995,-2.3751562,-4.9216666,-2.6755428,4.1631145,3.8625553,0.21746494,-3.3480728,-3.772554,-1.1145732,-6.555246,-3.7314591,-0.46514776,4.462795,3.6873775,5.622346,-3.6106732,-3.3598895,-2.533179,-5.690222,-3.9435477
HPV positive cancer,1.7297589,1.4413273,2.4256997,1.5651162,4.17218,1.7687988,-3.0477457,-1.7339139,-0.79966754,2.1334195,2.843572,-0.22708179,-1.9275066,1.4197276,-2.3334646,3.4375737,-2.9079137,2.6294808,1.801998,2.7611947,3.9788864,-0.41144386,-2.3410215,-1.9000336,4.070622,-3.8198035,4.2910547,-3.4031308,-1.2714368,-4.6400075,-2.710265,2.0757961,-2.7947469,2.3832905,-2.2332263,-3.3428466,2.9127388,0.4895344,3.969103,-4.951998,0.47249532,3.3815596,-4.092154,2.017855,3.7622857,1.6339351,-1.5139549,-2.4331334,-2.9032943,-2.263962,-3.0805697,4.463978,2.9229064,2.7303095,4.193504,2.8164184,-0.14045712,2.0662322,2.2716126,1.9592744,3.5523577,-2.7423937,2.0027308,2.4154196,-2.4097688,-2.672921,-2.4143114,-1.3077095,3.0213528,3.1104937,-1.8976938,3.6907055,0.6269648,-3.2396271,-1.385754,2.4488716,-1.2932907,3.0278485,0.3854796,-2.8428333,-2.7021132,-2.3350732,0.78572243,3.5397482,2.8826149,-1.728955,-2.3233364,2.0905292,2.5727549,-1.2661737,0.31994423,-1.9675741,2.8136003,-1.4621966,-2.4969354,2.3055418,-3.5657718,1.547922,-1.7206149,-2.678384,-2.955397,2.0314808,-2.922372,2.0020292,2.6312814,-3.1128726,1.0509079,-3.2556238,-1.6137799,-3.3351362,-1.8165721,2.822484,2.6204808,0.15299655,-2.271205,-2.5587306,-0.76117814,-4.438282,-2.5311744,-0.3225633,3.024231,2.5016832,3.8094192,-2.4481313,-2.2806175,-1.7207723,-3.8551595,-2.6763396
cutaneous T-cell lymphoma cancer,3.4799511,2.8969657,4.8916655,3.1508827,8.429971,3.5571136,-6.1498823,-3.4891763,-1.5970534,4.298648,5.7376294,-0.48293647,-3.918018,2.851366,-4.7041183,6.9420643,-5.8679223,5.301742,3.6260817,5.569224,8.03847,-0.8594202,-4.7198067,-3.8262682,8.223136,-7.714539,8.668464,-6.8669996,-2.554815,-9.38071,-5.4658413,4.1809835,-5.639715,4.80283,-4.497847,-6.7484803,5.871828,0.9732647,8.018586,-10.009506,0.9339369,6.82832,-8.268342,4.0649796,7.600181,3.2854145,-3.0417743,-4.9038496,-5.857351,-4.558911,-6.2161174,9.023043,5.899533,5.5075607,8.473309,5.6841965,-0.26046792,4.1618123,4.577831,3.9442813,7.1742063,-5.5324903,4.0325866,4.8704243,-4.8584194,-5.3898935,-4.8683176,-2.6258953,6.097698,6.2775927,-3.8188918,7.4547777,1.2459385,-6.5409884,-2.7829547,4.9362154,-2.5971558,6.1083627,0.75802344,-5.7350345,-5.4508796,-4.7000327,1.5727024,7.1498456,5.815774,-3.4780486,-4.679001,4.204439,5.185965,-2.5423436,0.63065904,-3.974039,5.676981,-2.9374883,-5.0470967,4.6468844,-7.2004986,3.1117306,-3.4618406,-5.402214,-5.9634304,4.090829,-5.8967676,4.032733,5.3062906,-6.2824807,2.1039686,-6.568416,-3.245044,-6.732474,-3.6562953,5.6932325,5.279408,0.29123113,-4.5766516,-5.1589546,-1.5189626,-8.969754,-5.1003575,-0.6284745,6.1039643,5.0430408,7.6908665,-4.9363637,-4.590519,-3.4584887,-7.7855334,-5.3899326
B cell lymphoma of MALT type cancer,1.0429876,0.8714513,1.4602058,0.94188607,2.501087,1.066471,-1.829163,-1.0438907,-0.48503372,1.2836609,1.7091709,-0.12567845,-1.1458111,0.8591408,-1.3999451,2.0630314,-1.74422,1.5791276,1.0872946,1.6608342,2.3851945,-0.23699382,-1.4083074,-1.1438843,2.4391298,-2.288873,2.572527,-2.042225,-0.7661172,-2.7812061,-1.6280038,1.2520437,-1.6791588,1.4343247,-1.3458406,-2.0022006,1.7508895,0.29843476,2.3803818,-2.9642463,0.28998807,2.0290112,-2.4527957,1.2138547,2.2557697,0.98587817,-0.9162016,-1.4654158,-1.7440324,-1.3642609,-1.8480833,2.675159,1.7568645,1.6392817,2.5144575,1.6925943,-0.09166138,1.2401717,1.3651875,1.1798582,2.1311555,-1.6462151,1.2063802,1.4535447,-1.4484782,-1.6069429,-1.4527665,-0.7908066,1.8153255,1.8673425,-1.142957,2.213139,0.38345832,-1.9454299,-0.8361825,1.4720033,-0.78003323,1.8166203,0.23917544,-1.7040331,-1.6230747,-1.4074101,0.4766895,2.1236885,1.7318616,-1.0418273,-1.399495,1.261645,1.5463526,-0.7652883,0.19836701,-1.1797479,1.6890525,-0.88550603,-1.4956383,1.3846606,-2.1385503,0.9338277,-1.035912,-1.6076388,-1.7735056,1.2208138,-1.7530383,1.2067229,1.5832881,-1.8672564,0.63537747,-1.9556878,-0.972026,-2.0006957,-1.0936314,1.6949883,1.5776114,0.09855183,-1.3664151,-1.5360583,-0.46194926,-2.6610851,-1.5235119,-0.20164748,1.8155068,1.5002077,2.2857652,-1.472336,-1.3748984,-1.0409803,-2.3103821,-1.6105113
colonic adenomas cancer,3.2230217,2.681879,4.5273247,2.9192622,7.8054037,3.2953162,-5.6960607,-3.2329729,-1.4820013,3.9810045,5.311456,-0.44655445,-3.6266074,2.6399326,-4.3598933,6.426993,-5.435937,4.911473,3.357192,5.1553955,7.443429,-0.79218394,-4.369906,-3.5439136,7.615955,-7.145814,8.026881,-6.3604574,-2.3684077,-8.683306,-5.062437,3.8693514,-5.221287,4.4472375,-4.1640553,-6.253464,5.4382534,0.9037495,7.42385,-9.270761,0.8678545,6.3224897,-7.6560936,3.7653592,7.0374947,3.042998,-2.8155792,-4.5391903,-5.423823,-4.2211137,-5.758204,8.353722,5.4603686,5.1013637,7.844753,5.2616563,-0.24478641,3.8584406,4.2409806,3.6534443,6.6425633,-5.124491,3.734499,4.5084763,-4.4995127,-4.9909086,-4.506553,-2.432021,5.644852,5.81316,-3.5378659,6.9029307,1.1558264,-6.055027,-2.5793047,4.572028,-2.407621,5.6589494,0.70344424,-5.314949,-5.0479474,-4.352521,1.4574792,6.619396,5.3850527,-3.2222316,-4.332713,3.8934505,4.8034606,-2.355181,0.5846941,-3.6800938,5.257817,-2.7184253,-4.6734643,4.3056583,-6.6681128,2.882719,-3.2079027,-5.0045905,-5.523686,3.7914324,-5.4626784,3.7329879,4.911824,-5.819381,1.9520161,-6.0821514,-3.0074227,-6.2353377,-3.387403,5.2730203,4.8885446,0.2711488,-4.238433,-4.7799325,-1.4098563,-8.303568,-4.7227516,-0.58453983,5.652244,4.6747775,7.1218452,-4.570544,-4.250761,-3.2011175,-7.21143,-4.992777
colorectal adenoma cancer,4.220054,3.5113304,5.932337,3.8227508,10.23111,4.314166,-7.4634295,-4.2329674,-1.9362972,5.214625,6.960256,-0.59239143,-4.76074,3.4556737,-5.710515,8.423572,-7.122276,6.4337964,4.3965316,6.75526,9.756247,-1.0474792,-5.7252975,-4.641408,9.981672,-9.364541,10.520685,-8.333774,-3.0995774,-11.384315,-6.632195,5.068704,-6.842173,5.8258367,-5.454299,-8.19368,7.1239796,1.1794074,9.730828,-12.151992,1.1307693,8.28623,-10.03535,4.931739,9.22406,3.983782,-3.6861424,-5.9468465,-7.106682,-5.5285797,-7.544403,10.951153,7.1561813,6.6836853,10.283058,6.895661,-0.31314668,5.0521803,5.5548267,4.784207,8.705916,-6.7140374,4.891021,5.907276,-5.8945346,-6.538777,-5.904696,-3.1830184,7.397429,7.617487,-4.632363,9.047405,1.5085454,-7.935932,-3.3751607,5.988978,-3.1504474,7.413885,0.9156152,-6.9626513,-6.6140556,-5.6998916,1.9059153,8.676229,7.0562315,-4.218763,-5.6749134,5.0977383,6.29211,-3.0822783,0.7617941,-4.823201,6.889176,-3.5589147,-6.1262665,5.639552,-8.738928,3.7736428,-4.199873,-6.55638,-7.237438,4.9645176,-7.157241,4.8900723,6.435988,-7.6251755,2.5519273,-7.9694495,-3.936632,-8.170864,-4.4354324,6.9085255,6.4032946,0.34984747,-5.5519133,-6.2612333,-1.8415486,-10.885256,-6.186543,-0.75875276,7.4069242,6.122433,9.333244,-5.9882755,-5.566891,-4.191265,-9.450493,-6.5387235
"Luminal B,triple negative cancer",1.1971729,0.9997898,1.6776204,1.0814959,2.8761437,1.2239584,-2.1023285,-1.1984109,-0.55512846,1.4743901,1.9642239,-0.14812833,-1.3211042,0.98535526,-1.6085027,2.371807,-2.004792,1.8143909,1.2480701,1.9083276,2.7427568,-0.27656835,-1.6179174,-1.3135433,2.8047662,-2.6317556,2.958081,-2.3472304,-0.87902683,-3.1989481,-1.870676,1.4376962,-1.9298458,1.6475031,-1.5454434,-2.3018506,2.011511,0.34093532,2.7371447,-3.4095135,0.33051366,2.332642,-2.8206375,1.3941275,2.5938165,1.1313659,-1.0509372,-1.6832215,-2.0042639,-1.566503,-2.1241333,3.0767944,2.0192578,1.8838303,2.8915095,1.9453455,-0.10208802,1.4244647,1.5682267,1.3546882,2.4502215,-1.8918914,1.3852084,1.6699339,-1.6641512,-1.8463064,-1.6690671,-0.9069603,2.086431,2.146312,-1.3121306,2.5446806,0.43792868,-2.2363627,-0.9591617,1.6910576,-0.89475703,2.0877879,0.27198774,-1.9584842,-1.8651828,-1.6157776,0.5459945,2.4417574,1.990268,-1.1958418,-1.607051,1.4479213,1.7764823,-0.8776993,0.2257646,-1.3564628,1.9412134,-1.0156606,-1.7202423,1.5907356,-2.4586627,1.0715499,-1.1891799,-1.847427,-2.0383615,1.4020151,-2.0148766,1.3857396,1.8190751,-2.1463182,0.72794926,-2.2475266,-1.1155957,-2.2998655,-1.2556154,1.9477972,1.8118923,0.1107151,-1.5694977,-1.7649249,-0.5285458,-3.060359,-1.7498778,-0.22852446,2.0867865,1.7237307,2.6276424,-1.6915776,-1.5784382,-1.1942344,-2.6564152,-1.849477
Duke A cancer,3.892957,3.239705,5.472246,3.5258658,9.435083,3.9796069,-6.8829637,-3.9043138,-1.7864711,4.8097944,6.419813,-0.5440731,-4.388314,3.1885045,-5.265923,7.768749,-6.5680294,5.933583,4.055939,6.230966,8.997086,-0.9642733,-5.2808433,-4.281153,9.204587,-8.63547,9.70212,-7.6856236,-2.8589182,-10.49868,-6.116777,4.6762114,-6.3106704,5.3736577,-5.0314937,-7.555224,6.5706186,1.088374,8.974058,-11.205291,1.0438652,7.641876,-9.254425,4.548696,8.506384,3.6751337,-3.4012282,-5.485756,-6.5545306,-5.099965,-6.957486,10.09897,6.6006536,6.1639476,9.48318,6.360122,-0.28997496,4.658915,5.123121,4.4130273,8.028953,-6.191916,4.5116014,5.4489155,-5.4366326,-6.0309973,-5.4465556,-2.9367661,6.8229218,7.02532,-4.272891,8.343547,1.3925152,-7.3193264,-3.113518,5.5237556,-2.9060137,6.837042,0.8459769,-6.420332,-6.0999885,-5.257958,1.7586542,8.001573,6.507965,-3.891434,-5.2347054,4.702891,5.8033,-2.8436472,0.7038091,-4.44793,6.3534822,-3.2841234,-5.6493487,5.2009587,-8.059046,3.48113,-3.8737786,-6.0463986,-6.674463,4.57855,-6.60029,4.5110445,5.9365764,-7.0318637,2.354094,-7.350237,-3.6310873,-7.5352254,-4.0911493,6.371465,5.906545,0.32395896,-5.1208854,-5.7742133,-1.6990956,-10.038596,-5.7064457,-0.70123506,6.831061,5.645661,8.607395,-5.5233154,-5.1353116,-3.8672538,-8.714801,-6.0310593
anaplastic astrocytoma cancer,1.0109888,0.84512204,1.4155784,0.91269374,2.4231768,1.033654,-1.7721789,-1.0115378,-0.47009227,1.244053,1.6565202,-0.12079305,-1.1092957,0.8332218,-1.3559202,1.9990937,-1.6896486,1.5299023,1.0541756,1.6098176,2.3108292,-0.22908682,-1.3649766,-1.1086112,2.3627858,-2.217112,2.4923236,-1.9785438,-0.7422948,-2.6948476,-1.5774182,1.2140437,-1.6273137,1.3901942,-1.3047037,-1.939043,1.6966405,0.28932494,2.3064094,-2.8711162,0.28125203,1.9659928,-2.376319,1.1762849,2.1854997,0.95568,-0.88864475,-1.420624,-1.690005,-1.3224809,-1.7903141,2.5918477,1.7028621,1.5882535,2.4362898,1.6404859,-0.089110255,1.2010696,1.3227175,1.1434603,2.0649414,-1.5949256,1.1693093,1.4089757,-1.4036196,-1.5573053,-1.4082013,-0.766782,1.759319,1.8093619,-1.1076527,2.1442113,0.37201512,-1.8853415,-0.8103593,1.4263515,-0.7558569,1.7597897,0.23233716,-1.650341,-1.5727372,-1.3642482,0.4622587,2.0578082,1.6782885,-1.0096885,-1.356544,1.2231268,1.4983685,-0.7419352,0.19276239,-1.1429645,1.6365063,-0.8589988,-1.4488865,1.3414097,-2.071904,0.9051435,-1.0037756,-1.5574408,-1.7181935,1.1826193,-1.6982044,1.1699269,1.5347416,-1.8089213,0.61564076,-1.8951228,-0.9418529,-1.9383096,-1.0597786,1.642294,1.5291018,0.095980816,-1.3242416,-1.4880276,-0.44770193,-2.5784438,-1.476648,-0.19586878,1.7591588,1.4528503,2.2146885,-1.426976,-1.3328193,-1.0096549,-2.2380004,-1.5606891
HPV negative cancer,1.4683528,1.2276984,2.0641975,1.323951,3.534006,1.4989258,-2.5786002,-1.4666622,-0.6738155,1.8087362,2.4151232,-0.18470618,-1.6268443,1.2093804,-1.9664944,2.9154737,-2.457037,2.223639,1.5324211,2.3462453,3.3688297,-0.34900066,-1.9870089,-1.6102945,3.4419253,-3.228094,3.6334074,-2.8791392,-1.0729767,-3.9353294,-2.2950566,1.7694986,-2.371681,2.0222619,-1.898795,-2.8175344,2.467983,0.41205996,3.3647294,-4.184031,0.39797348,2.8653986,-3.4649532,1.7084304,3.1858408,1.3872278,-1.2912589,-2.0699062,-2.4615488,-1.9237307,-2.6045146,3.782187,2.4850569,2.3097992,3.554323,2.391989,-0.11620629,1.7394373,1.921311,1.6610675,3.0108972,-2.3200405,1.6992443,2.0528843,-2.041826,-2.2672014,-2.052103,-1.1117648,2.5656261,2.6353512,-1.6072619,3.1253874,0.5316479,-2.7500327,-1.1725892,2.0742655,-1.092209,2.5582995,0.3296833,-2.3957365,-2.2888222,-1.9824731,0.66674626,3.0011284,2.4440358,-1.4641341,-1.9721122,1.776754,2.1788468,-1.0746148,0.27433747,-1.6655743,2.3813908,-1.249789,-2.1134398,1.9473289,-3.0181499,1.3122536,-1.4548676,-2.2638206,-2.49948,1.714555,-2.4692364,1.703168,2.236489,-2.631637,0.88491863,-2.760267,-1.3643345,-2.8218453,-1.5379294,2.3892756,2.2249303,0.13184913,-1.9256274,-2.1614056,-0.64097464,-3.7637198,-2.1481328,-0.27387097,2.5620418,2.1065981,3.226171,-2.0773292,-1.9368615,-1.4678522,-3.2584941,-2.266744
Duke B cancer,2.3943906,1.9958253,3.3649943,2.1659312,5.7885327,2.4470584,-4.2239285,-2.398726,-1.1000832,2.955434,3.9442017,-0.32284695,-2.682485,1.9649452,-3.2292004,4.769167,-4.0289435,3.6418498,2.496071,3.8295124,5.519452,-0.5833493,-3.2452507,-2.6310513,5.6446767,-5.2952013,5.9521713,-4.7161984,-1.7564238,-6.442116,-3.7553506,2.8783648,-3.8761036,3.3026435,-3.0948565,-4.6302476,4.035465,0.6714537,5.5072346,-6.8681717,0.64575076,4.690318,-5.677121,2.7942116,5.218915,2.2610521,-2.0964758,-3.3737626,-4.0249453,-3.1365626,-4.268421,6.195384,4.0559306,3.7832053,5.819137,3.907375,-0.18370993,2.8569117,3.1453621,2.7123966,4.927715,-3.800049,2.7737255,3.3496158,-3.338994,-3.7048643,-3.3480694,-1.8087403,4.1910877,4.3126197,-2.6260688,5.1192765,0.8611354,-4.4949408,-1.9145713,3.3922896,-1.7861986,4.194314,0.526807,-3.9357781,-3.7452943,-3.2335865,1.0842352,4.911314,3.9966834,-2.3920555,-3.2185154,2.8940911,3.5637755,-1.750603,0.4383793,-2.728821,3.8995895,-2.0254297,-3.464487,3.1917074,-4.944667,2.1411226,-2.3798447,-3.7100976,-4.0955296,2.810006,-4.048862,2.7752004,3.6492996,-4.3139234,1.4476495,-4.5136046,-2.2310185,-4.623391,-2.5137882,3.9112136,3.6308491,0.20523126,-3.1464603,-3.5429406,-1.0463862,-6.1603026,-3.5073984,-0.4375516,4.1933403,3.460977,5.282508,-3.3937435,-3.1586475,-2.3834355,-5.344274,-3.7053986
colorectal adenocarcinoma cancer,1.3054067,1.0893389,1.8293506,1.1799161,3.1395786,1.3347672,-2.2946434,-1.3074144,-0.60506827,1.6083393,2.1427581,-0.16431396,-1.4444275,1.0734656,-1.7562907,2.588311,-2.1886342,1.9802827,1.3604943,2.0814424,2.9940696,-0.30379248,-1.7647709,-1.4327755,3.0623062,-2.8735657,3.229091,-2.5620508,-0.9590153,-3.4916074,-2.0414367,1.5670505,-2.1055088,1.7969705,-1.6850446,-2.5140045,2.194762,0.37131396,2.9874692,-3.7234306,0.35956874,2.5458152,-3.07913,1.5209845,2.8313532,1.2335025,-1.1447887,-1.8353733,-2.1869817,-1.708128,-2.318797,3.3586838,2.2026248,2.0560293,3.156059,2.122164,-0.1101231,1.5554115,1.7113767,1.4776245,2.674203,-2.0649226,1.5106821,1.8212308,-1.8157414,-2.0142732,-1.8203242,-0.98835355,2.2762747,2.3423116,-1.4312515,2.7776587,0.47643292,-2.440077,-1.0460385,1.8451803,-0.9759754,2.2791722,0.29506811,-2.1387508,-2.0353281,-1.7619077,0.59474456,2.6648214,2.171586,-1.3042938,-1.7525473,1.5784298,1.9384408,-0.9566638,0.24485657,-1.4807249,2.118638,-1.1060988,-1.8781717,1.7363013,-2.6837893,1.1684245,-1.2973831,-2.0165663,-2.224942,1.5302985,-2.1996078,1.5107714,1.9839025,-2.3430068,0.793905,-2.4523969,-1.2170687,-2.5104449,-1.3697602,2.1256974,1.976149,0.119335644,-1.7121216,-1.9265735,-0.57608473,-3.3402555,-1.9085901,-0.24775766,2.277333,1.8824217,2.8678906,-1.8452473,-1.7210442,-1.3009497,-2.9003792,-2.0176575
cholangiocellular carcinoma cancer,4.6105566,3.8362293,6.482644,4.1766787,11.181232,4.713262,-8.155734,-4.6246786,-2.1142876,5.697834,7.606045,-0.64956075,-5.2050133,3.7751892,-6.239623,9.205602,-7.7828465,7.0300875,4.8036394,7.381895,10.6621685,-1.1474617,-6.2562175,-5.0713162,10.908337,-10.233608,11.497476,-9.10671,-3.3860161,-12.442278,-7.247041,5.5384192,-7.4770546,6.365851,-5.95966,-8.95374,7.7842417,1.2874323,10.634416,-13.280587,1.2337946,9.055423,-10.967295,5.3886414,10.080544,4.3522506,-4.0271235,-6.498178,-7.765807,-6.0406804,-8.244036,11.96854,7.820357,7.303522,11.238112,7.535699,-0.33996174,5.51981,6.069472,5.2270904,9.514087,-7.3366733,5.3440375,6.4551687,-6.44096,-7.145046,-6.452315,-3.4771707,8.083846,8.324222,-5.061072,9.887387,1.64674,-8.6726465,-3.6868765,6.5439644,-3.4414427,8.101315,0.99870074,-7.6081243,-7.2275186,-6.227637,2.0815935,9.481887,7.7108374,-4.6091237,-6.2006693,5.569419,6.8751817,-3.367088,0.8311749,-5.270959,7.528201,-3.8880627,-6.695309,6.1620727,-9.550091,4.122615,-4.5884447,-7.1642466,-7.908746,5.4240246,-7.8210344,5.3432903,7.03299,-8.332535,2.786953,-8.70866,-4.3005915,-8.929028,-4.8459306,7.5491548,6.996569,0.38066334,-6.066403,-6.8414745,-2.010677,-11.896452,-6.7599063,-0.82699394,8.094251,6.689518,10.199466,-6.5436125,-6.082432,-4.5790834,-10.327534,-7.144268
diffuse large B-cell lymphoma cancer,2.1286402,1.7757338,2.9924912,1.9234942,5.1409883,2.174423,-3.7506633,-2.1303794,-0.97665703,2.6259863,3.5058177,-0.28247377,-2.3787997,1.7484508,-2.8647058,4.237202,-3.5763621,3.233792,2.2197306,3.404291,4.901481,-0.5166754,-2.8840623,-2.3376057,5.0110564,-4.7004247,5.2859983,-4.187914,-1.5591722,-5.7228246,-3.3357239,2.5612895,-3.4444375,2.9349673,-2.7520218,-4.107329,3.5851758,0.5961142,4.8923244,-6.095807,0.57373023,4.1661477,-5.0415144,2.4818342,4.634709,2.0102866,-1.8660156,-3.0002942,-3.5761688,-2.7887793,-3.7897532,5.5024214,3.6060266,3.359263,5.168935,3.4727411,-0.16336884,2.534143,2.7931101,2.4104564,4.3774467,-3.3743265,2.465132,2.9778395,-2.9662776,-3.292195,-2.976626,-1.6087915,3.725104,3.8308163,-2.3331013,4.5463724,0.7660215,-3.9944813,-1.7010398,3.0135787,-1.5860027,3.7232888,0.47027606,-3.4913735,-3.326655,-2.8745043,0.96407527,4.362922,3.5507603,-2.1250744,-2.8606405,2.573676,3.1657946,-1.5563545,0.3913213,-2.4232361,3.4630005,-1.8039978,-3.076304,2.8331757,-4.3908224,1.9028504,-2.113466,-3.2937353,-3.6362865,2.494261,-3.594023,2.4679596,3.2442646,-3.8297565,1.2847983,-4.0102363,-1.9814832,-4.1052933,-2.2331448,3.4736338,3.2275789,0.18414931,-2.795764,-3.1450493,-0.92895514,-5.472618,-3.1171918,-0.39017513,3.7245767,3.0699887,4.691557,-3.0158055,-2.8079374,-2.1214578,-4.74416,-3.2917707
rhabdomyosarcomas cancer,2.320326,1.932825,3.2584708,2.0995932,5.608496,2.371826,-4.09368,-2.325526,-1.067876,2.8637764,3.8204815,-0.3128586,-2.5986273,1.9031115,-3.1317453,4.620137,-3.9055667,3.5303483,2.4177105,3.7091057,5.3481297,-0.56308377,-3.1436777,-2.5496404,5.470671,-5.132773,5.7675686,-4.571097,-1.7036219,-6.239827,-3.6396375,2.7870731,-3.7548249,3.199591,-2.9977355,-4.4899015,3.9108663,0.65207165,5.335497,-6.6569405,0.62749,4.5442886,-5.500768,2.7080455,5.056764,2.1911912,-2.0300221,-3.2674239,-3.8999941,-3.0385857,-4.1376686,6.002065,3.9280467,3.6666114,5.637491,3.7843635,-0.18018675,2.7716935,3.0490427,2.6288831,4.774353,-3.6830993,2.6875145,3.2441523,-3.2356794,-3.5896552,-3.2427783,-1.752573,4.059804,4.178827,-2.5455074,4.9603047,0.83540887,-4.353884,-1.8567173,3.2878015,-1.7324483,4.066115,0.5112038,-3.816844,-3.6291547,-3.1330757,1.0510244,4.7577972,3.8721335,-2.3186374,-3.1181204,2.8040233,3.4541001,-1.6966128,0.4248257,-2.6442742,3.7791219,-1.9609296,-3.3570812,3.094481,-4.7915173,2.0752935,-2.3074315,-3.5964746,-3.9694812,2.7252657,-3.924853,2.687629,3.534301,-4.1813364,1.405174,-4.373322,-2.1635547,-4.4806733,-2.4368799,3.790542,3.517845,0.19961137,-3.048891,-3.435011,-1.016021,-5.9674516,-3.3980415,-0.4254548,4.0629945,3.3573709,5.1185403,-3.287672,-3.0600393,-2.3077917,-5.1801786,-3.5914028
serous ovarian cancers cancer,2.0262675,1.6910479,2.8493028,1.8296802,4.891229,2.0691085,-3.5677788,-2.0265746,-0.9285757,2.498853,3.337101,-0.26655084,-2.2614017,1.6651561,-2.7232475,4.0322213,-3.4012828,3.0760882,2.1133122,3.2406278,4.662989,-0.49123466,-2.7447956,-2.2242672,4.7662225,-4.4705534,5.028983,-3.9838724,-1.4826362,-5.4456687,-3.173812,2.4396577,-3.2781236,2.7931411,-2.6200998,-3.9045632,3.4114907,0.5666409,4.6553826,-5.797252,0.5455395,3.9639378,-4.7962384,2.3610706,4.409228,1.9136882,-1.777467,-2.856712,-3.4032261,-2.6549022,-3.6048145,5.235191,3.4331052,3.195362,4.9182696,3.305335,-0.1550756,2.4088333,2.656931,2.2940414,4.1653543,-3.2098246,2.3460872,2.834715,-2.822451,-3.1331537,-2.83371,-1.5317764,3.5458033,3.6449578,-2.219948,4.325279,0.72908384,-3.801763,-1.6185223,2.8674698,-1.5083747,3.5410948,0.44853473,-3.3189864,-3.1650038,-2.7361205,0.91758627,4.1514845,3.3787434,-2.0218627,-2.7226152,2.4503388,3.0122309,-1.4813739,0.37317353,-2.305273,3.2943332,-1.7192297,-2.92653,2.694357,-4.1769376,1.8108486,-2.0103927,-3.1326873,-3.4587517,2.3719945,-3.4180448,2.3497217,3.0883436,-3.6425366,1.2214156,-3.8162003,-1.8849902,-3.9051402,-2.124756,3.304643,3.0723083,0.17603165,-2.6604614,-2.9910908,-0.88320124,-5.2076693,-2.96675,-0.3717485,3.5436316,2.9182954,4.463438,-2.870064,-2.6727207,-2.020839,-4.5122356,-3.13204
myeloma cancer,1.8715923,1.5595235,2.6259618,1.6933489,4.5170803,1.9135455,-3.2987692,-1.8758363,-0.8638603,2.3088017,3.0783377,-0.24755163,-2.0885975,1.5359602,-2.5247636,3.7216527,-3.147234,2.8456144,1.949994,2.9890282,4.3076324,-0.44802603,-2.5338686,-2.0560012,4.4065986,-4.1347995,4.6455503,-3.6834197,-1.3750118,-5.0243936,-2.933344,2.2469072,-3.0254138,2.5793824,-2.4169836,-3.6177835,3.1523638,0.528404,4.2972946,-5.361058,0.5095361,3.6607897,-4.4303646,2.183515,4.0730953,1.767767,-1.6381085,-2.633719,-3.1426537,-2.4500997,-3.334184,4.833378,3.1645513,2.9550102,4.540331,3.0490582,-0.14978413,2.2351875,2.4581358,2.120029,3.8458357,-2.9681425,2.1672046,2.6146243,-2.6080637,-2.8931038,-2.6134493,-1.4145914,3.2708893,3.3670154,-2.0531645,3.99554,0.6769424,-3.5073783,-1.4987011,2.650248,-1.398554,3.2768939,0.4156619,-3.0762596,-2.9246926,-2.526763,0.84940517,3.8323357,3.1202765,-1.870471,-2.5142682,2.2619596,2.7842991,-1.3695308,0.3451724,-2.1300268,3.0453553,-1.5822514,-2.7034314,2.4947438,-3.8600209,1.674517,-1.8613628,-2.8986304,-3.1987414,2.1977806,-3.1628509,2.1668684,2.8483527,-3.3692381,1.1356984,-3.5240505,-1.7456127,-3.6100788,-1.9654179,3.0548444,2.8360562,0.16416863,-2.457955,-2.7688847,-0.8221455,-4.805644,-2.7394166,-0.34716615,3.2736619,2.706657,4.123739,-2.6498218,-2.4678822,-1.8620061,-4.173063,-2.8959734
testicular cancer,3.0236833,2.5216703,4.2568517,2.73146,7.3164744,3.0869663,-5.3330445,-3.024752,-1.3802644,3.7319922,4.9876018,-0.41058582,-3.3940785,2.4820461,-4.0689816,6.029557,-5.084512,4.5963044,3.153553,4.8422084,6.974666,-0.74808747,-4.100429,-3.3208728,7.129081,-6.6861644,7.5218573,-5.9551783,-2.2112465,-8.14794,-4.7427645,3.6423655,-4.899788,4.1716514,-3.91186,-5.8386464,5.0966954,0.8401155,6.9630823,-8.674306,0.80623645,5.9272456,-7.174451,3.5259025,6.5946894,2.8548396,-2.6499119,-4.266691,-5.0864344,-3.9635534,-5.3887486,7.8325,5.13184,4.7754636,7.356849,4.94057,-0.22100879,3.5977705,3.9688003,3.424652,6.229017,-4.797455,3.502425,4.2349286,-4.216841,-4.681374,-4.2335734,-2.2832258,5.300281,5.448784,-3.3133583,6.4687734,1.0805113,-5.6841044,-2.4131718,4.283778,-2.2488537,5.2928295,0.66088825,-4.9611154,-4.730007,-4.0838885,1.365299,6.208548,5.0496573,-3.0170202,-4.0648417,3.6556787,4.500085,-2.2080908,0.5503796,-3.4476533,4.9240246,-2.5629673,-4.37871,4.025146,-6.246052,2.7010832,-3.0003784,-4.6817346,-5.170081,3.542049,-5.109382,3.5082595,4.614104,-5.445491,1.818112,-5.703699,-2.8124902,-5.8386207,-3.1716843,4.938686,4.58813,0.25470516,-3.9735599,-4.469356,-1.3123028,-7.7905183,-4.4307647,-0.5450096,5.297401,4.3606544,6.6735616,-4.2879186,-3.989121,-3.013309,-6.7482467,-4.6766257
primary papillary thyroid carcinomas cancer,3.1843722,2.6528533,4.4783406,2.8810112,7.7097974,3.2537653,-5.623204,-3.1903348,-1.4592037,3.9323304,5.2506175,-0.437755,-3.580224,2.6111712,-4.2976685,6.3507843,-5.3638744,4.847277,3.3193128,5.097024,7.3510695,-0.78583425,-4.3186,-3.499955,7.5178227,-7.052077,7.9273458,-6.2788763,-2.3348749,-8.581571,-4.998757,3.8292418,-5.1600657,4.394307,-4.117134,-6.1654735,5.3707643,0.8890985,7.334871,-9.149429,0.85336685,6.2455206,-7.5613756,3.7174811,6.950448,3.006485,-2.7862792,-4.489262,-5.358196,-4.1724954,-5.6829476,8.252616,5.3999567,5.0357976,7.7504787,5.201623,-0.23723276,3.8014338,4.1855803,3.6082394,6.5622683,-5.058617,3.6895847,4.457691,-4.4438133,-4.9310513,-4.455857,-2.4036953,5.5798893,5.7416954,-3.4927807,6.8175645,1.1400312,-5.985019,-2.544905,4.514688,-2.3739643,5.583658,0.69504803,-5.239461,-4.9853153,-4.300889,1.4390918,6.540359,5.320119,-3.180943,-4.28139,3.8483348,4.7429457,-2.3263478,0.5785369,-3.6340659,5.1912236,-2.6920455,-4.6151724,4.2474475,-6.584366,2.8466225,-3.1650932,-4.938541,-5.4522586,3.738662,-5.390234,3.691801,4.856678,-5.743468,1.9220343,-6.0086403,-2.9668417,-6.1559157,-3.34378,5.206293,4.831087,0.26766217,-4.186683,-4.7156,-1.3876882,-8.205452,-4.6667304,-0.5754139,5.5827456,4.6065793,7.03363,-4.5164676,-4.2009363,-3.168067,-7.1172223,-4.9296074
