Label,Average Score,Standard Deviation,Number of Nodes
0,0.3663385,0.16594593,149
1,0.6223412,0.23700957,221
2,0.99528223,0.003096309,7
3,0.43678564,0.20946248,1602
